query,domain,source,source_category,source_intent,human_priority,human_queue
new business acount for wife,account_access,ds2_bitext,ACCOUNT,create_account,,
how to open a different fucking business account for my father?,account_access,ds2_bitext,ACCOUNT,create_account,,
i have a problem with creating a freemium account,account_access,ds2_bitext,ACCOUNT,create_account,,
i need assistance creating a platinum account,account_access,ds2_bitext,ACCOUNT,create_account,,
i want help to create a standard account,account_access,ds2_bitext,ACCOUNT,create_account,,
I try to create a pro account for my daughter,account_access,ds2_bitext,ACCOUNT,create_account,,
how to open a premium account?,account_access,ds2_bitext,ACCOUNT,create_account,,
need assistance creating a freemium account,account_access,ds2_bitext,ACCOUNT,create_account,,
where can I get information about opening standard accounts?,account_access,ds2_bitext,ACCOUNT,create_account,,
I want assistance creatinga standard account,account_access,ds2_bitext,ACCOUNT,create_account,,
I don't know what to do to create a pro account,account_access,ds2_bitext,ACCOUNT,create_account,,
"I want astandard account, could I open it?",account_access,ds2_bitext,ACCOUNT,create_account,,
how can i get information about creating a business account,account_access,ds2_bitext,ACCOUNT,create_account,,
opneing new business account for daughter,account_access,ds2_bitext,ACCOUNT,create_account,,
is it possible to create a freemium account?,account_access,ds2_bitext,ACCOUNT,create_account,,
information about opening standard accounts,account_access,ds2_bitext,ACCOUNT,create_account,,
i want help to open a standard account for my dad,account_access,ds2_bitext,ACCOUNT,create_account,,
help me create a business account,account_access,ds2_bitext,ACCOUNT,create_account,,
I want help creating a new damn standard account,account_access,ds2_bitext,ACCOUNT,create_account,,
iwant a freemium account for my husband open it,account_access,ds2_bitext,ACCOUNT,create_account,,
I don't know how to open a freemium account,account_access,ds2_bitext,ACCOUNT,create_account,,
new bloody business account for father,account_access,ds2_bitext,ACCOUNT,create_account,,
where do I open a standard account?,account_access,ds2_bitext,ACCOUNT,create_account,,
another freemium account for father,account_access,ds2_bitext,ACCOUNT,create_account,,
I do not know what to do to create a business account for my dad,account_access,ds2_bitext,ACCOUNT,create_account,,
I don't know how I can create a business account for my dad,account_access,ds2_bitext,ACCOUNT,create_account,,
I need help creating a premium account for my daughter,account_access,ds2_bitext,ACCOUNT,create_account,,
i need information about opening platinum accounts,account_access,ds2_bitext,ACCOUNT,create_account,,
can I create a different bloody business account for my father?,account_access,ds2_bitext,ACCOUNT,create_account,,
I want information about opening a standard account,account_access,ds2_bitext,ACCOUNT,create_account,,
I have a question about opening standard accounts,account_access,ds2_bitext,ACCOUNT,create_account,,
I habe problems with creating a business account,account_access,ds2_bitext,ACCOUNT,create_account,,
I want assistance to create a gold account for my daughter,account_access,ds2_bitext,ACCOUNT,create_account,,
"I want to open a business account for my son, how can I do it?",account_access,ds2_bitext,ACCOUNT,create_account,,
open gold account for wife,account_access,ds2_bitext,ACCOUNT,create_account,,
help me opening a pro account for my fiance,account_access,ds2_bitext,ACCOUNT,create_account,,
i dont know how i can create a freemium account,account_access,ds2_bitext,ACCOUNT,create_account,,
give me information about opening business accounts,account_access,ds2_bitext,ACCOUNT,create_account,,
can you help me create a premium account?,account_access,ds2_bitext,ACCOUNT,create_account,,
another standard accounmt for father,account_access,ds2_bitext,ACCOUNT,create_account,,
"I have not signed up, help opening a standard account",account_access,ds2_bitext,ACCOUNT,create_account,,
open a standard account for my dad,account_access,ds2_bitext,ACCOUNT,create_account,,
can ya help me to create a platinum account for my fiance,account_access,ds2_bitext,ACCOUNT,create_account,,
Iam looking for information about opening a standard account,account_access,ds2_bitext,ACCOUNT,create_account,,
what do i have to do to open a standard account,account_access,ds2_bitext,ACCOUNT,create_account,,
i havent signed up yet how do i open a business account wirh you,account_access,ds2_bitext,ACCOUNT,create_account,,
open another freemium account for mum,account_access,ds2_bitext,ACCOUNT,create_account,,
I need information about opening a business account,account_access,ds2_bitext,ACCOUNT,create_account,,
i do not know what i have to do to create a standard account,account_access,ds2_bitext,ACCOUNT,create_account,,
I want to know more about opening business accounts,account_access,ds2_bitext,ACCOUNT,create_account,,
i do not have a business account want help signing up,account_access,ds2_bitext,ACCOUNT,create_account,,
"I haven't signed up yet, help me to create a pro account",account_access,ds2_bitext,ACCOUNT,create_account,,
where to create a pro account?,account_access,ds2_bitext,ACCOUNT,create_account,,
i do not know how to create a standard account for my dad,account_access,ds2_bitext,ACCOUNT,create_account,,
i have a question about creating a business account,account_access,ds2_bitext,ACCOUNT,create_account,,
could I open a standard account?,account_access,ds2_bitext,ACCOUNT,create_account,,
new bloody standard account for father,account_access,ds2_bitext,ACCOUNT,create_account,,
open a pro account for my dad,account_access,ds2_bitext,ACCOUNT,create_account,,
i have problems with opening a premium account,account_access,ds2_bitext,ACCOUNT,create_account,,
open freemium cacount for wife,account_access,ds2_bitext,ACCOUNT,create_account,,
i have problems with opening a freemium account,account_access,ds2_bitext,ACCOUNT,create_account,,
problem with creating a gold account,account_access,ds2_bitext,ACCOUNT,create_account,,
i try to open a standard account,account_access,ds2_bitext,ACCOUNT,create_account,,
help me to open a business account,account_access,ds2_bitext,ACCOUNT,create_account,,
have problems with creating my standard account,account_access,ds2_bitext,ACCOUNT,create_account,,
i aint registered yet could i create a bloody gold acocunt,account_access,ds2_bitext,ACCOUNT,create_account,,
create new standard account for daughter,account_access,ds2_bitext,ACCOUNT,create_account,,
I would like to create a freemium account for my dad,account_access,ds2_bitext,ACCOUNT,create_account,,
i dont know what i have to do to open a premium account,account_access,ds2_bitext,ACCOUNT,create_account,,
open platinum account for wife,account_access,ds2_bitext,ACCOUNT,create_account,,
could you help me create a business account for my daughter?,account_access,ds2_bitext,ACCOUNT,create_account,,
another standard account for father,account_access,ds2_bitext,ACCOUNT,create_account,,
create new business account for daughter,account_access,ds2_bitext,ACCOUNT,create_account,,
open a business account for my dad,account_access,ds2_bitext,ACCOUNT,create_account,,
I have a problem with opening my premium account,account_access,ds2_bitext,ACCOUNT,create_account,,
"I do not have a freemium account, I try to register",account_access,ds2_bitext,ACCOUNT,create_account,,
open nw standard account for daughter,account_access,ds2_bitext,ACCOUNT,create_account,,
open standard cacount for wife,account_access,ds2_bitext,ACCOUNT,create_account,,
want help to open a business account for my dad,account_access,ds2_bitext,ACCOUNT,create_account,,
what do i have to do to creare a business account for my daughter,account_access,ds2_bitext,ACCOUNT,create_account,,
i try to create a damn standard account,account_access,ds2_bitext,ACCOUNT,create_account,,
opneing new standard account for daughter,account_access,ds2_bitext,ACCOUNT,create_account,,
can I open a standard account for my daughter?,account_access,ds2_bitext,ACCOUNT,create_account,,
"I don't have a standard account, how could I register?",account_access,ds2_bitext,ACCOUNT,create_account,,
tell me more about opening premium accounts,account_access,ds2_bitext,ACCOUNT,create_account,,
I have a question about opening standard accounts,account_access,ds2_bitext,ACCOUNT,create_account,,
I have to create a business acocunt for my fiance,account_access,ds2_bitext,ACCOUNT,create_account,,
can I open a freemium account?,account_access,ds2_bitext,ACCOUNT,create_account,,
i have a problem with creating a standard account,account_access,ds2_bitext,ACCOUNT,create_account,,
where to open a standard account?,account_access,ds2_bitext,ACCOUNT,create_account,,
i want assistance opening a business account for my dad,account_access,ds2_bitext,ACCOUNT,create_account,,
I don't know how to open a platinum account for my dad,account_access,ds2_bitext,ACCOUNT,create_account,,
i want assistance creating a pro account,account_access,ds2_bitext,ACCOUNT,create_account,,
I want assistance to open a business account for my fiance,account_access,ds2_bitext,ACCOUNT,create_account,,
creating new premium account for daughter,account_access,ds2_bitext,ACCOUNT,create_account,,
i need assistance to open a standard account for my dad,account_access,ds2_bitext,ACCOUNT,create_account,,
I don't know what to do to create a business account,account_access,ds2_bitext,ACCOUNT,create_account,,
I don't know what to do to create a standard account,account_access,ds2_bitext,ACCOUNT,create_account,,
open business account for wife,account_access,ds2_bitext,ACCOUNT,create_account,,
wanna open a pro account for my fiance,account_access,ds2_bitext,ACCOUNT,create_account,,
i dont know how to open a standard account for my daughter,account_access,ds2_bitext,ACCOUNT,create_account,,
"I am not registered, can you help me create a business account?",account_access,ds2_bitext,ACCOUNT,create_account,,
assistance creating a platinum account,account_access,ds2_bitext,ACCOUNT,create_account,,
i have a questio about creating platinum accounts,account_access,ds2_bitext,ACCOUNT,create_account,,
how do I create a platinum account?,account_access,ds2_bitext,ACCOUNT,create_account,,
open a gold account for my dad,account_access,ds2_bitext,ACCOUNT,create_account,,
i want help to create a standard account,account_access,ds2_bitext,ACCOUNT,create_account,,
where could I open a premium account for my fiance?,account_access,ds2_bitext,ACCOUNT,create_account,,
i have a questio about creating gold accounts,account_access,ds2_bitext,ACCOUNT,create_account,,
need assistance with opening a business account,account_access,ds2_bitext,ACCOUNT,create_account,,
where can I create a freemium account?,account_access,ds2_bitext,ACCOUNT,create_account,,
what do I need to do to open a platinum account for my dad?,account_access,ds2_bitext,ACCOUNT,create_account,,
another standard account for father,account_access,ds2_bitext,ACCOUNT,create_account,,
where to create a standard account,account_access,ds2_bitext,ACCOUNT,create_account,,
I have a problem with creating a standard account,account_access,ds2_bitext,ACCOUNT,create_account,,
would it be possible to open a business account for my daughter?,account_access,ds2_bitext,ACCOUNT,create_account,,
create standard account for wife,account_access,ds2_bitext,ACCOUNT,create_account,,
i want information about creating a standard account,account_access,ds2_bitext,ACCOUNT,create_account,,
where to create a freemium account?,account_access,ds2_bitext,ACCOUNT,create_account,,
nmeed help opening a premium account,account_access,ds2_bitext,ACCOUNT,create_account,,
i have got to create a business account for my dad,account_access,ds2_bitext,ACCOUNT,create_account,,
i need assistance creating a business account for my dad,account_access,ds2_bitext,ACCOUNT,create_account,,
can ya help me to open a gold account for my dad,account_access,ds2_bitext,ACCOUNT,create_account,,
i have problems with opening a standard account,account_access,ds2_bitext,ACCOUNT,create_account,,
I need assistance with opening a standard account,account_access,ds2_bitext,ACCOUNT,create_account,,
can ya help me to open an platinum account,account_access,ds2_bitext,ACCOUNT,create_account,,
how do I create a premium account?,account_access,ds2_bitext,ACCOUNT,create_account,,
help me to create a standard account,account_access,ds2_bitext,ACCOUNT,create_account,,
i want help to create a different damn platinum account,account_access,ds2_bitext,ACCOUNT,create_account,,
"I have to create a platinum account, help me",account_access,ds2_bitext,ACCOUNT,create_account,,
could you help me creating a new bloody freemium account?,account_access,ds2_bitext,ACCOUNT,create_account,,
"I do not have a business account yet, I try to register",account_access,ds2_bitext,ACCOUNT,create_account,,
I would like to create a freemium account,account_access,ds2_bitext,ACCOUNT,create_account,,
I'm not registered i want assistance creating a business account,account_access,ds2_bitext,ACCOUNT,create_account,,
open a damn business account for my father,account_access,ds2_bitext,ACCOUNT,create_account,,
i do not kow how i can create a business account,account_access,ds2_bitext,ACCOUNT,create_account,,
i need assistance with creating a freemium acount,account_access,ds2_bitext,ACCOUNT,create_account,,
have a question about opening business accounts,account_access,ds2_bitext,ACCOUNT,create_account,,
"I want to open a new goddamn business account, how do I do it?",account_access,ds2_bitext,ACCOUNT,create_account,,
could you help me to create a standard account?,account_access,ds2_bitext,ACCOUNT,create_account,,
i need assistance to create a platinum accountt,account_access,ds2_bitext,ACCOUNT,create_account,,
can i open a business account for mh dad,account_access,ds2_bitext,ACCOUNT,create_account,,
I don't know how I can create a business account,account_access,ds2_bitext,ACCOUNT,create_account,,
I want to open an business account,account_access,ds2_bitext,ACCOUNT,create_account,,
how to create a standard account,account_access,ds2_bitext,ACCOUNT,create_account,,
how do i create a freemium account,account_access,ds2_bitext,ACCOUNT,create_account,,
I need help to create a standard account,account_access,ds2_bitext,ACCOUNT,create_account,,
where do I open a business account?,account_access,ds2_bitext,ACCOUNT,create_account,,
opening new freemium account for daughter,account_access,ds2_bitext,ACCOUNT,create_account,,
i want help creating a business account for my dad,account_access,ds2_bitext,ACCOUNT,create_account,,
want help opening a standard account,account_access,ds2_bitext,ACCOUNT,create_account,,
"I ain't registered, help opening a standard account with you",account_access,ds2_bitext,ACCOUNT,create_account,,
could utell me more about creating business accounts,account_access,ds2_bitext,ACCOUNT,create_account,,
i want information about creating freemium accounts,account_access,ds2_bitext,ACCOUNT,create_account,,
could you tell me more about opening platinum accounts?,account_access,ds2_bitext,ACCOUNT,create_account,,
new platinum account for wife,account_access,ds2_bitext,ACCOUNT,create_account,,
need assistance to open a standard account for my dad,account_access,ds2_bitext,ACCOUNT,create_account,,
need help with creating my standard account,account_access,ds2_bitext,ACCOUNT,create_account,,
help me create a new fucking standard account,account_access,ds2_bitext,ACCOUNT,create_account,,
I need information about opening premium accounts,account_access,ds2_bitext,ACCOUNT,create_account,,
I want help to open a business account,account_access,ds2_bitext,ACCOUNT,create_account,,
I'm looking for information about creating standard accounts,account_access,ds2_bitext,ACCOUNT,create_account,,
create standard account for wife,account_access,ds2_bitext,ACCOUNT,create_account,,
I have problems with opening a standard account,account_access,ds2_bitext,ACCOUNT,create_account,,
i aint registered i have to open a standard account with you,account_access,ds2_bitext,ACCOUNT,create_account,,
opening new standard account for daughter,account_access,ds2_bitext,ACCOUNT,create_account,,
I have got to create a pro account,account_access,ds2_bitext,ACCOUNT,create_account,,
i have a problem with opening a business account,account_access,ds2_bitext,ACCOUNT,create_account,,
opening new premium account for daughter,account_access,ds2_bitext,ACCOUNT,create_account,,
I want assisrance to open a standard account,account_access,ds2_bitext,ACCOUNT,create_account,,
want help creating a standard account,account_access,ds2_bitext,ACCOUNT,create_account,,
open standard cacount for wife,account_access,ds2_bitext,ACCOUNT,create_account,,
i do not know what to do to open a pro account for my fiance,account_access,ds2_bitext,ACCOUNT,create_account,,
can you help me create a freemium account?,account_access,ds2_bitext,ACCOUNT,create_account,,
create new platinum account for daughter,account_access,ds2_bitext,ACCOUNT,create_account,,
problem with opening a standard account,account_access,ds2_bitext,ACCOUNT,create_account,,
i need assistance to create a business account,account_access,ds2_bitext,ACCOUNT,create_account,,
i have a problem with opening a standard account,account_access,ds2_bitext,ACCOUNT,create_account,,
i have to create a business account i need help,account_access,ds2_bitext,ACCOUNT,create_account,,
I want to know more about creating a standard account,account_access,ds2_bitext,ACCOUNT,create_account,,
I have problem with creating a standard account,account_access,ds2_bitext,ACCOUNT,create_account,,
open business cacount for wife,account_access,ds2_bitext,ACCOUNT,create_account,,
i do not know what to do to open a standard account,account_access,ds2_bitext,ACCOUNT,create_account,,
I want information about opening platinum accounts,account_access,ds2_bitext,ACCOUNT,create_account,,
open premium account for wife,account_access,ds2_bitext,ACCOUNT,create_account,,
i cannot create a platinum account,account_access,ds2_bitext,ACCOUNT,create_account,,
i need assistace opening a standard account for my daughter,account_access,ds2_bitext,ACCOUNT,create_account,,
I can't create a standard account,account_access,ds2_bitext,ACCOUNT,create_account,,
how can I create a standard account?,account_access,ds2_bitext,ACCOUNT,create_account,,
could you help me to open a premium account?,account_access,ds2_bitext,ACCOUNT,create_account,,
opening new pro account for daughter,account_access,ds2_bitext,ACCOUNT,create_account,,
what do i need to do to create a standard account,account_access,ds2_bitext,ACCOUNT,create_account,,
i do not have a business account ned help creating one,account_access,ds2_bitext,ACCOUNT,create_account,,
can I open a gold account for my daughter?,account_access,ds2_bitext,ACCOUNT,create_account,,
help me to create a premium account,account_access,ds2_bitext,ACCOUNT,create_account,,
I have a question about opening freemium accounts,account_access,ds2_bitext,ACCOUNT,create_account,,
I have to create a business account for my fiance,account_access,ds2_bitext,ACCOUNT,create_account,,
I do not know how to create a standard account,account_access,ds2_bitext,ACCOUNT,create_account,,
"I haven't signed up, I need to create a standard account",account_access,ds2_bitext,ACCOUNT,create_account,,
help me to open a gold account for my daughter,account_access,ds2_bitext,ACCOUNT,create_account,,
wanna know more about opening freemium accounts,account_access,ds2_bitext,ACCOUNT,create_account,,
I need assistance creating a business account for my dad,account_access,ds2_bitext,ACCOUNT,create_account,,
could you help me opening a gold account?,account_access,ds2_bitext,ACCOUNT,create_account,,
i need a business account could i openm it,account_access,ds2_bitext,ACCOUNT,create_account,,
problems wiuth creating a standard account,account_access,ds2_bitext,ACCOUNT,create_account,,
wann open a premium account how can i do it,account_access,ds2_bitext,ACCOUNT,create_account,,
wanna create a standard account,account_access,ds2_bitext,ACCOUNT,create_account,,
i dont have a standard account eyt i need to sign up,account_access,ds2_bitext,ACCOUNT,create_account,,
I'm trying to find information about creating users,account_access,ds2_bitext,ACCOUNT,create_account,,
I don't know how I can create a premium account,account_access,ds2_bitext,ACCOUNT,create_account,,
i dfo not know what i have to do to create a business account,account_access,ds2_bitext,ACCOUNT,create_account,,
i do not have a goddamn pro acciunt yet help to create one,account_access,ds2_bitext,ACCOUNT,create_account,,
"I want to create another bloody business account, I need help",account_access,ds2_bitext,ACCOUNT,create_account,,
i need assistance to open a pro account for my dad,account_access,ds2_bitext,ACCOUNT,create_account,,
open a platinum acount for my dad,account_access,ds2_bitext,ACCOUNT,create_account,,
what do i have to do to open a business account,account_access,ds2_bitext,ACCOUNT,create_account,,
open standard account for wife,account_access,ds2_bitext,ACCOUNT,create_account,,
"I don't have a pro account, can you help me to open one?",account_access,ds2_bitext,ACCOUNT,create_account,,
want help oopening a business account,account_access,ds2_bitext,ACCOUNT,create_account,,
new standard acount for wife,account_access,ds2_bitext,ACCOUNT,create_account,,
i want help to create a standard account,account_access,ds2_bitext,ACCOUNT,create_account,,
open a platinum account for my dad,account_access,ds2_bitext,ACCOUNT,create_account,,
I want help creating a pro account,account_access,ds2_bitext,ACCOUNT,create_account,,
find information about opening business accounts,account_access,ds2_bitext,ACCOUNT,create_account,,
I want help to open a premium account for my dad,account_access,ds2_bitext,ACCOUNT,create_account,,
I want a standard account,account_access,ds2_bitext,ACCOUNT,create_account,,
can ya tell me more about opening platinum accounts,account_access,ds2_bitext,ACCOUNT,create_account,,
i need assistance creating a business account,account_access,ds2_bitext,ACCOUNT,create_account,,
I do not know how to open a damn freemium account,account_access,ds2_bitext,ACCOUNT,create_account,,
what do I need to do to create a standard account?,account_access,ds2_bitext,ACCOUNT,create_account,,
help me creating a standard account for my daughter,account_access,ds2_bitext,ACCOUNT,create_account,,
new premium account for wife,account_access,ds2_bitext,ACCOUNT,create_account,,
I do not know what to do to create a business account,account_access,ds2_bitext,ACCOUNT,create_account,,
I don't know what I have to do to open a business account,account_access,ds2_bitext,ACCOUNT,create_account,,
I want to know more about opening a standard account,account_access,ds2_bitext,ACCOUNT,create_account,,
I need help to create a standard account,account_access,ds2_bitext,ACCOUNT,create_account,,
new freemium acount for wife,account_access,ds2_bitext,ACCOUNT,create_account,,
can you help me to open a freemium account?,account_access,ds2_bitext,ACCOUNT,create_account,,
new business acount for wife,account_access,ds2_bitext,ACCOUNT,create_account,,
can uhelp me to create a standard account,account_access,ds2_bitext,ACCOUNT,create_account,,
want assistance opening a standard account for my dad,account_access,ds2_bitext,ACCOUNT,create_account,,
I try to open a standard account,account_access,ds2_bitext,ACCOUNT,create_account,,
I want help opening a standard account for my daughter,account_access,ds2_bitext,ACCOUNT,create_account,,
help with creating a standard account,account_access,ds2_bitext,ACCOUNT,create_account,,
"I want a platinum account for my son, I want to create it",account_access,ds2_bitext,ACCOUNT,create_account,,
can I create a gold account?,account_access,ds2_bitext,ACCOUNT,create_account,,
need to create a freemium account for my fiance,account_access,ds2_bitext,ACCOUNT,create_account,,
new platinum acount for wife,account_access,ds2_bitext,ACCOUNT,create_account,,
help me creating a business account,account_access,ds2_bitext,ACCOUNT,create_account,,
want assistance opening a premium account,account_access,ds2_bitext,ACCOUNT,create_account,,
whatdo i have to do to create a goddamn business account,account_access,ds2_bitext,ACCOUNT,create_account,,
i do not know how i could create a business account,account_access,ds2_bitext,ACCOUNT,create_account,,
i want a standard account for my dad how can i ceeate it,account_access,ds2_bitext,ACCOUNT,create_account,,
I do not know how to open a business account for my daughter,account_access,ds2_bitext,ACCOUNT,create_account,,
is it possible to open a business account for my fiance?,account_access,ds2_bitext,ACCOUNT,create_account,,
how could I get information about opening standard accounts?,account_access,ds2_bitext,ACCOUNT,create_account,,
need to create an standard account,account_access,ds2_bitext,ACCOUNT,create_account,,
where can I get information about opening a pro account?,account_access,ds2_bitext,ACCOUNT,create_account,,
new standard account for wife,account_access,ds2_bitext,ACCOUNT,create_account,,
i aint registered yet assistance creating a business account,account_access,ds2_bitext,ACCOUNT,create_account,,
I have got to create a platinum account,account_access,ds2_bitext,ACCOUNT,create_account,,
i need a standard account i wanna open it,account_access,ds2_bitext,ACCOUNT,create_account,,
wanna open a pro account,account_access,ds2_bitext,ACCOUNT,create_account,,
i have problems with creating a platinum account,account_access,ds2_bitext,ACCOUNT,create_account,,
I don't know how I can create a standard accoiunt,account_access,ds2_bitext,ACCOUNT,create_account,,
need to create a business account,account_access,ds2_bitext,ACCOUNT,create_account,,
want help creating a premium account for my dad,account_access,ds2_bitext,ACCOUNT,create_account,,
"I am not registered, how to open a pro account with you?",account_access,ds2_bitext,ACCOUNT,create_account,,
I'm tryingto create a standard account,account_access,ds2_bitext,ACCOUNT,create_account,,
"I am not registered, how do I create a business account?",account_access,ds2_bitext,ACCOUNT,create_account,,
i want assistance creating a business account for my fiance,account_access,ds2_bitext,ACCOUNT,create_account,,
i need assistance to create a premium account,account_access,ds2_bitext,ACCOUNT,create_account,,
i want a standard account for my dad,account_access,ds2_bitext,ACCOUNT,create_account,,
i have problems with creating a pro account,account_access,ds2_bitext,ACCOUNT,create_account,,
"I do not have a business account, how do I register?",account_access,ds2_bitext,ACCOUNT,create_account,,
opening new standard account for daughter,account_access,ds2_bitext,ACCOUNT,create_account,,
could i open a goddamn standard account for mh mom,account_access,ds2_bitext,ACCOUNT,create_account,,
open freemium account for wife,account_access,ds2_bitext,ACCOUNT,create_account,,
open pro cacount for wife,account_access,ds2_bitext,ACCOUNT,create_account,,
"I ain't registered, I have got to open a business account",account_access,ds2_bitext,ACCOUNT,create_account,,
give me information about opening standard accounts,account_access,ds2_bitext,ACCOUNT,create_account,,
can you help me create a different bloody platinum account?,account_access,ds2_bitext,ACCOUNT,create_account,,
i want information about creatign a standard account,account_access,ds2_bitext,ACCOUNT,create_account,,
can I open a business account?,account_access,ds2_bitext,ACCOUNT,create_account,,
wanna know more about creating standard accounts,account_access,ds2_bitext,ACCOUNT,create_account,,
i have a problem with openng a platinum account,account_access,ds2_bitext,ACCOUNT,create_account,,
opening new standard account for daughter,account_access,ds2_bitext,ACCOUNT,create_account,,
"I don't have a business account, help registering",account_access,ds2_bitext,ACCOUNT,create_account,,
i cannot create a standard account,account_access,ds2_bitext,ACCOUNT,create_account,,
help with opening a business account,account_access,ds2_bitext,ACCOUNT,create_account,,
need assistance to create a standard account for my fiance,account_access,ds2_bitext,ACCOUNT,create_account,,
i have to create a standard account for my fiance,account_access,ds2_bitext,ACCOUNT,create_account,,
can you help me create a business account?,account_access,ds2_bitext,ACCOUNT,create_account,,
can you help me create a business account?,account_access,ds2_bitext,ACCOUNT,create_account,,
"I don't have a platinum account, can I sign up?",account_access,ds2_bitext,ACCOUNT,create_account,,
I do not know what I need to do to create a business account,account_access,ds2_bitext,ACCOUNT,create_account,,
i do not have a standard account assistance registering,account_access,ds2_bitext,ACCOUNT,create_account,,
where can i find information about creating a business account,account_access,ds2_bitext,ACCOUNT,create_account,,
i need assistance to open a gold account for my dad,account_access,ds2_bitext,ACCOUNT,create_account,,
i have a question about creating a standard account,account_access,ds2_bitext,ACCOUNT,create_account,,
want assistance to create a different damn premium account,account_access,ds2_bitext,ACCOUNT,create_account,,
I need to create a business account,account_access,ds2_bitext,ACCOUNT,create_account,,
"I would like to create a pro account, how to do it?",account_access,ds2_bitext,ACCOUNT,create_account,,
I don't know how to create a premium account for my fiance,account_access,ds2_bitext,ACCOUNT,create_account,,
problem with creating my freemium account,account_access,ds2_bitext,ACCOUNT,create_account,,
i dont know what i have to do to create a freemium account,account_access,ds2_bitext,ACCOUNT,create_account,,
where can i create a business account,account_access,ds2_bitext,ACCOUNT,create_account,,
I need help to open a standard account,account_access,ds2_bitext,ACCOUNT,create_account,,
I need assistance opening a standard account,account_access,ds2_bitext,ACCOUNT,create_account,,
new business account for wife,account_access,ds2_bitext,ACCOUNT,create_account,,
how to open a business account for my dad?,account_access,ds2_bitext,ACCOUNT,create_account,,
I want assistance creating a premium account for my fiance,account_access,ds2_bitext,ACCOUNT,create_account,,
help me create a new fucking business account,account_access,ds2_bitext,ACCOUNT,create_account,,
give me information about opening a standard account,account_access,ds2_bitext,ACCOUNT,create_account,,
opening business account for wife,account_access,ds2_bitext,ACCOUNT,create_account,,
I am trying to find information about opening a business account,account_access,ds2_bitext,ACCOUNT,create_account,,
I need to create a pro account,account_access,ds2_bitext,ACCOUNT,create_account,,
need assistance with creating a freemium account,account_access,ds2_bitext,ACCOUNT,create_account,,
wanna ope a premium account could i get some help,account_access,ds2_bitext,ACCOUNT,create_account,,
opening business account for wife,account_access,ds2_bitext,ACCOUNT,create_account,,
can you help me create a business account for my fiance?,account_access,ds2_bitext,ACCOUNT,create_account,,
I need help with creating a business account,account_access,ds2_bitext,ACCOUNT,create_account,,
I don't know how I can open a gold account for my daughter,account_access,ds2_bitext,ACCOUNT,create_account,,
"I haven't registered, can I open a standard account?",account_access,ds2_bitext,ACCOUNT,create_account,,
I do not know how I can open another damn business account,account_access,ds2_bitext,ACCOUNT,create_account,,
creating new standard account for daughter,account_access,ds2_bitext,ACCOUNT,create_account,,
could you help me opening a standard account?,account_access,ds2_bitext,ACCOUNT,create_account,,
how could I open a business account?,account_access,ds2_bitext,ACCOUNT,create_account,,
I want a business account,account_access,ds2_bitext,ACCOUNT,create_account,,
new gold account for wife,account_access,ds2_bitext,ACCOUNT,create_account,,
new standard acount for wife,account_access,ds2_bitext,ACCOUNT,create_account,,
assistance to create a standard account,account_access,ds2_bitext,ACCOUNT,create_account,,
i do not know what to do to open a standard account,account_access,ds2_bitext,ACCOUNT,create_account,,
i want an different bloody premium account for my wife,account_access,ds2_bitext,ACCOUNT,create_account,,
open premium cacount for wife,account_access,ds2_bitext,ACCOUNT,create_account,,
want assistance to create an standard account,account_access,ds2_bitext,ACCOUNT,create_account,,
opening new platinum account for daughter,account_access,ds2_bitext,ACCOUNT,create_account,,
where to create a platinum account for my dad,account_access,ds2_bitext,ACCOUNT,create_account,,
create new freemium account for daughter,account_access,ds2_bitext,ACCOUNT,create_account,,
where do i open a gold account for my fiance,account_access,ds2_bitext,ACCOUNT,create_account,,
I have to open an pro account for my dad,account_access,ds2_bitext,ACCOUNT,create_account,,
can I open a standard account?,account_access,ds2_bitext,ACCOUNT,create_account,,
i dont know what i need to doto create a business account,account_access,ds2_bitext,ACCOUNT,create_account,,
"I want a different damn standard account, help me opening it",account_access,ds2_bitext,ACCOUNT,create_account,,
"I ain't registered, can I create a standard account?",account_access,ds2_bitext,ACCOUNT,create_account,,
another standard account for father,account_access,ds2_bitext,ACCOUNT,create_account,,
how could I create a standard account for my fiance?,account_access,ds2_bitext,ACCOUNT,create_account,,
I need information about opening a standard account,account_access,ds2_bitext,ACCOUNT,create_account,,
open a standard account for my dad,account_access,ds2_bitext,ACCOUNT,create_account,,
want help opening a pro account for my daughter,account_access,ds2_bitext,ACCOUNT,create_account,,
can you help me to open a standard account?,account_access,ds2_bitext,ACCOUNT,create_account,,
i do not know how i can create a standard account,account_access,ds2_bitext,ACCOUNT,create_account,,
how do I create a standard account for my daughter?,account_access,ds2_bitext,ACCOUNT,create_account,,
I need assistance to create a standard account,account_access,ds2_bitext,ACCOUNT,create_account,,
I want assistance to open a different damn pro account,account_access,ds2_bitext,ACCOUNT,create_account,,
i have a question about opening a premium account,account_access,ds2_bitext,ACCOUNT,create_account,,
how can i get information about creating standard accounts,account_access,ds2_bitext,ACCOUNT,create_account,,
I want assistance to open a premium account,account_access,ds2_bitext,ACCOUNT,create_account,,
I have to open a premium account,account_access,ds2_bitext,ACCOUNT,create_account,,
is it possible to create a standard account?,account_access,ds2_bitext,ACCOUNT,create_account,,
I need assistance with opening a business acount,account_access,ds2_bitext,ACCOUNT,create_account,,
i do nothave a business account help signing up,account_access,ds2_bitext,ACCOUNT,create_account,,
I don't know how I can create a business account,account_access,ds2_bitext,ACCOUNT,create_account,,
I do not know how to create a platinum account,account_access,ds2_bitext,ACCOUNT,create_account,,
create another standard account for mum,account_access,ds2_bitext,ACCOUNT,create_account,,
another premium account for father,account_access,ds2_bitext,ACCOUNT,create_account,,
I need hepl with opening a premium account,account_access,ds2_bitext,ACCOUNT,create_account,,
i need assistance with creating a platinum account,account_access,ds2_bitext,ACCOUNT,create_account,,
I'm looking for information about creating platinum accounts,account_access,ds2_bitext,ACCOUNT,create_account,,
problems with creating my pro account,account_access,ds2_bitext,ACCOUNT,create_account,,
I don't know what I have to do to open a pro account,account_access,ds2_bitext,ACCOUNT,create_account,,
can ya help me opening a standard account,account_access,ds2_bitext,ACCOUNT,create_account,,
what do i have to do to createa premium account,account_access,ds2_bitext,ACCOUNT,create_account,,
"I would like to create a business account, how can I do it?",account_access,ds2_bitext,ACCOUNT,create_account,,
i want help to create a gold account for my fiance,account_access,ds2_bitext,ACCOUNT,create_account,,
new standard acount for wife,account_access,ds2_bitext,ACCOUNT,create_account,,
help me to create a standard account,account_access,ds2_bitext,ACCOUNT,create_account,,
can you help me to create a freemium account?,account_access,ds2_bitext,ACCOUNT,create_account,,
is it possible to create a standard account?,account_access,ds2_bitext,ACCOUNT,create_account,,
I need to create a gold account,account_access,ds2_bitext,ACCOUNT,create_account,,
want help to create a standard account for my fiance,account_access,ds2_bitext,ACCOUNT,create_account,,
need help to open a freemium afcount for my daughter,account_access,ds2_bitext,ACCOUNT,create_account,,
can i create a standard account,account_access,ds2_bitext,ACCOUNT,create_account,,
can I open a premium account?,account_access,ds2_bitext,ACCOUNT,create_account,,
can you help me open a freemium account?,account_access,ds2_bitext,ACCOUNT,create_account,,
i dont know what to do to open a pro account for my dad,account_access,ds2_bitext,ACCOUNT,create_account,,
can I open a pro account for my daughter?,account_access,ds2_bitext,ACCOUNT,create_account,,
need help to create a standard account,account_access,ds2_bitext,ACCOUNT,create_account,,
open a business account for my dad,account_access,ds2_bitext,ACCOUNT,create_account,,
question baout creating a platinum account,account_access,ds2_bitext,ACCOUNT,create_account,,
i want a premium acocunt could ya help me opening it,account_access,ds2_bitext,ACCOUNT,create_account,,
I want a pro account,account_access,ds2_bitext,ACCOUNT,create_account,,
opening new gold account for daughter,account_access,ds2_bitext,ACCOUNT,create_account,,
another freemium accounmt for father,account_access,ds2_bitext,ACCOUNT,create_account,,
i want help to open a standard account,account_access,ds2_bitext,ACCOUNT,create_account,,
can uhelp me creating a business account for my dad,account_access,ds2_bitext,ACCOUNT,create_account,,
I need help opening a standard account,account_access,ds2_bitext,ACCOUNT,create_account,,
I do not know what I have to do to create a pro accoun,account_access,ds2_bitext,ACCOUNT,create_account,,
I want assistance to open a standard account for my fiance,account_access,ds2_bitext,ACCOUNT,create_account,,
help me opening a standard account,account_access,ds2_bitext,ACCOUNT,create_account,,
I cannot create a standard account,account_access,ds2_bitext,ACCOUNT,create_account,,
I do not know how to create a platinum account for my dad,account_access,ds2_bitext,ACCOUNT,create_account,,
"I ain't registered, how to open a standard account?",account_access,ds2_bitext,ACCOUNT,create_account,,
how to create a platinum account for my fiance?,account_access,ds2_bitext,ACCOUNT,create_account,,
i want help to create a gold account for my fiance,account_access,ds2_bitext,ACCOUNT,create_account,,
"I ain't registered yet, I need to create a damn pro account",account_access,ds2_bitext,ACCOUNT,create_account,,
"I am not registered, help me open a gold account with you",account_access,ds2_bitext,ACCOUNT,create_account,,
need assistance to create a premium account,account_access,ds2_bitext,ACCOUNT,create_account,,
I'd like informatoin about opening platinum accounts,account_access,ds2_bitext,ACCOUNT,create_account,,
create another standard account for mum,account_access,ds2_bitext,ACCOUNT,create_account,,
I want help to open a business account,account_access,ds2_bitext,ACCOUNT,create_account,,
"I don't have a premium account, I want to open one",account_access,ds2_bitext,ACCOUNT,create_account,,
help with creating my standard account,account_access,ds2_bitext,ACCOUNT,create_account,,
create new standard account for daughter,account_access,ds2_bitext,ACCOUNT,create_account,,
open business account for wife,account_access,ds2_bitext,ACCOUNT,create_account,,
"I have not signed up yet, help creating a gold account",account_access,ds2_bitext,ACCOUNT,create_account,,
help to ccreate a goddamn business account,account_access,ds2_bitext,ACCOUNT,create_account,,
I do not know how I could open a business account for my fiance,account_access,ds2_bitext,ACCOUNT,create_account,,
i do not have a business cacount yet I'd like to create one,account_access,ds2_bitext,ACCOUNT,create_account,,
want help opening a premium account for my daughter,account_access,ds2_bitext,ACCOUNT,create_account,,
I want help opening a standard account,account_access,ds2_bitext,ACCOUNT,create_account,,
i dont have a bloody standard account yet i ened to open one,account_access,ds2_bitext,ACCOUNT,create_account,,
i aint registered yet help me opening an business account,account_access,ds2_bitext,ACCOUNT,create_account,,
I want to open a standard account for my fiance,account_access,ds2_bitext,ACCOUNT,create_account,,
create new bloody business account,account_access,ds2_bitext,ACCOUNT,create_account,,
i dont know what i have to do to open a standard account,account_access,ds2_bitext,ACCOUNT,create_account,,
need to create a standard account,account_access,ds2_bitext,ACCOUNT,create_account,,
i have a problem with creating a business account,account_access,ds2_bitext,ACCOUNT,create_account,,
"I do not have a bloody pro account, need help to open one",account_access,ds2_bitext,ACCOUNT,create_account,,
find information about opening standard accounts,account_access,ds2_bitext,ACCOUNT,create_account,,
I need to create a standard account for my fiance,account_access,ds2_bitext,ACCOUNT,create_account,,
new pro account for wife,account_access,ds2_bitext,ACCOUNT,create_account,,
how could I open a standard account?,account_access,ds2_bitext,ACCOUNT,create_account,,
wanna open a business account for my fiance,account_access,ds2_bitext,ACCOUNT,create_account,,
create business account for wife,account_access,ds2_bitext,ACCOUNT,create_account,,
help with creating my business account,account_access,ds2_bitext,ACCOUNT,create_account,,
what do i have to do to open a platinum account,account_access,ds2_bitext,ACCOUNT,create_account,,
i have a question about creating a freemium account,account_access,ds2_bitext,ACCOUNT,create_account,,
creating new standard account for daughter,account_access,ds2_bitext,ACCOUNT,create_account,,
can I open a standard account for my daughter?,account_access,ds2_bitext,ACCOUNT,create_account,,
create new standard account for daughter,account_access,ds2_bitext,ACCOUNT,create_account,,
open business account for wife,account_access,ds2_bitext,ACCOUNT,create_account,,
open standard cacount for wife,account_access,ds2_bitext,ACCOUNT,create_account,,
open a business acount for my dad,account_access,ds2_bitext,ACCOUNT,create_account,,
I need assistance to open a business account for my dad,account_access,ds2_bitext,ACCOUNT,create_account,,
where to create a standard account for my daughter?,account_access,ds2_bitext,ACCOUNT,create_account,,
I don't know what to do to create a business account,account_access,ds2_bitext,ACCOUNT,create_account,,
have problems with creating a freemium account,account_access,ds2_bitext,ACCOUNT,create_account,,
i dont know what i need to do to create a premium account,account_access,ds2_bitext,ACCOUNT,create_account,,
how to open a freemium account?,account_access,ds2_bitext,ACCOUNT,create_account,,
create standard account for wife,account_access,ds2_bitext,ACCOUNT,create_account,,
how do i create a standard account,account_access,ds2_bitext,ACCOUNT,create_account,,
create new business account for daughter,account_access,ds2_bitext,ACCOUNT,create_account,,
I need assistance opening a pro account for my daughter,account_access,ds2_bitext,ACCOUNT,create_account,,
I need assistance to create a business account,account_access,ds2_bitext,ACCOUNT,create_account,,
how to open a standard account for my dad?,account_access,ds2_bitext,ACCOUNT,create_account,,
how do I create a bloody standard account for my father?,account_access,ds2_bitext,ACCOUNT,create_account,,
another business account for father,account_access,ds2_bitext,ACCOUNT,create_account,,
where could I create a standard account?,account_access,ds2_bitext,ACCOUNT,create_account,,
I want to know more about opening a business account,account_access,ds2_bitext,ACCOUNT,create_account,,
open standard account for wife,account_access,ds2_bitext,ACCOUNT,create_account,,
open standard cacount for wife,account_access,ds2_bitext,ACCOUNT,create_account,,
I'm not ergistered help me opening a standard account,account_access,ds2_bitext,ACCOUNT,create_account,,
have a problem with creating my platinum account,account_access,ds2_bitext,ACCOUNT,create_account,,
I want help opening a standard account,account_access,ds2_bitext,ACCOUNT,create_account,,
I want help creating a standard account,account_access,ds2_bitext,ACCOUNT,create_account,,
I want information about opening standard accounts,account_access,ds2_bitext,ACCOUNT,create_account,,
I have to create a premium account for my fiance,account_access,ds2_bitext,ACCOUNT,create_account,,
"I don't have a premium account, how do I sign up?",account_access,ds2_bitext,ACCOUNT,create_account,,
could utell me more abouut creating a business account,account_access,ds2_bitext,ACCOUNT,create_account,,
help me open a standard account for my dad,account_access,ds2_bitext,ACCOUNT,create_account,,
i do not kow how i can create a platinum account,account_access,ds2_bitext,ACCOUNT,create_account,,
i want information about opening a freemium account,account_access,ds2_bitext,ACCOUNT,create_account,,
need to create an business account,account_access,ds2_bitext,ACCOUNT,create_account,,
I want to open a standard account,account_access,ds2_bitext,ACCOUNT,create_account,,
can you help me creating a standard account for my daughter?,account_access,ds2_bitext,ACCOUNT,create_account,,
"I haven't signed up, I need assistance opening a pro account",account_access,ds2_bitext,ACCOUNT,create_account,,
have a problem with creating my standard account,account_access,ds2_bitext,ACCOUNT,create_account,,
I do not know how to create a business account for my dad,account_access,ds2_bitext,ACCOUNT,create_account,,
open a business acount for my dad,account_access,ds2_bitext,ACCOUNT,create_account,,
i do not know how to create a standard account,account_access,ds2_bitext,ACCOUNT,create_account,,
i dont know how to open a gold account,account_access,ds2_bitext,ACCOUNT,create_account,,
create new premium account for daughter,account_access,ds2_bitext,ACCOUNT,create_account,,
i need help with opening a business account,account_access,ds2_bitext,ACCOUNT,create_account,,
can you give me information about opening business accounts?,account_access,ds2_bitext,ACCOUNT,create_account,,
what do i need to do to create a business account,account_access,ds2_bitext,ACCOUNT,create_account,,
can i open a pro account for my dad,account_access,ds2_bitext,ACCOUNT,create_account,,
I want to create a business account,account_access,ds2_bitext,ACCOUNT,create_account,,
"I want a business account, help me create it",account_access,ds2_bitext,ACCOUNT,create_account,,
I want help to create a platinum account for my fiance,account_access,ds2_bitext,ACCOUNT,create_account,,
how do i create a premium account,account_access,ds2_bitext,ACCOUNT,create_account,,
I have problems with opening my business account,account_access,ds2_bitext,ACCOUNT,create_account,,
can ya help me to open a standard account,account_access,ds2_bitext,ACCOUNT,create_account,,
"I ain't registered, how to open a standard account with you?",account_access,ds2_bitext,ACCOUNT,create_account,,
I want assistance opening a business account for my dad,account_access,ds2_bitext,ACCOUNT,create_account,,
"I am not registered, I want assistance opening a business accont",account_access,ds2_bitext,ACCOUNT,create_account,,
is it possible to create a standard accojnt for my daughter?,account_access,ds2_bitext,ACCOUNT,create_account,,
open business cacount for wife,account_access,ds2_bitext,ACCOUNT,create_account,,
i need help with opening my platinum account,account_access,ds2_bitext,ACCOUNT,create_account,,
opening standard account for wife,account_access,ds2_bitext,ACCOUNT,create_account,,
how can I create a standard account for my fiance?,account_access,ds2_bitext,ACCOUNT,create_account,,
new standard account for wife,account_access,ds2_bitext,ACCOUNT,create_account,,
want assistance to open a standard account,account_access,ds2_bitext,ACCOUNT,create_account,,
give me information about creating pro accounts,account_access,ds2_bitext,ACCOUNT,create_account,,
question about opening a business account,account_access,ds2_bitext,ACCOUNT,create_account,,
I am tryinng to create a standard account,account_access,ds2_bitext,ACCOUNT,create_account,,
i need a standard account create it,account_access,ds2_bitext,ACCOUNT,create_account,,
can ya help me to create a business account for my fiance,account_access,ds2_bitext,ACCOUNT,create_account,,
new business account for wife,account_access,ds2_bitext,ACCOUNT,create_account,,
need assistance opening a pro account for my daughter,account_access,ds2_bitext,ACCOUNT,create_account,,
open gold cacount for wife,account_access,ds2_bitext,ACCOUNT,create_account,,
another platinum account for father,account_access,ds2_bitext,ACCOUNT,create_account,,
create new pro account for daughter,account_access,ds2_bitext,ACCOUNT,create_account,,
I don't know what I have to do to create a standard account,account_access,ds2_bitext,ACCOUNT,create_account,,
need assistance to open a standard account for my dad,account_access,ds2_bitext,ACCOUNT,create_account,,
I do not know how I can create a gold account,account_access,ds2_bitext,ACCOUNT,create_account,,
could you help me to open a platinum account for my dad?,account_access,ds2_bitext,ACCOUNT,create_account,,
help me to open a standard account for my daughter,account_access,ds2_bitext,ACCOUNT,create_account,,
problem with opening a freemium account,account_access,ds2_bitext,ACCOUNT,create_account,,
where to create a business account?,account_access,ds2_bitext,ACCOUNT,create_account,,
can I open a business account?,account_access,ds2_bitext,ACCOUNT,create_account,,
i need help to create a platinum account,account_access,ds2_bitext,ACCOUNT,create_account,,
how can I get information about opening a standard account?,account_access,ds2_bitext,ACCOUNT,create_account,,
have a problem with creating a Premiumaccount,account_access,ds2_bitext,ACCOUNT,create_account,,
I want to open a standard account,account_access,ds2_bitext,ACCOUNT,create_account,,
where do i open a freemium account,account_access,ds2_bitext,ACCOUNT,create_account,,
I do not know what I need to do to create a standard account,account_access,ds2_bitext,ACCOUNT,create_account,,
want assistance opening a standard account,account_access,ds2_bitext,ACCOUNT,create_account,,
where can I open a business account for my daughter?,account_access,ds2_bitext,ACCOUNT,create_account,,
I want to know more about creating a standard cacount,account_access,ds2_bitext,ACCOUNT,create_account,,
I don't know how to create a business account,account_access,ds2_bitext,ACCOUNT,create_account,,
new gold acount for wife,account_access,ds2_bitext,ACCOUNT,create_account,,
create platinum account for wife,account_access,ds2_bitext,ACCOUNT,create_account,,
i want assistance to create a business account,account_access,ds2_bitext,ACCOUNT,create_account,,
is it possible to crewate a gold account,account_access,ds2_bitext,ACCOUNT,create_account,,
create new business account for daughter,account_access,ds2_bitext,ACCOUNT,create_account,,
create freemium account for wife,account_access,ds2_bitext,ACCOUNT,create_account,,
"I do not have a standard account yet, help me create one",account_access,ds2_bitext,ACCOUNT,create_account,,
could you help me open a premium account?,account_access,ds2_bitext,ACCOUNT,create_account,,
help me to open a premium account for my daughter,account_access,ds2_bitext,ACCOUNT,create_account,,
help me creting a business account,account_access,ds2_bitext,ACCOUNT,create_account,,
I want to create a business account for my daughter,account_access,ds2_bitext,ACCOUNT,create_account,,
new business account for wife,account_access,ds2_bitext,ACCOUNT,create_account,,
what do i need to do to create a gold account,account_access,ds2_bitext,ACCOUNT,create_account,,
help to create a standard account for my fiance,account_access,ds2_bitext,ACCOUNT,create_account,,
wanna open a freemium account for my fiance,account_access,ds2_bitext,ACCOUNT,create_account,,
how to open a standard account?,account_access,ds2_bitext,ACCOUNT,create_account,,
I do not know what to do to open a standard account,account_access,ds2_bitext,ACCOUNT,create_account,,
i cannot create a business account,account_access,ds2_bitext,ACCOUNT,create_account,,
create premium account for wife,account_access,ds2_bitext,ACCOUNT,create_account,,
i have problems with creating my freemium account,account_access,ds2_bitext,ACCOUNT,create_account,,
what do i need to do to create a business account for my dad,account_access,ds2_bitext,ACCOUNT,create_account,,
create business account for wife,account_access,ds2_bitext,ACCOUNT,create_account,,
wanna know more about opening a standard account,account_access,ds2_bitext,ACCOUNT,create_account,,
wanna open a platinum account,account_access,ds2_bitext,ACCOUNT,create_account,,
how to open a business account for my fiance,account_access,ds2_bitext,ACCOUNT,create_account,,
where to open a business account,account_access,ds2_bitext,ACCOUNT,create_account,,
can I open a business account for my daughter?,account_access,ds2_bitext,ACCOUNT,create_account,,
"I ain't registered yet, how can I open a standard account?",account_access,ds2_bitext,ACCOUNT,create_account,,
have problems with opening my freemium account,account_access,ds2_bitext,ACCOUNT,create_account,,
help me opening a new goddamn business acconut,account_access,ds2_bitext,ACCOUNT,create_account,,
information about opening a freemium account,account_access,ds2_bitext,ACCOUNT,create_account,,
creating new standard account for daughter,account_access,ds2_bitext,ACCOUNT,create_account,,
how can i create a business account,account_access,ds2_bitext,ACCOUNT,create_account,,
want assistance opening a platinum account for my dad,account_access,ds2_bitext,ACCOUNT,create_account,,
hwere do i open a business account,account_access,ds2_bitext,ACCOUNT,create_account,,
wanna open a gold account,account_access,ds2_bitext,ACCOUNT,create_account,,
I need to open a business account,account_access,ds2_bitext,ACCOUNT,create_account,,
I want help to create a standard account for my fiance,account_access,ds2_bitext,ACCOUNT,create_account,,
where do I open a premium account?,account_access,ds2_bitext,ACCOUNT,create_account,,
where to create a platinum account?,account_access,ds2_bitext,ACCOUNT,create_account,,
opening premium account for wife,account_access,ds2_bitext,ACCOUNT,create_account,,
how can I find information about openinga pro account?,account_access,ds2_bitext,ACCOUNT,create_account,,
i need help with creating my platinum account,account_access,ds2_bitext,ACCOUNT,create_account,,
I need a business account,account_access,ds2_bitext,ACCOUNT,create_account,,
where to create a standard account for my dad,account_access,ds2_bitext,ACCOUNT,create_account,,
i do not know how i can open a pro account for my fiance,account_access,ds2_bitext,ACCOUNT,create_account,,
how can i find information about opening standard accounts,account_access,ds2_bitext,ACCOUNT,create_account,,
help me to create a business account,account_access,ds2_bitext,ACCOUNT,create_account,,
can you help me creating a pro account?,account_access,ds2_bitext,ACCOUNT,create_account,,
open a premium account for my dad,account_access,ds2_bitext,ACCOUNT,create_account,,
where do I create a standard account?,account_access,ds2_bitext,ACCOUNT,create_account,,
"I ain't registered yet, I try to open a standard account",account_access,ds2_bitext,ACCOUNT,create_account,,
find inormation about creating standard accounts,account_access,ds2_bitext,ACCOUNT,create_account,,
I have got to open a standard account for my daughter,account_access,ds2_bitext,ACCOUNT,create_account,,
I want assistance to create a freemium account,account_access,ds2_bitext,ACCOUNT,create_account,,
how to open a standard account?,account_access,ds2_bitext,ACCOUNT,create_account,,
I need help to open a standard account for my daughter,account_access,ds2_bitext,ACCOUNT,create_account,,
i have a question about opening pro accounts,account_access,ds2_bitext,ACCOUNT,create_account,,
opening new standard account for daughter,account_access,ds2_bitext,ACCOUNT,create_account,,
i want a freemium account,account_access,ds2_bitext,ACCOUNT,create_account,,
"I don't have a bloody user, could you help me to open one?",account_access,ds2_bitext,ACCOUNT,create_account,,
how do i create a standard account,account_access,ds2_bitext,ACCOUNT,create_account,,
I don't know how I can create a pro account for my dad,account_access,ds2_bitext,ACCOUNT,create_account,,
I do not know how to open a business account for my daughter,account_access,ds2_bitext,ACCOUNT,create_account,,
what do I need to do to open a freemium account for my dad?,account_access,ds2_bitext,ACCOUNT,create_account,,
find information about opening a business account,account_access,ds2_bitext,ACCOUNT,create_account,,
open a standard account for my dad,account_access,ds2_bitext,ACCOUNT,create_account,,
I do not know how I could create a standard account,account_access,ds2_bitext,ACCOUNT,create_account,,
assistance to create another fucking freemium account,account_access,ds2_bitext,ACCOUNT,create_account,,
I'm trying to open a standard account,account_access,ds2_bitext,ACCOUNT,create_account,,
how can I open a platinum account?,account_access,ds2_bitext,ACCOUNT,create_account,,
"I would like to create a pro account, how do I do it?",account_access,ds2_bitext,ACCOUNT,create_account,,
I want assistamce creating a standard account,account_access,ds2_bitext,ACCOUNT,create_account,,
"I have not signed up yet, how to create a business account?",account_access,ds2_bitext,ACCOUNT,create_account,,
I do not know how I can create a business account for my daughter,account_access,ds2_bitext,ACCOUNT,create_account,,
I cannot create a platinum account for my daughter,account_access,ds2_bitext,ACCOUNT,create_account,,
give me information about opening standard accounts,account_access,ds2_bitext,ACCOUNT,create_account,,
I'd like information about creating a pro account,account_access,ds2_bitext,ACCOUNT,create_account,,
open nw pro account for daughter,account_access,ds2_bitext,ACCOUNT,create_account,,
question about opening a standard account,account_access,ds2_bitext,ACCOUNT,create_account,,
"I haven't signed up yet, I have got to open a pro account",account_access,ds2_bitext,ACCOUNT,create_account,,
opening business account for wife,account_access,ds2_bitext,ACCOUNT,create_account,,
create pro account for wife,account_access,ds2_bitext,ACCOUNT,create_account,,
I want assistance to open a standard account,account_access,ds2_bitext,ACCOUNT,create_account,,
open pro account for wife,account_access,ds2_bitext,ACCOUNT,create_account,,
could you help me to open a business account?,account_access,ds2_bitext,ACCOUNT,create_account,,
can i open a business account,account_access,ds2_bitext,ACCOUNT,create_account,,
"I have to create a standard account, I need assistance",account_access,ds2_bitext,ACCOUNT,create_account,,
i want help to open a standard account for my dad,account_access,ds2_bitext,ACCOUNT,create_account,,
I need assistance to create a standard account,account_access,ds2_bitext,ACCOUNT,create_account,,
i dont know how i can create a standard account,account_access,ds2_bitext,ACCOUNT,create_account,,
"I am not registered, how to create a business account with you?",account_access,ds2_bitext,ACCOUNT,create_account,,
I have a problpem with creating a standard account,account_access,ds2_bitext,ACCOUNT,create_account,,
new standard account for wife,account_access,ds2_bitext,ACCOUNT,create_account,,
"I need a different bloody business account, can you create it?",account_access,ds2_bitext,ACCOUNT,create_account,,
I want assistance to create a pro account,account_access,ds2_bitext,ACCOUNT,create_account,,
what do i need to do to create a platinum account for my dad,account_access,ds2_bitext,ACCOUNT,create_account,,
where can i get information about creating gold accounts,account_access,ds2_bitext,ACCOUNT,create_account,,
i need assistance creating a business account,account_access,ds2_bitext,ACCOUNT,create_account,,
can you help me open a platinum account for my dad?,account_access,ds2_bitext,ACCOUNT,create_account,,
how to open a standard account?,account_access,ds2_bitext,ACCOUNT,create_account,,
open another premium account for mum,account_access,ds2_bitext,ACCOUNT,create_account,,
open a freemium account for my dad,account_access,ds2_bitext,ACCOUNT,create_account,,
create business account for wife,account_access,ds2_bitext,ACCOUNT,create_account,,
another gold account for father,account_access,ds2_bitext,ACCOUNT,create_account,,
creating new freemium account for daughter,account_access,ds2_bitext,ACCOUNT,create_account,,
"I haven't signed up, I try to create a freemium account",account_access,ds2_bitext,ACCOUNT,create_account,,
"I don't have a standard account, help me opening one",account_access,ds2_bitext,ACCOUNT,create_account,,
new standard account for wife,account_access,ds2_bitext,ACCOUNT,create_account,,
I want assistance opening a business account,account_access,ds2_bitext,ACCOUNT,create_account,,
I do not know what to do to create a standard account,account_access,ds2_bitext,ACCOUNT,create_account,,
I need an business account,account_access,ds2_bitext,ACCOUNT,create_account,,
open standard account for wife,account_access,ds2_bitext,ACCOUNT,create_account,,
"I have to create a standard account, how do I do it?",account_access,ds2_bitext,ACCOUNT,create_account,,
open new business account for daughter,account_access,ds2_bitext,ACCOUNT,create_account,,
need assistance with opening my business account,account_access,ds2_bitext,ACCOUNT,create_account,,
can you helpme opening a standard account?,account_access,ds2_bitext,ACCOUNT,create_account,,
another business account for father,account_access,ds2_bitext,ACCOUNT,create_account,,
how can I find information about opening standard accounts?,account_access,ds2_bitext,ACCOUNT,create_account,,
what do i need to do to open a gold account for my daughter,account_access,ds2_bitext,ACCOUNT,create_account,,
i havent registeredhelp opening a pro account with you,account_access,ds2_bitext,ACCOUNT,create_account,,
can i create a standard account for my fiance,account_access,ds2_bitext,ACCOUNT,create_account,,
I have a question about opening a business account,account_access,ds2_bitext,ACCOUNT,create_account,,
help me create a business account,account_access,ds2_bitext,ACCOUNT,create_account,,
"I ain't registered yet, can I open a fucking user profile?",account_access,ds2_bitext,ACCOUNT,create_account,,
i want help to create a fucking standard account for my mom,account_access,ds2_bitext,ACCOUNT,create_account,,
how can I create a business account for my fiance?,account_access,ds2_bitext,ACCOUNT,create_account,,
i aint registered can i create a standard account,account_access,ds2_bitext,ACCOUNT,create_account,,
open platinum cacount for wife,account_access,ds2_bitext,ACCOUNT,create_account,,
help me creating a freemium account,account_access,ds2_bitext,ACCOUNT,create_account,,
I don't know how to create a premium account,account_access,ds2_bitext,ACCOUNT,create_account,,
i need assistance to create a platinum acfount for my fiance,account_access,ds2_bitext,ACCOUNT,create_account,,
assistance opening a standard account for my dad,account_access,ds2_bitext,ACCOUNT,create_account,,
"I do not have a pro account yet, help me register",account_access,ds2_bitext,ACCOUNT,create_account,,
i have got to create a platinum account how can i do it,account_access,ds2_bitext,ACCOUNT,create_account,,
what do I hqve to do to create a platinum account?,account_access,ds2_bitext,ACCOUNT,create_account,,
can I open a gold account?,account_access,ds2_bitext,ACCOUNT,create_account,,
what do I need to do to open a business account?,account_access,ds2_bitext,ACCOUNT,create_account,,
I need help with creating a platinum account,account_access,ds2_bitext,ACCOUNT,create_account,,
i have problems with opening a standard account,account_access,ds2_bitext,ACCOUNT,create_account,,
open another standard account for mum,account_access,ds2_bitext,ACCOUNT,create_account,,
new pro acount for wife,account_access,ds2_bitext,ACCOUNT,create_account,,
i cannot create a freemium account for my dad,account_access,ds2_bitext,ACCOUNT,create_account,,
"I have got to open a new bloody business account, I need help",account_access,ds2_bitext,ACCOUNT,create_account,,
open another business account for mum,account_access,ds2_bitext,ACCOUNT,create_account,,
i do not know what to do to create a gold account,account_access,ds2_bitext,ACCOUNT,create_account,,
would it be possible to oen a gold account,account_access,ds2_bitext,ACCOUNT,create_account,,
want assistance opening a standard account for my dad,account_access,ds2_bitext,ACCOUNT,create_account,,
I want information about opening a pro account,account_access,ds2_bitext,ACCOUNT,create_account,,
i have problems with opening a pro account,account_access,ds2_bitext,ACCOUNT,create_account,,
I do not know how I can create a platinum account,account_access,ds2_bitext,ACCOUNT,create_account,,
where can i get information about opening pro accounts,account_access,ds2_bitext,ACCOUNT,create_account,,
I want information about opening a business account,account_access,ds2_bitext,ACCOUNT,create_account,,
find information about opening a business account,account_access,ds2_bitext,ACCOUNT,create_account,,
open a standard acount for my dad,account_access,ds2_bitext,ACCOUNT,create_account,,
I want information about opening a standard account,account_access,ds2_bitext,ACCOUNT,create_account,,
how do i open a standard account for my daughter,account_access,ds2_bitext,ACCOUNT,create_account,,
could you help me to create a business account for my fiance?,account_access,ds2_bitext,ACCOUNT,create_account,,
I cannot create a business account,account_access,ds2_bitext,ACCOUNT,create_account,,
"I ain't registered, I need to open a business account with you",account_access,ds2_bitext,ACCOUNT,create_account,,
how can i create a business account,account_access,ds2_bitext,ACCOUNT,create_account,,
i dont know what i need to do to open a business account,account_access,ds2_bitext,ACCOUNT,create_account,,
where can I get information about opening a business account?,account_access,ds2_bitext,ACCOUNT,create_account,,
can i create a gold account,account_access,ds2_bitext,ACCOUNT,create_account,,
need to open a business account,account_access,ds2_bitext,ACCOUNT,create_account,,
where to create a premium account for my daughter?,account_access,ds2_bitext,ACCOUNT,create_account,,
need help to open a freemium account for my daughter,account_access,ds2_bitext,ACCOUNT,create_account,,
"I have to open a gold account, how do I do it?",account_access,ds2_bitext,ACCOUNT,create_account,,
what do i have to do to open a business account,account_access,ds2_bitext,ACCOUNT,create_account,,
I cannot create a freemium accounmt for my daughter,account_access,ds2_bitext,ACCOUNT,create_account,,
i have to open a platinum account,account_access,ds2_bitext,ACCOUNT,create_account,,
where do i create a new fucking standard account,account_access,ds2_bitext,ACCOUNT,create_account,,
I do not know how to create a business account,account_access,ds2_bitext,ACCOUNT,create_account,,
open standard account for wife,account_access,ds2_bitext,ACCOUNT,create_account,,
i need informqtion about creating platinum accounts,account_access,ds2_bitext,ACCOUNT,create_account,,
i have got to create a standard account,account_access,ds2_bitext,ACCOUNT,create_account,,
"I ain't registered, assistance opening an account with you",account_access,ds2_bitext,ACCOUNT,create_account,,
I am looking for information about opening a business account,account_access,ds2_bitext,ACCOUNT,create_account,,
how do I create a business account for my daughter?,account_access,ds2_bitext,ACCOUNT,create_account,,
I don't know what to do to create a standard account,account_access,ds2_bitext,ACCOUNT,create_account,,
wanna open a business acfcount,account_access,ds2_bitext,ACCOUNT,create_account,,
is it possible to create a standard account,account_access,ds2_bitext,ACCOUNT,create_account,,
where do i open a standard account,account_access,ds2_bitext,ACCOUNT,create_account,,
create standard account for wife,account_access,ds2_bitext,ACCOUNT,create_account,,
i dont know what i need to do to create a standard account,account_access,ds2_bitext,ACCOUNT,create_account,,
can ya help me opening a gold account for my daughter,account_access,ds2_bitext,ACCOUNT,create_account,,
help me create a standard account,account_access,ds2_bitext,ACCOUNT,create_account,,
can ya tell me more about opening business accounts,account_access,ds2_bitext,ACCOUNT,create_account,,
where could I create a standard account for my daughter?,account_access,ds2_bitext,ACCOUNT,create_account,,
I have problems with opening my platinum account,account_access,ds2_bitext,ACCOUNT,create_account,,
i want assistance creating a standard account fr my fiance,account_access,ds2_bitext,ACCOUNT,create_account,,
tell me more about opening gold accounts,account_access,ds2_bitext,ACCOUNT,create_account,,
need assistance with opening my business account,account_access,ds2_bitext,ACCOUNT,create_account,,
I need help with opening my standard account,account_access,ds2_bitext,ACCOUNT,create_account,,
I need to create a standard account,account_access,ds2_bitext,ACCOUNT,create_account,,
assistance with creating a freemium account,account_access,ds2_bitext,ACCOUNT,create_account,,
open a business account for my dad,account_access,ds2_bitext,ACCOUNT,create_account,,
I need to create a gold account for my fiance,account_access,ds2_bitext,ACCOUNT,create_account,,
i waqnt information about opening standard accounts,account_access,ds2_bitext,ACCOUNT,create_account,,
I don't know how I can create a freemium account,account_access,ds2_bitext,ACCOUNT,create_account,,
I need information about opening pro accounts,account_access,ds2_bitext,ACCOUNT,create_account,,
i have to open a standard account for my dad,account_access,ds2_bitext,ACCOUNT,create_account,,
"I have not registered yet, assistance to open a pro account",account_access,ds2_bitext,ACCOUNT,create_account,,
I want assistance creating a gold account,account_access,ds2_bitext,ACCOUNT,create_account,,
"I need to open a new fucking standard account, help me",account_access,ds2_bitext,ACCOUNT,create_account,,
is it possible to create a standard account for my dad,account_access,ds2_bitext,ACCOUNT,create_account,,
information about creating standard accounts,account_access,ds2_bitext,ACCOUNT,create_account,,
i aint registered yet could i open a pro account withyou,account_access,ds2_bitext,ACCOUNT,create_account,,
i do not know how to open a standard account,account_access,ds2_bitext,ACCOUNT,create_account,,
"I ain't registered, I want to create a pro account",account_access,ds2_bitext,ACCOUNT,create_account,,
i want assistance to create a premium account,account_access,ds2_bitext,ACCOUNT,create_account,,
can I open a business account for my daughter?,account_access,ds2_bitext,ACCOUNT,create_account,,
another business account for father,account_access,ds2_bitext,ACCOUNT,create_account,,
have a problem with creating a platinum account,account_access,ds2_bitext,ACCOUNT,create_account,,
I don't know what I have to do to create a business account,account_access,ds2_bitext,ACCOUNT,create_account,,
new business acount for wife,account_access,ds2_bitext,ACCOUNT,create_account,,
how do I create a standard account?,account_access,ds2_bitext,ACCOUNT,create_account,,
can i open a standard account for my dad,account_access,ds2_bitext,ACCOUNT,create_account,,
opening gold account for wife,account_access,ds2_bitext,ACCOUNT,create_account,,
can I open a business account?,account_access,ds2_bitext,ACCOUNT,create_account,,
create gold account for wife,account_access,ds2_bitext,ACCOUNT,create_account,,
where to create a gold account,account_access,ds2_bitext,ACCOUNT,create_account,,
I'm not registered I'm trying to create a bloody business acount,account_access,ds2_bitext,ACCOUNT,create_account,,
can you help me create a standard account?,account_access,ds2_bitext,ACCOUNT,create_account,,
I have a problem with opening a standard account,account_access,ds2_bitext,ACCOUNT,create_account,,
"I haven't signed up, could I create a business account with you?",account_access,ds2_bitext,ACCOUNT,create_account,,
create new gold account for daughter,account_access,ds2_bitext,ACCOUNT,create_account,,
I want to know more about opening standard accounts,account_access,ds2_bitext,ACCOUNT,create_account,,
open a standard account for my dad,account_access,ds2_bitext,ACCOUNT,create_account,,
"I don't have a bloody standard account, can I open one?",account_access,ds2_bitext,ACCOUNT,create_account,,
I don't know how I can create a standard account for my dad,account_access,ds2_bitext,ACCOUNT,create_account,,
I have problems with creating my business acount,account_access,ds2_bitext,ACCOUNT,create_account,,
can I create a new bloody platinum account for my wife?,account_access,ds2_bitext,ACCOUNT,create_account,,
"I am not registered yet, want help to open a damn business accoun",account_access,ds2_bitext,ACCOUNT,create_account,,
i havent signed up yet help me creatin a customer profile,account_access,ds2_bitext,ACCOUNT,create_account,,
opening standard account for wife,account_access,ds2_bitext,ACCOUNT,create_account,,
is it possible to create a gold account,account_access,ds2_bitext,ACCOUNT,create_account,,
assistance creating a freemium account,account_access,ds2_bitext,ACCOUNT,create_account,,
where do I open a different bloody premium account?,account_access,ds2_bitext,ACCOUNT,create_account,,
i need assistance to create a standard account,account_access,ds2_bitext,ACCOUNT,create_account,,
assistance with creating a gold account,account_access,ds2_bitext,ACCOUNT,create_account,,
assistance with opening a standard account,account_access,ds2_bitext,ACCOUNT,create_account,,
how do I create a freemium account for my daughter?,account_access,ds2_bitext,ACCOUNT,create_account,,
i do not know how i can create a standard account,account_access,ds2_bitext,ACCOUNT,create_account,,
i have problems with creating a business account,account_access,ds2_bitext,ACCOUNT,create_account,,
i do not know how to create a business account for my dad,account_access,ds2_bitext,ACCOUNT,create_account,,
I don't know how I could oen a premium account for my fiance,account_access,ds2_bitext,ACCOUNT,create_account,,
asistance to open a pro account,account_access,ds2_bitext,ACCOUNT,create_account,,
where do I create a gold account?,account_access,ds2_bitext,ACCOUNT,create_account,,
problem with creatingmy business account,account_access,ds2_bitext,ACCOUNT,create_account,,
can ya help me to open a standard account for my dad,account_access,ds2_bitext,ACCOUNT,create_account,,
how can I create a gold account for my fiance?,account_access,ds2_bitext,ACCOUNT,create_account,,
i do not know hows i could open a standard account,account_access,ds2_bitext,ACCOUNT,create_account,,
open a premium acount for my dad,account_access,ds2_bitext,ACCOUNT,create_account,,
give me information about opening a business account,account_access,ds2_bitext,ACCOUNT,create_account,,
where do I open a standard account for my dad?,account_access,ds2_bitext,ACCOUNT,create_account,,
I need assistance with opening my gold account,account_access,ds2_bitext,ACCOUNT,create_account,,
I need help opening a new goddamn gold account,account_access,ds2_bitext,ACCOUNT,create_account,,
new freemium account for wife,account_access,ds2_bitext,ACCOUNT,create_account,,
have a question about creating fucking business accounts,account_access,ds2_bitext,ACCOUNT,create_account,,
i do not know how ican open a premium account for my fiance,account_access,ds2_bitext,ACCOUNT,create_account,,
i have a problem with opening a standard account,account_access,ds2_bitext,ACCOUNT,create_account,,
I do not know how I can open a premium account,account_access,ds2_bitext,ACCOUNT,create_account,,
need to create an standard account,account_access,ds2_bitext,ACCOUNT,create_account,,
opening new business account for daughter,account_access,ds2_bitext,ACCOUNT,create_account,,
"I do not have a freemium account, help me register",account_access,ds2_bitext,ACCOUNT,create_account,,
i havent registered yet i need help creating a business account,account_access,ds2_bitext,ACCOUNT,create_account,,
assistance to crete a platinum account,account_access,ds2_bitext,ACCOUNT,create_account,,
problems with creating a gold account,account_access,ds2_bitext,ACCOUNT,create_account,,
how do i create a pro account,account_access,ds2_bitext,ACCOUNT,create_account,,
question about opening standard accounts,account_access,ds2_bitext,ACCOUNT,create_account,,
i need assistance opening a platinum account for my daughter,account_access,ds2_bitext,ACCOUNT,create_account,,
how can i create a standard account,account_access,ds2_bitext,ACCOUNT,create_account,,
I want assistance creating a standard account for my fiance,account_access,ds2_bitext,ACCOUNT,create_account,,
could you tell me more about creating a platinum account?,account_access,ds2_bitext,ACCOUNT,create_account,,
what do I need to do to create a business account?,account_access,ds2_bitext,ACCOUNT,create_account,,
have problems with creazting my business account,account_access,ds2_bitext,ACCOUNT,create_account,,
i do not know what i need to do to open a business account,account_access,ds2_bitext,ACCOUNT,create_account,,
i need assistance opening a standard account for my daughter,account_access,ds2_bitext,ACCOUNT,create_account,,
I do not know how I can create a business account,account_access,ds2_bitext,ACCOUNT,create_account,,
want help opening a business account for my daughter,account_access,ds2_bitext,ACCOUNT,create_account,,
"I have not signed up, can I open a platinum account?",account_access,ds2_bitext,ACCOUNT,create_account,,
what do I have to do to create a standard account?,account_access,ds2_bitext,ACCOUNT,create_account,,
create new standard account for daughter,account_access,ds2_bitext,ACCOUNT,create_account,,
have a problem with opening a standard acount,account_access,ds2_bitext,ACCOUNT,create_account,,
creating new business account for daughter,account_access,ds2_bitext,ACCOUNT,create_account,,
"I do not have a pro account, could you help me to register?",account_access,ds2_bitext,ACCOUNT,create_account,,
I need assistance with opening my premium account,account_access,ds2_bitext,ACCOUNT,create_account,,
i want a standard accounr can ya help me creating it,account_access,ds2_bitext,ACCOUNT,create_account,,
could you help me create a standard account for my daughter?,account_access,ds2_bitext,ACCOUNT,create_account,,
opening new business account for daughter,account_access,ds2_bitext,ACCOUNT,create_account,,
I'm trying to open a platinum account for my fiance,account_access,ds2_bitext,ACCOUNT,create_account,,
can you help me opening a pro account?,account_access,ds2_bitext,ACCOUNT,create_account,,
can I open a standard account for my daughter?,account_access,ds2_bitext,ACCOUNT,create_account,,
I have a problem with opening a standard account,account_access,ds2_bitext,ACCOUNT,create_account,,
I have a problem with opening a premium account,account_access,ds2_bitext,ACCOUNT,create_account,,
opening new business account for daughter,account_access,ds2_bitext,ACCOUNT,create_account,,
I don't know how I can remove my standard account,account_access,ds2_bitext,ACCOUNT,delete_account,,
what do i have to do to remove the business account,account_access,ds2_bitext,ACCOUNT,delete_account,,
"I want to delete a business account, help me",account_access,ds2_bitext,ACCOUNT,delete_account,,
I don't know what I have to do to remove my standard account,account_access,ds2_bitext,ACCOUNT,delete_account,,
problem with freemium account cancellations,account_access,ds2_bitext,ACCOUNT,delete_account,,
I do not know what I have to do to cancel a standard account,account_access,ds2_bitext,ACCOUNT,delete_account,,
where can i find information about my gold account deletion,account_access,ds2_bitext,ACCOUNT,delete_account,,
I want help to close a standard account,account_access,ds2_bitext,ACCOUNT,delete_account,,
problem with standard account removals,account_access,ds2_bitext,ACCOUNT,delete_account,,
"I need to remove a business account, how can I do it?",account_access,ds2_bitext,ACCOUNT,delete_account,,
problems with business account deletions,account_access,ds2_bitext,ACCOUNT,delete_account,,
i dontuse my business account need assistance deleting it,account_access,ds2_bitext,ACCOUNT,delete_account,,
I do not know what I have to do to cancel my business account,account_access,ds2_bitext,ACCOUNT,delete_account,,
i dont know what to do to delete my platinum account,account_access,ds2_bitext,ACCOUNT,delete_account,,
"I no longer use my business account, help me cancelling it",account_access,ds2_bitext,ACCOUNT,delete_account,,
i do not know how to close my business account,account_access,ds2_bitext,ACCOUNT,delete_account,,
question about my business account removal,account_access,ds2_bitext,ACCOUNT,delete_account,,
can ya help me to cancel an standard account,account_access,ds2_bitext,ACCOUNT,delete_account,,
where can i find information about a gold account deletion,account_access,ds2_bitext,ACCOUNT,delete_account,,
i dont know what i need to do to cancel my business account,account_access,ds2_bitext,ACCOUNT,delete_account,,
I have a problem with the termination of my business account,account_access,ds2_bitext,ACCOUNT,delete_account,,
what do i need to do to cancel a bloody platinum account,account_access,ds2_bitext,ACCOUNT,delete_account,,
I need information about the cancellation of a business account,account_access,ds2_bitext,ACCOUNT,delete_account,,
help me to close the platinum account,account_access,ds2_bitext,ACCOUNT,delete_account,,
"I don't want the freemium account, I need help to close it",account_access,ds2_bitext,ACCOUNT,delete_account,,
question about the deletion of my standard account,account_access,ds2_bitext,ACCOUNT,delete_account,,
find information about the cancellation of a pro account,account_access,ds2_bitext,ACCOUNT,delete_account,,
need to remove the platinum account,account_access,ds2_bitext,ACCOUNT,delete_account,,
need help to cancel a standard account,account_access,ds2_bitext,ACCOUNT,delete_account,,
I don't know what to do to close my freemium account,account_access,ds2_bitext,ACCOUNT,delete_account,,
would it be possible to delete a business account?,account_access,ds2_bitext,ACCOUNT,delete_account,,
i need information about the termination of my business account,account_access,ds2_bitext,ACCOUNT,delete_account,,
how can I get information about my standard account removal?,account_access,ds2_bitext,ACCOUNT,delete_account,,
i don use my pro account help me close it,account_access,ds2_bitext,ACCOUNT,delete_account,,
what do I have to do to close a premium account?,account_access,ds2_bitext,ACCOUNT,delete_account,,
have a problem with the termination of a standard account,account_access,ds2_bitext,ACCOUNT,delete_account,,
I don't know what I need to do to cancel the business account,account_access,ds2_bitext,ACCOUNT,delete_account,,
i need information about the termination of a standard acount,account_access,ds2_bitext,ACCOUNT,delete_account,,
can I close a business account?,account_access,ds2_bitext,ACCOUNT,delete_account,,
watn assistance removing a standard account,account_access,ds2_bitext,ACCOUNT,delete_account,,
how can I get information about a gold account deletion?,account_access,ds2_bitext,ACCOUNT,delete_account,,
I don't know what I have to do to delete my standard account,account_access,ds2_bitext,ACCOUNT,delete_account,,
would you give me information about my business account removal?,account_access,ds2_bitext,ACCOUNT,delete_account,,
I don't know what to do to close my business account,account_access,ds2_bitext,ACCOUNT,delete_account,,
what do I have to do to close the business account?,account_access,ds2_bitext,ACCOUNT,delete_account,,
I do not know what I have to do to delete a gold account,account_access,ds2_bitext,ACCOUNT,delete_account,,
I do not know how to close a standard account,account_access,ds2_bitext,ACCOUNT,delete_account,,
I do not know what I need to do to cancel my premium account,account_access,ds2_bitext,ACCOUNT,delete_account,,
problems with business account terminations,account_access,ds2_bitext,ACCOUNT,delete_account,,
what do i have to do to delete my business account,account_access,ds2_bitext,ACCOUNT,delete_account,,
i have a problem with the deletion of my business account,account_access,ds2_bitext,ACCOUNT,delete_account,,
I do not know what I have to do to remove a damn business account,account_access,ds2_bitext,ACCOUNT,delete_account,,
i have a question about the removal of my standard account,account_access,ds2_bitext,ACCOUNT,delete_account,,
have a problem with the deletio of my premium account,account_access,ds2_bitext,ACCOUNT,delete_account,,
I need information about my freemium acclunt removal,account_access,ds2_bitext,ACCOUNT,delete_account,,
i do not know what i have to do to remove the business account,account_access,ds2_bitext,ACCOUNT,delete_account,,
can you help me to cancel the business account?,account_access,ds2_bitext,ACCOUNT,delete_account,,
I have problems with the cancellation of a business account,account_access,ds2_bitext,ACCOUNT,delete_account,,
how can i get information about my gold account removal,account_access,ds2_bitext,ACCOUNT,delete_account,,
can you help me to delete my premium account?,account_access,ds2_bitext,ACCOUNT,delete_account,,
could you help me cancel a gold account?,account_access,ds2_bitext,ACCOUNT,delete_account,,
I would like to delete my premium account,account_access,ds2_bitext,ACCOUNT,delete_account,,
I have a problem with the deletion of a business account,account_access,ds2_bitext,ACCOUNT,delete_account,,
have an question about the removal of my business account,account_access,ds2_bitext,ACCOUNT,delete_account,,
can you help me deleting the business account?,account_access,ds2_bitext,ACCOUNT,delete_account,,
"I have to close my bloody standard account, how to do it?",account_access,ds2_bitext,ACCOUNT,delete_account,,
can you help me canceling the goddamn platinum account?,account_access,ds2_bitext,ACCOUNT,delete_account,,
i dont know what i need to do to remove my standard account,account_access,ds2_bitext,ACCOUNT,delete_account,,
help me canceling my business account,account_access,ds2_bitext,ACCOUNT,delete_account,,
i have a problem with the deletino of a gold account,account_access,ds2_bitext,ACCOUNT,delete_account,,
i have a questioln about my standard account cancellation,account_access,ds2_bitext,ACCOUNT,delete_account,,
will you give me information about pro account terminations?,account_access,ds2_bitext,ACCOUNT,delete_account,,
how can i find information about business account removasl,account_access,ds2_bitext,ACCOUNT,delete_account,,
i dont know what to do to close a platinum account,account_access,ds2_bitext,ACCOUNT,delete_account,,
I want information about my platinum account termination,account_access,ds2_bitext,ACCOUNT,delete_account,,
I don't know what to do to delete a pro account,account_access,ds2_bitext,ACCOUNT,delete_account,,
problem with the deletion of a standard account,account_access,ds2_bitext,ACCOUNT,delete_account,,
what do I need to do to cancel my business account?,account_access,ds2_bitext,ACCOUNT,delete_account,,
I do not know what I have to do to close my standard account,account_access,ds2_bitext,ACCOUNT,delete_account,,
what do I have to do to cancel my standard acdcount?,account_access,ds2_bitext,ACCOUNT,delete_account,,
can ya help me cancel a business cacount,account_access,ds2_bitext,ACCOUNT,delete_account,,
how to cancel a business account?,account_access,ds2_bitext,ACCOUNT,delete_account,,
I have a problem with standard account cancellations,account_access,ds2_bitext,ACCOUNT,delete_account,,
"I do not use the damn standard account, help canceling it",account_access,ds2_bitext,ACCOUNT,delete_account,,
"I no longer use the goddamn business account, helpme cancel it",account_access,ds2_bitext,ACCOUNT,delete_account,,
how can I get information about a business account termination?,account_access,ds2_bitext,ACCOUNT,delete_account,,
problem with business account terminations,account_access,ds2_bitext,ACCOUNT,delete_account,,
I do not know what I need to do to close a pro account,account_access,ds2_bitext,ACCOUNT,delete_account,,
i dont use m platinum account i try to remove it,account_access,ds2_bitext,ACCOUNT,delete_account,,
i do not know how i can cancel my standard account,account_access,ds2_bitext,ACCOUNT,delete_account,,
give me information about business account cancellations,account_access,ds2_bitext,ACCOUNT,delete_account,,
I do not know how I could remove the business account,account_access,ds2_bitext,ACCOUNT,delete_account,,
information about the termination of my platinum account,account_access,ds2_bitext,ACCOUNT,delete_account,,
"I don't need my platinum account, help cancelling it",account_access,ds2_bitext,ACCOUNT,delete_account,,
would it be possible to close my standard account ?,account_access,ds2_bitext,ACCOUNT,delete_account,,
i have a problem with the removal of my business account,account_access,ds2_bitext,ACCOUNT,delete_account,,
would it be possible to delete a standard account?,account_access,ds2_bitext,ACCOUNT,delete_account,,
I do not know how I could remove the standard account,account_access,ds2_bitext,ACCOUNT,delete_account,,
give me informatipn about the termination of a pro account,account_access,ds2_bitext,ACCOUNT,delete_account,,
need help closing the standard account,account_access,ds2_bitext,ACCOUNT,delete_account,,
"I never use my goddamn business account, assistance removing it",account_access,ds2_bitext,ACCOUNT,delete_account,,
find information about the removal of a gold account,account_access,ds2_bitext,ACCOUNT,delete_account,,
where could I get information about business account deletions?,account_access,ds2_bitext,ACCOUNT,delete_account,,
where can i get information about a business account removal,account_access,ds2_bitext,ACCOUNT,delete_account,,
i want assistance to cancel a business account,account_access,ds2_bitext,ACCOUNT,delete_account,,
information about the removal of a pro account,account_access,ds2_bitext,ACCOUNT,delete_account,,
I do not know what I have to do to delete a standard account,account_access,ds2_bitext,ACCOUNT,delete_account,,
where can i find information about my business account deletion,account_access,ds2_bitext,ACCOUNT,delete_account,,
I have problems with the cancellation of a damn pro account,account_access,ds2_bitext,ACCOUNT,delete_account,,
information about the removal of my standard account,account_access,ds2_bitext,ACCOUNT,delete_account,,
question about the removal of a standard account,account_access,ds2_bitext,ACCOUNT,delete_account,,
how can I cancel a freemium account?,account_access,ds2_bitext,ACCOUNT,delete_account,,
give me information about the cancellation of a gold account,account_access,ds2_bitext,ACCOUNT,delete_account,,
i do not know what i need to do to cancel the gold account,account_access,ds2_bitext,ACCOUNT,delete_account,,
i want assistance to delete the business account,account_access,ds2_bitext,ACCOUNT,delete_account,,
"I do not need the standard account, can I cancel it?",account_access,ds2_bitext,ACCOUNT,delete_account,,
I do not know how to cancel my premium account,account_access,ds2_bitext,ACCOUNT,delete_account,,
I need assistance to remove my freemium account,account_access,ds2_bitext,ACCOUNT,delete_account,,
"I don't want my user account, help cancelling it",account_access,ds2_bitext,ACCOUNT,delete_account,,
I need information about a standard account cancellation,account_access,ds2_bitext,ACCOUNT,delete_account,,
I do not know how I can cancel my standard account,account_access,ds2_bitext,ACCOUNT,delete_account,,
problems with standard account cancellations,account_access,ds2_bitext,ACCOUNT,delete_account,,
i have to close my pro account,account_access,ds2_bitext,ACCOUNT,delete_account,,
can you help me deleting my business account?,account_access,ds2_bitext,ACCOUNT,delete_account,,
I don't know what I need to do to remove my standard account,account_access,ds2_bitext,ACCOUNT,delete_account,,
I don't know what I have to do to cancel my business account,account_access,ds2_bitext,ACCOUNT,delete_account,,
"I have to cancel my platinum account, how can I do it?",account_access,ds2_bitext,ACCOUNT,delete_account,,
"I never use the business account, can you help me to cancel it?",account_access,ds2_bitext,ACCOUNT,delete_account,,
want assistance to cancel my standard account,account_access,ds2_bitext,ACCOUNT,delete_account,,
I do not know what I have to do to close a business accoint,account_access,ds2_bitext,ACCOUNT,delete_account,,
what do I need to do to remove my standard account?,account_access,ds2_bitext,ACCOUNT,delete_account,,
I do not know how to close the standard azccount,account_access,ds2_bitext,ACCOUNT,delete_account,,
is it possible to cancel a platinum account,account_access,ds2_bitext,ACCOUNT,delete_account,,
I don't know what I have to do to close my standard account,account_access,ds2_bitext,ACCOUNT,delete_account,,
i do not know how i can remove the premium account,account_access,ds2_bitext,ACCOUNT,delete_account,,
problems with standard account deletions,account_access,ds2_bitext,ACCOUNT,delete_account,,
have problems with a business account removal,account_access,ds2_bitext,ACCOUNT,delete_account,,
I am trying toclose the standard account,account_access,ds2_bitext,ACCOUNT,delete_account,,
i need help to cancel a freemium account,account_access,ds2_bitext,ACCOUNT,delete_account,,
"I have got to close a premium account, I need help",account_access,ds2_bitext,ACCOUNT,delete_account,,
help me cancel my standard account,account_access,ds2_bitext,ACCOUNT,delete_account,,
I try to delete the business account,account_access,ds2_bitext,ACCOUNT,delete_account,,
problems with standard account deletions,account_access,ds2_bitext,ACCOUNT,delete_account,,
I want assistance to cancel a gold account,account_access,ds2_bitext,ACCOUNT,delete_account,,
i dont know how i can close the platinum account,account_access,ds2_bitext,ACCOUNT,delete_account,,
I do not know what to do to delete a pro account,account_access,ds2_bitext,ACCOUNT,delete_account,,
I do not know what to do to remove my standard account,account_access,ds2_bitext,ACCOUNT,delete_account,,
I need information about the cancellation of my business account,account_access,ds2_bitext,ACCOUNT,delete_account,,
i do not nkow how to delete the premium account,account_access,ds2_bitext,ACCOUNT,delete_account,,
i dont know what i have to do to delete a gold account,account_access,ds2_bitext,ACCOUNT,delete_account,,
i want aswistance to close a standard account,account_access,ds2_bitext,ACCOUNT,delete_account,,
i donbt know what i need to do to close my pro account,account_access,ds2_bitext,ACCOUNT,delete_account,,
I need information about the cancellation of a gold account,account_access,ds2_bitext,ACCOUNT,delete_account,,
i want assistance removing my business account,account_access,ds2_bitext,ACCOUNT,delete_account,,
i never use the pro account i need help deleting it,account_access,ds2_bitext,ACCOUNT,delete_account,,
could you help me to close my standard account?,account_access,ds2_bitext,ACCOUNT,delete_account,,
how can i get information about my pro account deletion,account_access,ds2_bitext,ACCOUNT,delete_account,,
I want help cancelling the standard account,account_access,ds2_bitext,ACCOUNT,delete_account,,
"I want to cancel a damn business account, I need help",account_access,ds2_bitext,ACCOUNT,delete_account,,
where can i fiond information about a pro account removal,account_access,ds2_bitext,ACCOUNT,delete_account,,
I'm trying to close my standard account,account_access,ds2_bitext,ACCOUNT,delete_account,,
i don use my business account i dont know how i can cancel it,account_access,ds2_bitext,ACCOUNT,delete_account,,
i want assistance to removce the premium account,account_access,ds2_bitext,ACCOUNT,delete_account,,
wsnna close a business account i need assistance,account_access,ds2_bitext,ACCOUNT,delete_account,,
I would like information about the deletion of my business acount,account_access,ds2_bitext,ACCOUNT,delete_account,,
i want help to delete my platinum account,account_access,ds2_bitext,ACCOUNT,delete_account,,
have problems with the removal of my gold account,account_access,ds2_bitext,ACCOUNT,delete_account,,
have a question about the termination of a Freemiumaccount,account_access,ds2_bitext,ACCOUNT,delete_account,,
i dnt use my standard account want help to delete it,account_access,ds2_bitext,ACCOUNT,delete_account,,
I need information about the deletion of my business account,account_access,ds2_bitext,ACCOUNT,delete_account,,
I don't know how I could delete the standard account,account_access,ds2_bitext,ACCOUNT,delete_account,,
I need help to close a standard account,account_access,ds2_bitext,ACCOUNT,delete_account,,
I need information about the cancellation of my business account,account_access,ds2_bitext,ACCOUNT,delete_account,,
I need help to deelete a pro account,account_access,ds2_bitext,ACCOUNT,delete_account,,
information about the cancellation of my standard account,account_access,ds2_bitext,ACCOUNT,delete_account,,
i want help removing my standard account,account_access,ds2_bitext,ACCOUNT,delete_account,,
i do not know what to od to cancel the freemium account,account_access,ds2_bitext,ACCOUNT,delete_account,,
i have a problem with the cancellation of a freemium account,account_access,ds2_bitext,ACCOUNT,delete_account,,
I don't know how to cancel the standard account,account_access,ds2_bitext,ACCOUNT,delete_account,,
i have problems with the deletion of a business account,account_access,ds2_bitext,ACCOUNT,delete_account,,
I do not know how I can close a standard account,account_access,ds2_bitext,ACCOUNT,delete_account,,
I have problems with the removal of my premium account,account_access,ds2_bitext,ACCOUNT,delete_account,,
how could i find infrmation about pro account removals,account_access,ds2_bitext,ACCOUNT,delete_account,,
"I need to cancel a business account, could you help me?",account_access,ds2_bitext,ACCOUNT,delete_account,,
I try to delete my platinum account,account_access,ds2_bitext,ACCOUNT,delete_account,,
I have a question about the removal of a standard account,account_access,ds2_bitext,ACCOUNT,delete_account,,
find information about the cancellation of my business account,account_access,ds2_bitext,ACCOUNT,delete_account,,
could you help me deleting a platinum account?,account_access,ds2_bitext,ACCOUNT,delete_account,,
I don't know what to do to remove the standard account,account_access,ds2_bitext,ACCOUNT,delete_account,,
question about the termination of my standard accout,account_access,ds2_bitext,ACCOUNT,delete_account,,
what do i have to do to delete the standard account,account_access,ds2_bitext,ACCOUNT,delete_account,,
give me information about the cancellation of my business account,account_access,ds2_bitext,ACCOUNT,delete_account,,
I have a question about the termination of my business account,account_access,ds2_bitext,ACCOUNT,delete_account,,
I do not know how I could remove my business account,account_access,ds2_bitext,ACCOUNT,delete_account,,
need assistance closing my freemium account,account_access,ds2_bitext,ACCOUNT,delete_account,,
I need information about the removal of a premium account,account_access,ds2_bitext,ACCOUNT,delete_account,,
can ya help me to cancel my freemium account,account_access,ds2_bitext,ACCOUNT,delete_account,,
what do i need to do to delete the business account,account_access,ds2_bitext,ACCOUNT,delete_account,,
question about the termination of my standard account,account_access,ds2_bitext,ACCOUNT,delete_account,,
wanna remove a business account can ya helpme,account_access,ds2_bitext,ACCOUNT,delete_account,,
I don't know how to remove my premium account,account_access,ds2_bitext,ACCOUNT,delete_account,,
"I do not need the business account, can you help me to close it?",account_access,ds2_bitext,ACCOUNT,delete_account,,
how can I cancel the standard account?,account_access,ds2_bitext,ACCOUNT,delete_account,,
i do not know what i have to do to delete the business account,account_access,ds2_bitext,ACCOUNT,delete_account,,
i do not know what to do to delete the pro account,account_access,ds2_bitext,ACCOUNT,delete_account,,
I have got to delete a standard account,account_access,ds2_bitext,ACCOUNT,delete_account,,
I don't know how to delete my platinum account,account_access,ds2_bitext,ACCOUNT,delete_account,,
I do not knw what to do to cancel my pro account,account_access,ds2_bitext,ACCOUNT,delete_account,,
what do I have to do to cancel my platinum account?,account_access,ds2_bitext,ACCOUNT,delete_account,,
I don't know what I have to do to cancel a business account,account_access,ds2_bitext,ACCOUNT,delete_account,,
I would like information about a business account removal,account_access,ds2_bitext,ACCOUNT,delete_account,,
problems with gold account cancellations,account_access,ds2_bitext,ACCOUNT,delete_account,,
I don't know what I need to do to cancel the business avcount,account_access,ds2_bitext,ACCOUNT,delete_account,,
information about the termination of my standard account,account_access,ds2_bitext,ACCOUNT,delete_account,,
give me information about the deletion of a pro account,account_access,ds2_bitext,ACCOUNT,delete_account,,
I want help to remove my freemium account,account_access,ds2_bitext,ACCOUNT,delete_account,,
"I no longer make use of my standard account, help me close it",account_access,ds2_bitext,ACCOUNT,delete_account,,
I need assistance cancelling my standard account,account_access,ds2_bitext,ACCOUNT,delete_account,,
i dont know what i need to do to close the standard account,account_access,ds2_bitext,ACCOUNT,delete_account,,
"I no longer need my standard account, I want to cancel it",account_access,ds2_bitext,ACCOUNT,delete_account,,
i no longer need my standard account how can i cancel it,account_access,ds2_bitext,ACCOUNT,delete_account,,
I do not know what I hae to do to close the standard account,account_access,ds2_bitext,ACCOUNT,delete_account,,
can I remove a freemium account?,account_access,ds2_bitext,ACCOUNT,delete_account,,
I would like information about standard account deletions,account_access,ds2_bitext,ACCOUNT,delete_account,,
I don't know what I have to do to cancel the business account,account_access,ds2_bitext,ACCOUNT,delete_account,,
can I close a standard account?,account_access,ds2_bitext,ACCOUNT,delete_account,,
problem with the removal of my standard account,account_access,ds2_bitext,ACCOUNT,delete_account,,
i never usethe standard account assistance to close it,account_access,ds2_bitext,ACCOUNT,delete_account,,
where can i find information about a business account deletion,account_access,ds2_bitext,ACCOUNT,delete_account,,
question about the removal of my standard account,account_access,ds2_bitext,ACCOUNT,delete_account,,
I don't know what I have to do to delete my platinum acount,account_access,ds2_bitext,ACCOUNT,delete_account,,
i dont use m freemium account I'm trying to cancel it,account_access,ds2_bitext,ACCOUNT,delete_account,,
I do not know what I have to do to delete a standard account,account_access,ds2_bitext,ACCOUNT,delete_account,,
can ya help me cancel my platinum account,account_access,ds2_bitext,ACCOUNT,delete_account,,
I want assistance deleting my standard account,account_access,ds2_bitext,ACCOUNT,delete_account,,
question about the rermoval of a standard account,account_access,ds2_bitext,ACCOUNT,delete_account,,
I need information about the termination of my business account,account_access,ds2_bitext,ACCOUNT,delete_account,,
I do not know how I can delete a standard account,account_access,ds2_bitext,ACCOUNT,delete_account,,
what do i have to do to cancel the business account,account_access,ds2_bitext,ACCOUNT,delete_account,,
give me information about the removal of my business account,account_access,ds2_bitext,ACCOUNT,delete_account,,
how can i get information about pro account cancellations,account_access,ds2_bitext,ACCOUNT,delete_account,,
problem with business account removals,account_access,ds2_bitext,ACCOUNT,delete_account,,
I don't know how I can close a standard account,account_access,ds2_bitext,ACCOUNT,delete_account,,
I do not know what to do to cancel the standard account,account_access,ds2_bitext,ACCOUNT,delete_account,,
have problems with the cancellation of my business account,account_access,ds2_bitext,ACCOUNT,delete_account,,
I don't know what to do to cancel the standard account,account_access,ds2_bitext,ACCOUNT,delete_account,,
I want information about the termination of my business account,account_access,ds2_bitext,ACCOUNT,delete_account,,
problem with standard acount deletions,account_access,ds2_bitext,ACCOUNT,delete_account,,
have a question about the cancellation of my business account,account_access,ds2_bitext,ACCOUNT,delete_account,,
information about the removal of a business account,account_access,ds2_bitext,ACCOUNT,delete_account,,
i do not know what i need to do to remove the business account,account_access,ds2_bitext,ACCOUNT,delete_account,,
problem with premium account deletions,account_access,ds2_bitext,ACCOUNT,delete_account,,
i have a problem with the termination of my standard account,account_access,ds2_bitext,ACCOUNT,delete_account,,
can you help me to delete the platinum account?,account_access,ds2_bitext,ACCOUNT,delete_account,,
what do i need to do to remove the business account,account_access,ds2_bitext,ACCOUNT,delete_account,,
"I do not want the premium account, can I delete it?",account_access,ds2_bitext,ACCOUNT,delete_account,,
I need help closing a platinum account,account_access,ds2_bitext,ACCOUNT,delete_account,,
I need information about the removal of my platinum account,account_access,ds2_bitext,ACCOUNT,delete_account,,
"I don't use my bloody pro account, how do I remove it?",account_access,ds2_bitext,ACCOUNT,delete_account,,
i need information about the termination of a business account,account_access,ds2_bitext,ACCOUNT,delete_account,,
i need assistance removing my standard account,account_access,ds2_bitext,ACCOUNT,delete_account,,
i do not know what to do to close the standard account,account_access,ds2_bitext,ACCOUNT,delete_account,,
could you help me cancelling the standard account?,account_access,ds2_bitext,ACCOUNT,delete_account,,
I have a problem with the deletion of a business account,account_access,ds2_bitext,ACCOUNT,delete_account,,
I want information about my standard account termination,account_access,ds2_bitext,ACCOUNT,delete_account,,
need assistance to cancel my freemium account,account_access,ds2_bitext,ACCOUNT,delete_account,,
I want assistance to close my business account,account_access,ds2_bitext,ACCOUNT,delete_account,,
how can i find information about my business account removal,account_access,ds2_bitext,ACCOUNT,delete_account,,
i want information about the deletion of my business accounnt,account_access,ds2_bitext,ACCOUNT,delete_account,,
I want assistance canceling a standard acount,account_access,ds2_bitext,ACCOUNT,delete_account,,
give me information about the deletion of a gold account,account_access,ds2_bitext,ACCOUNT,delete_account,,
problem with standard account terminations,account_access,ds2_bitext,ACCOUNT,delete_account,,
I do not know how to cancel the fucking standard account,account_access,ds2_bitext,ACCOUNT,delete_account,,
"I do not need my standard account, I want help to delete it",account_access,ds2_bitext,ACCOUNT,delete_account,,
I want assistance deleting a standard account,account_access,ds2_bitext,ACCOUNT,delete_account,,
how can I find information about my premium account removal?,account_access,ds2_bitext,ACCOUNT,delete_account,,
i need information about my standard account deletion,account_access,ds2_bitext,ACCOUNT,delete_account,,
give me information about the removal of a premium account,account_access,ds2_bitext,ACCOUNT,delete_account,,
I want help to cancel the freemium account,account_access,ds2_bitext,ACCOUNT,delete_account,,
"I no longer use the business account, I want help removing it",account_access,ds2_bitext,ACCOUNT,delete_account,,
"I no longer use my business account, I need help removing it",account_access,ds2_bitext,ACCOUNT,delete_account,,
information about the deletion of a business account,account_access,ds2_bitext,ACCOUNT,delete_account,,
I have a problem with the cancellation of a freemium account,account_access,ds2_bitext,ACCOUNT,delete_account,,
"I never use my standard account, could I cancel it?",account_access,ds2_bitext,ACCOUNT,delete_account,,
i have a question about the cancellation of a business account,account_access,ds2_bitext,ACCOUNT,delete_account,,
how to close a platinum account,account_access,ds2_bitext,ACCOUNT,delete_account,,
I want information about a standard account cancellation,account_access,ds2_bitext,ACCOUNT,delete_account,,
problems with the removal of my gold account,account_access,ds2_bitext,ACCOUNT,delete_account,,
what do I need to do to delete a standard account?,account_access,ds2_bitext,ACCOUNT,delete_account,,
I need information about the removal of a gold account,account_access,ds2_bitext,ACCOUNT,delete_account,,
question about my business account cancellation,account_access,ds2_bitext,ACCOUNT,delete_account,,
I don't know what I need to do to close a business account,account_access,ds2_bitext,ACCOUNT,delete_account,,
I don't know how to cancel the business account,account_access,ds2_bitext,ACCOUNT,delete_account,,
I need assistance to remove my business account,account_access,ds2_bitext,ACCOUNT,delete_account,,
i need information about the cancellation of a gold acocunt,account_access,ds2_bitext,ACCOUNT,delete_account,,
I need help cancelling a standard account,account_access,ds2_bitext,ACCOUNT,delete_account,,
would it be possible to close a standard cacount,account_access,ds2_bitext,ACCOUNT,delete_account,,
I want information about the termination of a business account,account_access,ds2_bitext,ACCOUNT,delete_account,,
find information about the termination of a freemium account,account_access,ds2_bitext,ACCOUNT,delete_account,,
I dl not know what to do to delete the standard account,account_access,ds2_bitext,ACCOUNT,delete_account,,
i dont know what to do to close my standard account,account_access,ds2_bitext,ACCOUNT,delete_account,,
i no longer use my bloody pro account how cani delete it,account_access,ds2_bitext,ACCOUNT,delete_account,,
I'm trying to cancel my standard account,account_access,ds2_bitext,ACCOUNT,delete_account,,
I don't know how I can close my platinum account,account_access,ds2_bitext,ACCOUNT,delete_account,,
"I don't use the gold account, can I remove it?",account_access,ds2_bitext,ACCOUNT,delete_account,,
where can I get information about a gold account removal?,account_access,ds2_bitext,ACCOUNT,delete_account,,
I have a question about the removal of a premium account,account_access,ds2_bitext,ACCOUNT,delete_account,,
"I have got to close my damn platinum account, I need help",account_access,ds2_bitext,ACCOUNT,delete_account,,
i do not know what i have to do to delete my premium account,account_access,ds2_bitext,ACCOUNT,delete_account,,
problem with premium account terminations,account_access,ds2_bitext,ACCOUNT,delete_account,,
I want help closing a freemium account,account_access,ds2_bitext,ACCOUNT,delete_account,,
information about the cancellation of a pro account,account_access,ds2_bitext,ACCOUNT,delete_account,,
I need to remove the business account,account_access,ds2_bitext,ACCOUNT,delete_account,,
i have problems with the removal of my business account,account_access,ds2_bitext,ACCOUNT,delete_account,,
how do I remove a pro account?,account_access,ds2_bitext,ACCOUNT,delete_account,,
I don't know what I have to do to close a standard account,account_access,ds2_bitext,ACCOUNT,delete_account,,
I have problems with the removal of a standard account,account_access,ds2_bitext,ACCOUNT,delete_account,,
question about the cancellation of a standard account,account_access,ds2_bitext,ACCOUNT,delete_account,,
I don't know what I have to do to cancel my business account,account_access,ds2_bitext,ACCOUNT,delete_account,,
i do not knoww what i need to do to close the business account,account_access,ds2_bitext,ACCOUNT,delete_account,,
how can I find information about a business account termination?,account_access,ds2_bitext,ACCOUNT,delete_account,,
i dont know what i need to do to cancel a platinum account,account_access,ds2_bitext,ACCOUNT,delete_account,,
I have a problem with the removal of a standard account,account_access,ds2_bitext,ACCOUNT,delete_account,,
"I don't need the damn platinum account, I try to close it",account_access,ds2_bitext,ACCOUNT,delete_account,,
I don't know what I haqve to do to close a pro account,account_access,ds2_bitext,ACCOUNT,delete_account,,
I would like information about my business account cancellation,account_access,ds2_bitext,ACCOUNT,delete_account,,
can I close a standard account?,account_access,ds2_bitext,ACCOUNT,delete_account,,
I don't know what I have to do to delete my standard acount,account_access,ds2_bitext,ACCOUNT,delete_account,,
I have to close the standard account,account_access,ds2_bitext,ACCOUNT,delete_account,,
I am trying to find information about a business account removal,account_access,ds2_bitext,ACCOUNT,delete_account,,
i have to delete the fucking freemium account i need help,account_access,ds2_bitext,ACCOUNT,delete_account,,
"I never use the damn gold account, can I delete it?",account_access,ds2_bitext,ACCOUNT,delete_account,,
can you help me closing a standard account?,account_access,ds2_bitext,ACCOUNT,delete_account,,
i no longer need my fucking pro account help me to remoe it,account_access,ds2_bitext,ACCOUNT,delete_account,,
want assistance closing my standard account,account_access,ds2_bitext,ACCOUNT,delete_account,,
i dont know what i need to do to cancel a premium accounnt,account_access,ds2_bitext,ACCOUNT,delete_account,,
"I never use my pro account, I do not know how to remove it",account_access,ds2_bitext,ACCOUNT,delete_account,,
give me information about my freemium account termination,account_access,ds2_bitext,ACCOUNT,delete_account,,
help me remove a standard account,account_access,ds2_bitext,ACCOUNT,delete_account,,
I want information about the removal of my business account,account_access,ds2_bitext,ACCOUNT,delete_account,,
I need information about the deletion of my business account,account_access,ds2_bitext,ACCOUNT,delete_account,,
have a problem with the cancellation of my gold account,account_access,ds2_bitext,ACCOUNT,delete_account,,
help removing the pro account,account_access,ds2_bitext,ACCOUNT,delete_account,,
what do i need to do to close a premium account,account_access,ds2_bitext,ACCOUNT,delete_account,,
"I never use the standard account, how can I remove it?",account_access,ds2_bitext,ACCOUNT,delete_account,,
problem with standard account removals,account_access,ds2_bitext,ACCOUNT,delete_account,,
I have problems with the deletion of my standard account,account_access,ds2_bitext,ACCOUNT,delete_account,,
need ot cancel my premium account,account_access,ds2_bitext,ACCOUNT,delete_account,,
problem with business account cancellations,account_access,ds2_bitext,ACCOUNT,delete_account,,
i dont know what to do to cancel the platinum account,account_access,ds2_bitext,ACCOUNT,delete_account,,
find information about the deletion of a business account,account_access,ds2_bitext,ACCOUNT,delete_account,,
I am looking for information about a pro account removal,account_access,ds2_bitext,ACCOUNT,delete_account,,
question about the cancellation of my standard account,account_access,ds2_bitext,ACCOUNT,delete_account,,
problem with platinum account removals,account_access,ds2_bitext,ACCOUNT,delete_account,,
I need information about the termination of my pro account,account_access,ds2_bitext,ACCOUNT,delete_account,,
I needassistance to close the gold account,account_access,ds2_bitext,ACCOUNT,delete_account,,
problems with the deletion of my business accoun,account_access,ds2_bitext,ACCOUNT,delete_account,,
i want information about the cancellation of a pro account,account_access,ds2_bitext,ACCOUNT,delete_account,,
is it possible to delete my standard account?,account_access,ds2_bitext,ACCOUNT,delete_account,,
i do not know how ot delete my standard account,account_access,ds2_bitext,ACCOUNT,delete_account,,
I don't know what I have to do to close my pro account,account_access,ds2_bitext,ACCOUNT,delete_account,,
problem with business acconut removals,account_access,ds2_bitext,ACCOUNT,delete_account,,
I have a problem with the termination of a premium account,account_access,ds2_bitext,ACCOUNT,delete_account,,
i need assistance to remove the platinum account,account_access,ds2_bitext,ACCOUNT,delete_account,,
find information about the termination of a standard account,account_access,ds2_bitext,ACCOUNT,delete_account,,
"I no longer need the user, can I remove it?",account_access,ds2_bitext,ACCOUNT,delete_account,,
where can I getinformation about a freemium account removal?,account_access,ds2_bitext,ACCOUNT,delete_account,,
want assistance to delete a gold account,account_access,ds2_bitext,ACCOUNT,delete_account,,
i dont know what i need to do to delete a standard account,account_access,ds2_bitext,ACCOUNT,delete_account,,
help me cancelling the business account,account_access,ds2_bitext,ACCOUNT,delete_account,,
I do not know what I have to do to remove a business account,account_access,ds2_bitext,ACCOUNT,delete_account,,
I do not know what I have to do to cancel the premium acount,account_access,ds2_bitext,ACCOUNT,delete_account,,
"I don't make use of my business account, help to delete it",account_access,ds2_bitext,ACCOUNT,delete_account,,
"I no longer need the business account, I want to delete it",account_access,ds2_bitext,ACCOUNT,delete_account,,
problem with business account terminations,account_access,ds2_bitext,ACCOUNT,delete_account,,
is it possible to remove a standard account,account_access,ds2_bitext,ACCOUNT,delete_account,,
have a problem with the removal of my standard account,account_access,ds2_bitext,ACCOUNT,delete_account,,
i do not use my standard account i try to close it,account_access,ds2_bitext,ACCOUNT,delete_account,,
"I don't use my standard account, I want help to close it",account_access,ds2_bitext,ACCOUNT,delete_account,,
what do I need to do to delete a goddamn gold account?,account_access,ds2_bitext,ACCOUNT,delete_account,,
I do not know what I need to do to close my business account,account_access,ds2_bitext,ACCOUNT,delete_account,,
is it possible to delete a premium account,account_access,ds2_bitext,ACCOUNT,delete_account,,
problems with pro account terminations,account_access,ds2_bitext,ACCOUNT,delete_account,,
"I want to close my bloody business account, can you help me?",account_access,ds2_bitext,ACCOUNT,delete_account,,
I have problems with the termination of my standard account,account_access,ds2_bitext,ACCOUNT,delete_account,,
have a question about my standard account cancellation,account_access,ds2_bitext,ACCOUNT,delete_account,,
I don't know what to do to close a pro accoount,account_access,ds2_bitext,ACCOUNT,delete_account,,
I do not know what I have to do to remove ym pro account,account_access,ds2_bitext,ACCOUNT,delete_account,,
problems with pro account removals,account_access,ds2_bitext,ACCOUNT,delete_account,,
I need assistance canceling a fucking premium account,account_access,ds2_bitext,ACCOUNT,delete_account,,
I am trying to find information about a gold account removal,account_access,ds2_bitext,ACCOUNT,delete_account,,
I do not know hgow to remove the standard account,account_access,ds2_bitext,ACCOUNT,delete_account,,
problem with gold account terminations,account_access,ds2_bitext,ACCOUNT,delete_account,,
problems with freemium account removals,account_access,ds2_bitext,ACCOUNT,delete_account,,
problem with standard account terminations,account_access,ds2_bitext,ACCOUNT,delete_account,,
how could I get information about a pro account deletion?,account_access,ds2_bitext,ACCOUNT,delete_account,,
I'm trying to cancel the business account,account_access,ds2_bitext,ACCOUNT,delete_account,,
I do not know what to do to remove a damn platinum account,account_access,ds2_bitext,ACCOUNT,delete_account,,
I don't know what I need to do to cancel the premium account,account_access,ds2_bitext,ACCOUNT,delete_account,,
I do not know what to do to remove a business account,account_access,ds2_bitext,ACCOUNT,delete_account,,
pfoblem with standard account terminations,account_access,ds2_bitext,ACCOUNT,delete_account,,
could uhelp me to close my freemium account,account_access,ds2_bitext,ACCOUNT,delete_account,,
i want information about the removal of a standard account,account_access,ds2_bitext,ACCOUNT,delete_account,,
i have a question about the termination of a freemium acount,account_access,ds2_bitext,ACCOUNT,delete_account,,
find information about the deletion of my gold account,account_access,ds2_bitext,ACCOUNT,delete_account,,
I want assistance deleting a gold account,account_access,ds2_bitext,ACCOUNT,delete_account,,
what do I have to do to close the business account?,account_access,ds2_bitext,ACCOUNT,delete_account,,
can ya help me cancelling my business account,account_access,ds2_bitext,ACCOUNT,delete_account,,
"I don't need the damn business account, how can I close it?",account_access,ds2_bitext,ACCOUNT,delete_account,,
"I do not use my business account, I want assistance cancelling it",account_access,ds2_bitext,ACCOUNT,delete_account,,
I want assistance deleting my premium account,account_access,ds2_bitext,ACCOUNT,delete_account,,
can ya help me cancel my standard account,account_access,ds2_bitext,ACCOUNT,delete_account,,
I don't know how to remove the standard account,account_access,ds2_bitext,ACCOUNT,delete_account,,
problems with the termination of a standard account,account_access,ds2_bitext,ACCOUNT,delete_account,,
I do not know what I need to do to cancel the gold account,account_access,ds2_bitext,ACCOUNT,delete_account,,
I don't know what I have to do to close a platinum account,account_access,ds2_bitext,ACCOUNT,delete_account,,
i have a problem with the termination of my business account,account_access,ds2_bitext,ACCOUNT,delete_account,,
could i remove my standard account,account_access,ds2_bitext,ACCOUNT,delete_account,,
give me information about the removal of my standard account,account_access,ds2_bitext,ACCOUNT,delete_account,,
I want information about the removal of my freemium account,account_access,ds2_bitext,ACCOUNT,delete_account,,
problem with standard account cancellations,account_access,ds2_bitext,ACCOUNT,delete_account,,
I want assistance to delete my business account,account_access,ds2_bitext,ACCOUNT,delete_account,,
"I would like to close my standard account, can you help me?",account_access,ds2_bitext,ACCOUNT,delete_account,,
have problems with the deletion of my gold account,account_access,ds2_bitext,ACCOUNT,delete_account,,
problem with the cancellation of my business account,account_access,ds2_bitext,ACCOUNT,delete_account,,
i want assistance removing my damn business account,account_access,ds2_bitext,ACCOUNT,delete_account,,
where can i get information about an business account deletion,account_access,ds2_bitext,ACCOUNT,delete_account,,
help me delete my standard accoun,account_access,ds2_bitext,ACCOUNT,delete_account,,
i dont know how i could delpete the goddamn business account,account_access,ds2_bitext,ACCOUNT,delete_account,,
i dont know what to do to cancel a freemium account,account_access,ds2_bitext,ACCOUNT,delete_account,,
problems with premium account deletions,account_access,ds2_bitext,ACCOUNT,delete_account,,
I am looking for information about my pro account deletion,account_access,ds2_bitext,ACCOUNT,delete_account,,
"I never use my premium account, can I cancel it?",account_access,ds2_bitext,ACCOUNT,delete_account,,
i do not know what to do to close my standard account,account_access,ds2_bitext,ACCOUNT,delete_account,,
i dont know what i have to do to close my gold account,account_access,ds2_bitext,ACCOUNT,delete_account,,
"I don't need my fucking standard account, I want to close it",account_access,ds2_bitext,ACCOUNT,delete_account,,
can you help me cancelling the standard account?,account_access,ds2_bitext,ACCOUNT,delete_account,,
I don't know how to delete my standard account,account_access,ds2_bitext,ACCOUNT,delete_account,,
I do not know how I can cancel the standard acconut,account_access,ds2_bitext,ACCOUNT,delete_account,,
help me cancel the business account,account_access,ds2_bitext,ACCOUNT,delete_account,,
problem with the removal of a freemium account,account_access,ds2_bitext,ACCOUNT,delete_account,,
"I never use the pro account, I want to delete it",account_access,ds2_bitext,ACCOUNT,delete_account,,
I don't knwo what I have to do to cancel a premium account,account_access,ds2_bitext,ACCOUNT,delete_account,,
information about the termination of my pro account,account_access,ds2_bitext,ACCOUNT,delete_account,,
I do not know what I have to do to cancel a standard account,account_access,ds2_bitext,ACCOUNT,delete_account,,
"I no longer use the standard account, assistance removing it",account_access,ds2_bitext,ACCOUNT,delete_account,,
problem with the termination of my standard account,account_access,ds2_bitext,ACCOUNT,delete_account,,
"I no longer need my damn account, how do I delete it?",account_access,ds2_bitext,ACCOUNT,delete_account,,
I have a question about my freemium account termination,account_access,ds2_bitext,ACCOUNT,delete_account,,
is it possible to remove the business account,account_access,ds2_bitext,ACCOUNT,delete_account,,
problem with standard account cancellations,account_access,ds2_bitext,ACCOUNT,delete_account,,
i want assistance cancelling an standard account,account_access,ds2_bitext,ACCOUNT,delete_account,,
i want help to close my standard accouny,account_access,ds2_bitext,ACCOUNT,delete_account,,
I don't know what I need to do to remove a standard account,account_access,ds2_bitext,ACCOUNT,delete_account,,
i want information about a standard account removal,account_access,ds2_bitext,ACCOUNT,delete_account,,
I don't know what to do to remove the premium account,account_access,ds2_bitext,ACCOUNT,delete_account,,
what do I need to do to close a fucking gold account?,account_access,ds2_bitext,ACCOUNT,delete_account,,
I need assistance removign the gold account,account_access,ds2_bitext,ACCOUNT,delete_account,,
i dont know what i have to do to remove my business account,account_access,ds2_bitext,ACCOUNT,delete_account,,
i want assistance to close the standard account,account_access,ds2_bitext,ACCOUNT,delete_account,,
I need assistance canceling a business account,account_access,ds2_bitext,ACCOUNT,delete_account,,
find informationabout the termination of a freemium account,account_access,ds2_bitext,ACCOUNT,delete_account,,
"I don't use my gold account, I want assistance removing it",account_access,ds2_bitext,ACCOUNT,delete_account,,
i dont know what i need to do to delete a standard account,account_access,ds2_bitext,ACCOUNT,delete_account,,
i have a question about the termination of a standard acount,account_access,ds2_bitext,ACCOUNT,delete_account,,
I don't know what to do to remove the platinum account,account_access,ds2_bitext,ACCOUNT,delete_account,,
i want assistance deleting the business account,account_access,ds2_bitext,ACCOUNT,delete_account,,
problem with a pro account removal,account_access,ds2_bitext,ACCOUNT,delete_account,,
I don't know how to close my standard account,account_access,ds2_bitext,ACCOUNT,delete_account,,
I want assistance closing the freemium account,account_access,ds2_bitext,ACCOUNT,delete_account,,
i have a question about the deletion of a standard account,account_access,ds2_bitext,ACCOUNT,delete_account,,
i dont use mystandard account i try to delete it,account_access,ds2_bitext,ACCOUNT,delete_account,,
problems with platinum account deletions,account_access,ds2_bitext,ACCOUNT,delete_account,,
"I would like to close my gold account, help me",account_access,ds2_bitext,ACCOUNT,delete_account,,
find information about the deletion of my freemium account,account_access,ds2_bitext,ACCOUNT,delete_account,,
i dont know what i need to do to remove the platinum account,account_access,ds2_bitext,ACCOUNT,delete_account,,
i do notuse the bloody business account i try to delete it,account_access,ds2_bitext,ACCOUNT,delete_account,,
where can I find information about a business account removal?,account_access,ds2_bitext,ACCOUNT,delete_account,,
problem with business account deletions,account_access,ds2_bitext,ACCOUNT,delete_account,,
find information about the cancellation of my pro account,account_access,ds2_bitext,ACCOUNT,delete_account,,
what do i need to do to remove the standard account,account_access,ds2_bitext,ACCOUNT,delete_account,,
i dont know what i have to do to delete my business account,account_access,ds2_bitext,ACCOUNT,delete_account,,
I would like information about my gold account cancellation,account_access,ds2_bitext,ACCOUNT,delete_account,,
what do I need to do to remove the business account?,account_access,ds2_bitext,ACCOUNT,delete_account,,
I don't know what to do to cancel my standard account,account_access,ds2_bitext,ACCOUNT,delete_account,,
I do not know how I can cancel a platinum account,account_access,ds2_bitext,ACCOUNT,delete_account,,
could uhelp me close a freemium account,account_access,ds2_bitext,ACCOUNT,delete_account,,
i want information about the termination of my pro account,account_access,ds2_bitext,ACCOUNT,delete_account,,
need assistance to cancel the business account,account_access,ds2_bitext,ACCOUNT,delete_account,,
I don't know what I have to do to delete a premium account,account_access,ds2_bitext,ACCOUNT,delete_account,,
I do not know what I need to do to close the business account,account_access,ds2_bitext,ACCOUNT,delete_account,,
"I never make use of the gold account, help me deleting it",account_access,ds2_bitext,ACCOUNT,delete_account,,
I do not know how I could close my damn freemium account,account_access,ds2_bitext,ACCOUNT,delete_account,,
I don't know what to do to delete a gold account,account_access,ds2_bitext,ACCOUNT,delete_account,,
where can I get information about a business account deletion?,account_access,ds2_bitext,ACCOUNT,delete_account,,
I want assistance deleting my business account,account_access,ds2_bitext,ACCOUNT,delete_account,,
i have a question about the cancellation of my business account,account_access,ds2_bitext,ACCOUNT,delete_account,,
i have a question about the cancellation of my business account,account_access,ds2_bitext,ACCOUNT,delete_account,,
couldyou help me to cancel the goddamn business account?,account_access,ds2_bitext,ACCOUNT,delete_account,,
i do not know what i need to do to delete a standard acclunt,account_access,ds2_bitext,ACCOUNT,delete_account,,
cold uhelp me deleting my platinum account,account_access,ds2_bitext,ACCOUNT,delete_account,,
whta do I have to do to close my standard account?,account_access,ds2_bitext,ACCOUNT,delete_account,,
I don't know how I can close a standard account,account_access,ds2_bitext,ACCOUNT,delete_account,,
hwlp me remove the standard account,account_access,ds2_bitext,ACCOUNT,delete_account,,
"I do not need the platinum account, I have got to cancel it",account_access,ds2_bitext,ACCOUNT,delete_account,,
I do not know what I need to do to remove the business account,account_access,ds2_bitext,ACCOUNT,delete_account,,
have a problem with platinum account deletions,account_access,ds2_bitext,ACCOUNT,delete_account,,
i do not know what i need to do to remove a business account,account_access,ds2_bitext,ACCOUNT,delete_account,,
I would like information about the removal of a business account,account_access,ds2_bitext,ACCOUNT,delete_account,,
could ya help me cancel the standard account,account_access,ds2_bitext,ACCOUNT,delete_account,,
i do not know what i have to do to delete a business account,account_access,ds2_bitext,ACCOUNT,delete_account,,
i want help to close the standard account,account_access,ds2_bitext,ACCOUNT,delete_account,,
how can i find information about my standard account removal,account_access,ds2_bitext,ACCOUNT,delete_account,,
I want assistance to remove a premium accojnt,account_access,ds2_bitext,ACCOUNT,delete_account,,
I need assistance deleting a standard account,account_access,ds2_bitext,ACCOUNT,delete_account,,
where can I find information about business account terminations?,account_access,ds2_bitext,ACCOUNT,delete_account,,
I don't know what I have to do to cancel a premium account,account_access,ds2_bitext,ACCOUNT,delete_account,,
how can I get information about gold account deletions?,account_access,ds2_bitext,ACCOUNT,delete_account,,
i do not kow how i could delete the goddamn standard account,account_access,ds2_bitext,ACCOUNT,delete_account,,
what do i have to do to remove a standard account,account_access,ds2_bitext,ACCOUNT,delete_account,,
I have a problem with the deletion of my standard account,account_access,ds2_bitext,ACCOUNT,delete_account,,
give me information about the deletion of my business account,account_access,ds2_bitext,ACCOUNT,delete_account,,
can you help me close a standard account?,account_access,ds2_bitext,ACCOUNT,delete_account,,
problems with standard account cancellations,account_access,ds2_bitext,ACCOUNT,delete_account,,
I want help canceling my business account,account_access,ds2_bitext,ACCOUNT,delete_account,,
i have a problem with the cancellation of my standard account,account_access,ds2_bitext,ACCOUNT,delete_account,,
how can I close my standard account?,account_access,ds2_bitext,ACCOUNT,delete_account,,
problem with business account cancellations,account_access,ds2_bitext,ACCOUNT,delete_account,,
i dont know what i need to do to remove the freemium account,account_access,ds2_bitext,ACCOUNT,delete_account,,
problem with standard acount deletions,account_access,ds2_bitext,ACCOUNT,delete_account,,
I need assistance removing the standard account,account_access,ds2_bitext,ACCOUNT,delete_account,,
i dont know what i have to do to delete my standard account,account_access,ds2_bitext,ACCOUNT,delete_account,,
problem with standard account deletions,account_access,ds2_bitext,ACCOUNT,delete_account,,
i have problems with the cancellation of a standard account,account_access,ds2_bitext,ACCOUNT,delete_account,,
"I don't need my standard account, help cancelling it",account_access,ds2_bitext,ACCOUNT,delete_account,,
i dont know what to do to delete the goddamn standard acount,account_access,ds2_bitext,ACCOUNT,delete_account,,
I am trying to find information about business account removals,account_access,ds2_bitext,ACCOUNT,delete_account,,
I want assistance to delete a bloody gold account,account_access,ds2_bitext,ACCOUNT,delete_account,,
what do i have to do to close the business account,account_access,ds2_bitext,ACCOUNT,delete_account,,
"I don't need my damn standard account, I have to remove it",account_access,ds2_bitext,ACCOUNT,delete_account,,
I don't know how I can remove my standard account,account_access,ds2_bitext,ACCOUNT,delete_account,,
problems with standard account terminations,account_access,ds2_bitext,ACCOUNT,delete_account,,
I need information about the termination of a pro account,account_access,ds2_bitext,ACCOUNT,delete_account,,
problems with the removal of my standard account,account_access,ds2_bitext,ACCOUNT,delete_account,,
"I do not need the standard account, help to delete it",account_access,ds2_bitext,ACCOUNT,delete_account,,
how can I find information about business account deletions?,account_access,ds2_bitext,ACCOUNT,delete_account,,
I ned information about the termination of a gold account,account_access,ds2_bitext,ACCOUNT,delete_account,,
how can I get information about platinum account deletions?,account_access,ds2_bitext,ACCOUNT,delete_account,,
I do not know what to do to remove a premium account,account_access,ds2_bitext,ACCOUNT,delete_account,,
i need assistance removing my pro account,account_access,ds2_bitext,ACCOUNT,delete_account,,
I want informatoin about the cancellation of my business account,account_access,ds2_bitext,ACCOUNT,delete_account,,
give me information about the deletion of my Freemiumaccount,account_access,ds2_bitext,ACCOUNT,delete_account,,
I don't know how I could delete my standard account,account_access,ds2_bitext,ACCOUNT,delete_account,,
"I do not need my damn standard account, help to close it",account_access,ds2_bitext,ACCOUNT,delete_account,,
i want assistance canceling my business account,account_access,ds2_bitext,ACCOUNT,delete_account,,
I have a question about the deletion of my business account,account_access,ds2_bitext,ACCOUNT,delete_account,,
I need to remove a standard account,account_access,ds2_bitext,ACCOUNT,delete_account,,
I don't know what I have to do to close the business account,account_access,ds2_bitext,ACCOUNT,delete_account,,
is it possible to delete my freemium account?,account_access,ds2_bitext,ACCOUNT,delete_account,,
i do not know what i need to do to remove my business account,account_access,ds2_bitext,ACCOUNT,delete_account,,
I need informatoin about standard account terminations,account_access,ds2_bitext,ACCOUNT,delete_account,,
i do not know how ican delete my freemium account,account_access,ds2_bitext,ACCOUNT,delete_account,,
problems with business account terminations,account_access,ds2_bitext,ACCOUNT,delete_account,,
i have a question about my freemium account termination,account_access,ds2_bitext,ACCOUNT,delete_account,,
I need information about the cancellation of a business account,account_access,ds2_bitext,ACCOUNT,delete_account,,
help me deleting my business account,account_access,ds2_bitext,ACCOUNT,delete_account,,
what do I need to do to cancell a standard account?,account_access,ds2_bitext,ACCOUNT,delete_account,,
what do i have to d to remove the business account,account_access,ds2_bitext,ACCOUNT,delete_account,,
I havea question about the termination of my business account,account_access,ds2_bitext,ACCOUNT,delete_account,,
I need assistance to remove my business account,account_access,ds2_bitext,ACCOUNT,delete_account,,
problem with the termination of my pro account,account_access,ds2_bitext,ACCOUNT,delete_account,,
"I never make use of my standard account, help canceling it",account_access,ds2_bitext,ACCOUNT,delete_account,,
problems with business account cancellations,account_access,ds2_bitext,ACCOUNT,delete_account,,
i do not know what i have to do to close the platinum accont,account_access,ds2_bitext,ACCOUNT,delete_account,,
have a questiin about the removal of a business account,account_access,ds2_bitext,ACCOUNT,delete_account,,
I need information about the removal of a standard account,account_access,ds2_bitext,ACCOUNT,delete_account,,
i do not know what i need to do to remove my standard account,account_access,ds2_bitext,ACCOUNT,delete_account,,
question about the cancellation of a standard account,account_access,ds2_bitext,ACCOUNT,delete_account,,
I have a question about a freemium account cancellation,account_access,ds2_bitext,ACCOUNT,delete_account,,
have problems with the removal of a business account,account_access,ds2_bitext,ACCOUNT,delete_account,,
I don't know how to close my business account,account_access,ds2_bitext,ACCOUNT,delete_account,,
problems with gold account deletions,account_access,ds2_bitext,ACCOUNT,delete_account,,
i want help to cancel the platinum account,account_access,ds2_bitext,ACCOUNT,delete_account,,
information about the cancellation of my business account,account_access,ds2_bitext,ACCOUNT,delete_account,,
I don't know what to do to delete a freemium account,account_access,ds2_bitext,ACCOUNT,delete_account,,
what do I have to do to cancel a premium account?,account_access,ds2_bitext,ACCOUNT,delete_account,,
find information about the removal of my pro account,account_access,ds2_bitext,ACCOUNT,delete_account,,
I want information about the termination of my pro account,account_access,ds2_bitext,ACCOUNT,delete_account,,
i dont know what to do to remove the business account,account_access,ds2_bitext,ACCOUNT,delete_account,,
"I don't use the pro account, I am trying to delete it",account_access,ds2_bitext,ACCOUNT,delete_account,,
i need assistance deleting a standard account,account_access,ds2_bitext,ACCOUNT,delete_account,,
I want information about the termination of a business account,account_access,ds2_bitext,ACCOUNT,delete_account,,
I don't know what to do to delete the freemium account,account_access,ds2_bitext,ACCOUNT,delete_account,,
where can I get information about business account deletions?,account_access,ds2_bitext,ACCOUNT,delete_account,,
I need assistance to remove my standard account,account_access,ds2_bitext,ACCOUNT,delete_account,,
i dont know what i need to do to cancel my standard account,account_access,ds2_bitext,ACCOUNT,delete_account,,
what do I need to do to remove my business account?,account_access,ds2_bitext,ACCOUNT,delete_account,,
can I close a platinum account?,account_access,ds2_bitext,ACCOUNT,delete_account,,
how can I delete the standard account?,account_access,ds2_bitext,ACCOUNT,delete_account,,
i no longer use the pro account I'm trying to delete it,account_access,ds2_bitext,ACCOUNT,delete_account,,
I do not know how I could cancel the standard account,account_access,ds2_bitext,ACCOUNT,delete_account,,
"I do not need the standard account, I have got to delete it",account_access,ds2_bitext,ACCOUNT,delete_account,,
I do not know what to do to delete a standard account,account_access,ds2_bitext,ACCOUNT,delete_account,,
can you help me to remove my standard account?,account_access,ds2_bitext,ACCOUNT,delete_account,,
i dont know what i need to do to delete the standard account,account_access,ds2_bitext,ACCOUNT,delete_account,,
where can I find information about my gold account deletion?,account_access,ds2_bitext,ACCOUNT,delete_account,,
I need assistance to delete my pro account,account_access,ds2_bitext,ACCOUNT,delete_account,,
I have problems with the termination of a business account,account_access,ds2_bitext,ACCOUNT,delete_account,,
I have problems with business account removal,account_access,ds2_bitext,ACCOUNT,delete_account,,
how can I get information about freemium account deletions?,account_access,ds2_bitext,ACCOUNT,delete_account,,
what do I have to do to delete a business account?,account_access,ds2_bitext,ACCOUNT,delete_account,,
"I have to close a standard account, will you help me?",account_access,ds2_bitext,ACCOUNT,delete_account,,
I have a question about the termination of a business account,account_access,ds2_bitext,ACCOUNT,delete_account,,
I need help to close my premium account,account_access,ds2_bitext,ACCOUNT,delete_account,,
what do I need to do to delete the freemium account?,account_access,ds2_bitext,ACCOUNT,delete_account,,
"I never make use of my business account, assistance deleting it",account_access,ds2_bitext,ACCOUNT,delete_account,,
"I do not need the standard account, can I close it?",account_access,ds2_bitext,ACCOUNT,delete_account,,
could you help me to delete a standard account?,account_access,ds2_bitext,ACCOUNT,delete_account,,
I don't know how to delete my standard account,account_access,ds2_bitext,ACCOUNT,delete_account,,
what do I have to do to cancel my standard account?,account_access,ds2_bitext,ACCOUNT,delete_account,,
I do not know how to close my standard account,account_access,ds2_bitext,ACCOUNT,delete_account,,
I do not know what I need to do to remove a pro account,account_access,ds2_bitext,ACCOUNT,delete_account,,
i have problems with the termination fo a standard account,account_access,ds2_bitext,ACCOUNT,delete_account,,
question about the deletion of a fucking business account,account_access,ds2_bitext,ACCOUNT,delete_account,,
i have problems with the deletion of a business account,account_access,ds2_bitext,ACCOUNT,delete_account,,
i do not nkow how to delete the standard account,account_access,ds2_bitext,ACCOUNT,delete_account,,
i want assistance to close my business account,account_access,ds2_bitext,ACCOUNT,delete_account,,
i dont know how i can remove the damn standard account,account_access,ds2_bitext,ACCOUNT,delete_account,,
I do not know how I can remove the standard account,account_access,ds2_bitext,ACCOUNT,delete_account,,
I do not know what to do to close my gold account,account_access,ds2_bitext,ACCOUNT,delete_account,,
i do not know what i have to do to delete the business account,account_access,ds2_bitext,ACCOUNT,delete_account,,
what do i have to do to remove my business account,account_access,ds2_bitext,ACCOUNT,delete_account,,
I don't know what I need to do to close the business account,account_access,ds2_bitext,ACCOUNT,delete_account,,
problem with business account cancellations,account_access,ds2_bitext,ACCOUNT,delete_account,,
assistance deleting the secondary account,account_access,ds2_bitext,ACCOUNT,delete_account,,
can you give me information about a pro account termination?,account_access,ds2_bitext,ACCOUNT,delete_account,,
question about the deletion of my freemium account,account_access,ds2_bitext,ACCOUNT,delete_account,,
have a problem with the deletion of my standard account,account_access,ds2_bitext,ACCOUNT,delete_account,,
can ya help me to close my business account,account_access,ds2_bitext,ACCOUNT,delete_account,,
i have problems with the deletion of my premium account,account_access,ds2_bitext,ACCOUNT,delete_account,,
how can i get information about my premium account deletion,account_access,ds2_bitext,ACCOUNT,delete_account,,
I do not know what to do to delete a business account,account_access,ds2_bitext,ACCOUNT,delete_account,,
"I no longer use my standard account, could I close it?",account_access,ds2_bitext,ACCOUNT,delete_account,,
I don't know how I can delete the freemium account,account_access,ds2_bitext,ACCOUNT,delete_account,,
I don't know what I have to do to remove the business account,account_access,ds2_bitext,ACCOUNT,delete_account,,
I have problems with the cancellation of a business account,account_access,ds2_bitext,ACCOUNT,delete_account,,
"I have to close my standard account, how do I do it?",account_access,ds2_bitext,ACCOUNT,delete_account,,
I want information about standard account deletions,account_access,ds2_bitext,ACCOUNT,delete_account,,
I have a problem with the removal of my standard account,account_access,ds2_bitext,ACCOUNT,delete_account,,
"I don't use the business account, need help cancelling it",account_access,ds2_bitext,ACCOUNT,delete_account,,
assistance to delete my pro account,account_access,ds2_bitext,ACCOUNT,delete_account,,
want assistnace to cancel my standard account,account_access,ds2_bitext,ACCOUNT,delete_account,,
i no longer make us of my pro account need help deleting it,account_access,ds2_bitext,ACCOUNT,delete_account,,
i dont know what i need to do to remove the standard account,account_access,ds2_bitext,ACCOUNT,delete_account,,
give me information about the deletion of a business account,account_access,ds2_bitext,ACCOUNT,delete_account,,
I have problems with the deletion of a business account,account_access,ds2_bitext,ACCOUNT,delete_account,,
I want assistyance deleting my standard account,account_access,ds2_bitext,ACCOUNT,delete_account,,
I don't know what I need to do to close the damn business account,account_access,ds2_bitext,ACCOUNT,delete_account,,
i dont know what to do to remove my business account,account_access,ds2_bitext,ACCOUNT,delete_account,,
want assistance cancelling a business account,account_access,ds2_bitext,ACCOUNT,delete_account,,
question about my business account removal,account_access,ds2_bitext,ACCOUNT,delete_account,,
would it be possible to cancel a standard account?,account_access,ds2_bitext,ACCOUNT,delete_account,,
I have a question about my standard account deletion,account_access,ds2_bitext,ACCOUNT,delete_account,,
how can I get infomation about my business account cancellation?,account_access,ds2_bitext,ACCOUNT,delete_account,,
I want help canceling the standard account,account_access,ds2_bitext,ACCOUNT,delete_account,,
could you help me to remove the damn standard account?,account_access,ds2_bitext,ACCOUNT,delete_account,,
"I have got to cancel the bloody standard account, help me",account_access,ds2_bitext,ACCOUNT,delete_account,,
want help closing the standard account,account_access,ds2_bitext,ACCOUNT,delete_account,,
I do not know how I can cancel the pro acconut,account_access,ds2_bitext,ACCOUNT,delete_account,,
i dont know how i can remove my premium account,account_access,ds2_bitext,ACCOUNT,delete_account,,
how can I get information about standard account removals?,account_access,ds2_bitext,ACCOUNT,delete_account,,
give me information about the cancellation of a business account,account_access,ds2_bitext,ACCOUNT,delete_account,,
i no longer want the premium account help to cancel it,account_access,ds2_bitext,ACCOUNT,delete_account,,
need help deleting my standard account,account_access,ds2_bitext,ACCOUNT,delete_account,,
I need assistance to cancel my freemium account,account_access,ds2_bitext,ACCOUNT,delete_account,,
I don't know what I have to do to cancel my business account,account_access,ds2_bitext,ACCOUNT,delete_account,,
how can I get infomation about my pro account cancellation?,account_access,ds2_bitext,ACCOUNT,delete_account,,
I do not know what to do to delete the standard account,account_access,ds2_bitext,ACCOUNT,delete_account,,
i do not knwo what i have to do to remove my business account,account_access,ds2_bitext,ACCOUNT,delete_account,,
I don't know what I have to do to delete my platinum account,account_access,ds2_bitext,ACCOUNT,delete_account,,
I need help closing a freemium account,account_access,ds2_bitext,ACCOUNT,delete_account,,
I try to close my premium account,account_access,ds2_bitext,ACCOUNT,delete_account,,
question about the termination of my premium account,account_access,ds2_bitext,ACCOUNT,delete_account,,
idont use my standard account want assistance to remove it,account_access,ds2_bitext,ACCOUNT,delete_account,,
how can I cancel a platinum account?,account_access,ds2_bitext,ACCOUNT,delete_account,,
probem with the termination of a platinum account,account_access,ds2_bitext,ACCOUNT,delete_account,,
could uhelp me to close the goddamn business account,account_access,ds2_bitext,ACCOUNT,delete_account,,
i have a question about the removal of my business account,account_access,ds2_bitext,ACCOUNT,delete_account,,
i do not use my standard cacount i want help removing it,account_access,ds2_bitext,ACCOUNT,delete_account,,
i do not nkow how to delete the standard account,account_access,ds2_bitext,ACCOUNT,delete_account,,
I have a problem with the removal of a standard account,account_access,ds2_bitext,ACCOUNT,delete_account,,
i do not know what i need to do to close afreemium account,account_access,ds2_bitext,ACCOUNT,delete_account,,
I do not know what I need to do to cancel my business account,account_access,ds2_bitext,ACCOUNT,delete_account,,
I need assistance cancelling my business account,account_access,ds2_bitext,ACCOUNT,delete_account,,
find information about the termination of my business account,account_access,ds2_bitext,ACCOUNT,delete_account,,
find information about the cancellation of a standard account,account_access,ds2_bitext,ACCOUNT,delete_account,,
i need assistance cancelling my platinum account,account_access,ds2_bitext,ACCOUNT,delete_account,,
help me canceling the standard account,account_access,ds2_bitext,ACCOUNT,delete_account,,
I want information about my standard account termination,account_access,ds2_bitext,ACCOUNT,delete_account,,
I want help closing my pro account,account_access,ds2_bitext,ACCOUNT,delete_account,,
i need assistznce to cancel my standard account,account_access,ds2_bitext,ACCOUNT,delete_account,,
have a question about the deletion of my standard account,account_access,ds2_bitext,ACCOUNT,delete_account,,
want assistance cancelling my pro account,account_access,ds2_bitext,ACCOUNT,delete_account,,
want help closing a standard account,account_access,ds2_bitext,ACCOUNT,delete_account,,
give me information about standard account deletions,account_access,ds2_bitext,ACCOUNT,delete_account,,
I do not know what I need to do to close the business account,account_access,ds2_bitext,ACCOUNT,delete_account,,
problem with business account terminations,account_access,ds2_bitext,ACCOUNT,delete_account,,
how can i remove a platinum acclunt,account_access,ds2_bitext,ACCOUNT,delete_account,,
I need assistance closing a freemium account,account_access,ds2_bitext,ACCOUNT,delete_account,,
"I no longer make use of my pro account, I try to delete it",account_access,ds2_bitext,ACCOUNT,delete_account,,
"I don't want my business account, how could I close it?",account_access,ds2_bitext,ACCOUNT,delete_account,,
what do i have to do to delete a standard account,account_access,ds2_bitext,ACCOUNT,delete_account,,
I try to delete a fucking standard account,account_access,ds2_bitext,ACCOUNT,delete_account,,
I do not know what to do to close the standard account,account_access,ds2_bitext,ACCOUNT,delete_account,,
idont use my standard account need assistance to close it,account_access,ds2_bitext,ACCOUNT,delete_account,,
would you give me information about my gold account removal?,account_access,ds2_bitext,ACCOUNT,delete_account,,
I do not know what I need to do to remove my gold account,account_access,ds2_bitext,ACCOUNT,delete_account,,
"I have got to close the platinum account, help me",account_access,ds2_bitext,ACCOUNT,delete_account,,
is it possible to delete the standard account?,account_access,ds2_bitext,ACCOUNT,delete_account,,
would you give meinformation about business account removals?,account_access,ds2_bitext,ACCOUNT,delete_account,,
problem with standard acconut removals,account_access,ds2_bitext,ACCOUNT,delete_account,,
I need information about my premium account cancellation,account_access,ds2_bitext,ACCOUNT,delete_account,,
I want help canceling the business account,account_access,ds2_bitext,ACCOUNT,delete_account,,
i do not kno what i need to do to remove a business account,account_access,ds2_bitext,ACCOUNT,delete_account,,
question about freemium account canclelations,account_access,ds2_bitext,ACCOUNT,delete_account,,
I am trying to find information about a business account removal,account_access,ds2_bitext,ACCOUNT,delete_account,,
"I do not want my freemium account, assistance canceling it",account_access,ds2_bitext,ACCOUNT,delete_account,,
I need information about standard account cancellations,account_access,ds2_bitext,ACCOUNT,delete_account,,
information about the termination of a standard account,account_access,ds2_bitext,ACCOUNT,delete_account,,
I want to cancel the business account,account_access,ds2_bitext,ACCOUNT,delete_account,,
I need assistance to delete the standard account,account_access,ds2_bitext,ACCOUNT,delete_account,,
I do not know how I can cancel the standard account,account_access,ds2_bitext,ACCOUNT,delete_account,,
i have a question about the termination of a pro account,account_access,ds2_bitext,ACCOUNT,delete_account,,
i do not know what i need to do to close a platinum account,account_access,ds2_bitext,ACCOUNT,delete_account,,
information about the cancellation of my standard account,account_access,ds2_bitext,ACCOUNT,delete_account,,
i dont know how i can delete a premium account,account_access,ds2_bitext,ACCOUNT,delete_account,,
I need help to remove my standard account,account_access,ds2_bitext,ACCOUNT,delete_account,,
I have a problem wiyh my standard account termination,account_access,ds2_bitext,ACCOUNT,delete_account,,
I do not know what I have to do to delete the pro account,account_access,ds2_bitext,ACCOUNT,delete_account,,
can you help me to close my standard account?,account_access,ds2_bitext,ACCOUNT,delete_account,,
want assistance ot close my standard account,account_access,ds2_bitext,ACCOUNT,delete_account,,
"I don't need the gold account, help me close it",account_access,ds2_bitext,ACCOUNT,delete_account,,
have a problem with the termination of a business account,account_access,ds2_bitext,ACCOUNT,delete_account,,
how can i get information about a freemium account deletion,account_access,ds2_bitext,ACCOUNT,delete_account,,
give me information about the removal of a business account,account_access,ds2_bitext,ACCOUNT,delete_account,,
"I never use the business account, I need help canceling it",account_access,ds2_bitext,ACCOUNT,delete_account,,
"I never use my business account, I don't know how I can close it",account_access,ds2_bitext,ACCOUNT,delete_account,,
I do not know what I have to do to close a business account,account_access,ds2_bitext,ACCOUNT,delete_account,,
what do i have to do to close my standard account,account_access,ds2_bitext,ACCOUNT,delete_account,,
I don't know how I can cancel the pro account,account_access,ds2_bitext,ACCOUNT,delete_account,,
I want information about the removal of my premium account,account_access,ds2_bitext,ACCOUNT,delete_account,,
"I do not use the damn gold account, I am trying to close it",account_access,ds2_bitext,ACCOUNT,delete_account,,
problem with the cancellation of a standard account,account_access,ds2_bitext,ACCOUNT,delete_account,,
problem with business account removals,account_access,ds2_bitext,ACCOUNT,delete_account,,
I don't know what I have to do to delete a pro account,account_access,ds2_bitext,ACCOUNT,delete_account,,
what do i have to do to delete a freemium account,account_access,ds2_bitext,ACCOUNT,delete_account,,
i need infrmation about the cancellation of my business account,account_access,ds2_bitext,ACCOUNT,delete_account,,
I do not know how to close a standard account,account_access,ds2_bitext,ACCOUNT,delete_account,,
give me information about the deletion of my standardaccount,account_access,ds2_bitext,ACCOUNT,delete_account,,
i no lomger need my damn gold account can uhelp me delete it,account_access,ds2_bitext,ACCOUNT,delete_account,,
i have problems with the cancellation of a business account,account_access,ds2_bitext,ACCOUNT,delete_account,,
I don't know what to do to delete my business account,account_access,ds2_bitext,ACCOUNT,delete_account,,
have a problem with a standard account cancellation,account_access,ds2_bitext,ACCOUNT,delete_account,,
i want information about the cancellation of a gold account,account_access,ds2_bitext,ACCOUNT,delete_account,,
i dont know what i have to do to remove my standard account,account_access,ds2_bitext,ACCOUNT,delete_account,,
problems with standard account cancellations,account_access,ds2_bitext,ACCOUNT,delete_account,,
I don't know what I have to do to remove my platinum account,account_access,ds2_bitext,ACCOUNT,delete_account,,
I have a problem wth the removal of my business account,account_access,ds2_bitext,ACCOUNT,delete_account,,
I am trying to cancel a freemium account,account_access,ds2_bitext,ACCOUNT,delete_account,,
i dont know what to do to canfel my business account,account_access,ds2_bitext,ACCOUNT,delete_account,,
i dont know what i need to do to cancel a pro account,account_access,ds2_bitext,ACCOUNT,delete_account,,
I want assistance removing my goddamn platinum account,account_access,ds2_bitext,ACCOUNT,delete_account,,
"I no longer make use of the business account, how do I delete it?",account_access,ds2_bitext,ACCOUNT,delete_account,,
"I don't want the fucking user profile, howw to close it?",account_access,ds2_bitext,ACCOUNT,delete_account,,
I do not know how I can remove a business account,account_access,ds2_bitext,ACCOUNT,delete_account,,
what do i have to do to delete the freemium account,account_access,ds2_bitext,ACCOUNT,delete_account,,
give me information about the cancellation of a business account,account_access,ds2_bitext,ACCOUNT,delete_account,,
I don't know what I have to do to remove a business account,account_access,ds2_bitext,ACCOUNT,delete_account,,
I want assistance to remove the standard account,account_access,ds2_bitext,ACCOUNT,delete_account,,
I do not know how I could cancel a standard account,account_access,ds2_bitext,ACCOUNT,delete_account,,
how can i close my freemium account,account_access,ds2_bitext,ACCOUNT,delete_account,,
have a problem with the deletion of my standard account,account_access,ds2_bitext,ACCOUNT,delete_account,,
I want information about the deletion of a gold account,account_access,ds2_bitext,ACCOUNT,delete_account,,
i need assistance to cancel my business account,account_access,ds2_bitext,ACCOUNT,delete_account,,
what do i have to do to cancel a standard account,account_access,ds2_bitext,ACCOUNT,delete_account,,
I don't know what I have to do to remove a damn gold account,account_access,ds2_bitext,ACCOUNT,delete_account,,
"I no longer need the bloody business account, can I remove it?",account_access,ds2_bitext,ACCOUNT,delete_account,,
I need assistance to delete my business account,account_access,ds2_bitext,ACCOUNT,delete_account,,
where can I find information about my pro account removal?,account_access,ds2_bitext,ACCOUNT,delete_account,,
problem with pro account removals,account_access,ds2_bitext,ACCOUNT,delete_account,,
question about the cancellation of a standard acclunt,account_access,ds2_bitext,ACCOUNT,delete_account,,
i do not know what i have to do to close the standard accont,account_access,ds2_bitext,ACCOUNT,delete_account,,
I don't know what I need to do to cancel a platinum account,account_access,ds2_bitext,ACCOUNT,delete_account,,
is it possible to remove the standardaccount?,account_access,ds2_bitext,ACCOUNT,delete_account,,
want assistance canceling the standard account,account_access,ds2_bitext,ACCOUNT,delete_account,,
problem with the cancellation of a business account,account_access,ds2_bitext,ACCOUNT,delete_account,,
problem with business account deletions,account_access,ds2_bitext,ACCOUNT,delete_account,,
assistance closing a standard account,account_access,ds2_bitext,ACCOUNT,delete_account,,
I have problems with the removal of my standard account,account_access,ds2_bitext,ACCOUNT,delete_account,,
problems with standard account terminations,account_access,ds2_bitext,ACCOUNT,delete_account,,
i want help canceling the standard account,account_access,ds2_bitext,ACCOUNT,delete_account,,
can you give me information about standard account removals?,account_access,ds2_bitext,ACCOUNT,delete_account,,
I want assistance to remove a pro account,account_access,ds2_bitext,ACCOUNT,delete_account,,
I don't know what to do to remove a standard aaccount,account_access,ds2_bitext,ACCOUNT,delete_account,,
is it possible to remove my standard account ?,account_access,ds2_bitext,ACCOUNT,delete_account,,
problem with standard account removals,account_access,ds2_bitext,ACCOUNT,delete_account,,
I need assistance closing my platinum account,account_access,ds2_bitext,ACCOUNT,delete_account,,
can I remove a platinum account?,account_access,ds2_bitext,ACCOUNT,delete_account,,
I do not know what to do to cancel the business account,account_access,ds2_bitext,ACCOUNT,delete_account,,
information about the termination of a business account,account_access,ds2_bitext,ACCOUNT,delete_account,,
i need information about standard account cancellations,account_access,ds2_bitext,ACCOUNT,delete_account,,
can i remove a business account,account_access,ds2_bitext,ACCOUNT,delete_account,,
help canceling my standard account,account_access,ds2_bitext,ACCOUNT,delete_account,,
help to close my standard acount,account_access,ds2_bitext,ACCOUNT,delete_account,,
find information about the termination of a platinum account,account_access,ds2_bitext,ACCOUNT,delete_account,,
"I do not want my freemium account, I need help closing it",account_access,ds2_bitext,ACCOUNT,delete_account,,
I need to close a business account,account_access,ds2_bitext,ACCOUNT,delete_account,,
have a problem with the removal of my business account,account_access,ds2_bitext,ACCOUNT,delete_account,,
i want information about the deletion of my gold accounnt,account_access,ds2_bitext,ACCOUNT,delete_account,,
what do I have to do to close a standard account?,account_access,ds2_bitext,ACCOUNT,delete_account,,
problem with standard account deletions,account_access,ds2_bitext,ACCOUNT,delete_account,,
i dont know what i have to do to delete my platinum account,account_access,ds2_bitext,ACCOUNT,delete_account,,
I don't know how I could remove the platinum account,account_access,ds2_bitext,ACCOUNT,delete_account,,
I want assistance cancelling the premium account,account_access,ds2_bitext,ACCOUNT,delete_account,,
problems with my standard account removal,account_access,ds2_bitext,ACCOUNT,delete_account,,
"I don't use the goddamn gold account, I want to delete it",account_access,ds2_bitext,ACCOUNT,delete_account,,
I don't know what to do to delete my gold account,account_access,ds2_bitext,ACCOUNT,delete_account,,
need assistance to delete my standard acciunt,account_access,ds2_bitext,ACCOUNT,delete_account,,
i have a problem with the removal opf my standard account,account_access,ds2_bitext,ACCOUNT,delete_account,,
"I want to delete the goddamn pro account, how can I do it?",account_access,ds2_bitext,ACCOUNT,delete_account,,
I have a question about the deletion of my standard account,account_access,ds2_bitext,ACCOUNT,delete_account,,
I don't know how I can cancel a freemium account,account_access,ds2_bitext,ACCOUNT,delete_account,,
correcting data on business account,account_access,ds2_bitext,ACCOUNT,edit_account,,
i have to edit my personal info,account_access,ds2_bitext,ACCOUNT,edit_account,,
modifying info on standard account,account_access,ds2_bitext,ACCOUNT,edit_account,,
help to edit the information on my user profile,account_access,ds2_bitext,ACCOUNT,edit_account,,
correcting data on business accoujnt,account_access,ds2_bitext,ACCOUNT,edit_account,,
update info on pro account,account_access,ds2_bitext,ACCOUNT,edit_account,,
updating info on standard account,account_access,ds2_bitext,ACCOUNT,edit_account,,
chnge data on pro account,account_access,ds2_bitext,ACCOUNT,edit_account,,
"I need to edit my user, how could I do it?",account_access,ds2_bitext,ACCOUNT,edit_account,,
edit info on standard account,account_access,ds2_bitext,ACCOUNT,edit_account,,
changing details on gold account,account_access,ds2_bitext,ACCOUNT,edit_account,,
editing information on standard account,account_access,ds2_bitext,ACCOUNT,edit_account,,
changing information on standard account,account_access,ds2_bitext,ACCOUNT,edit_account,,
changing info on standard account,account_access,ds2_bitext,ACCOUNT,edit_account,,
want help to correct the details included on my account,account_access,ds2_bitext,ACCOUNT,edit_account,,
changing details on business account,account_access,ds2_bitext,ACCOUNT,edit_account,,
change information on standard account,account_access,ds2_bitext,ACCOUNT,edit_account,,
updating information on standard account,account_access,ds2_bitext,ACCOUNT,edit_account,,
"I need to modify my damn user profile, how can I do it?",account_access,ds2_bitext,ACCOUNT,edit_account,,
I'm trying to correct the info included on my profile,account_access,ds2_bitext,ACCOUNT,edit_account,,
update data on standard cacount,account_access,ds2_bitext,ACCOUNT,edit_account,,
update data on business account,account_access,ds2_bitext,ACCOUNT,edit_account,,
i have to update the data on my profile i need help,account_access,ds2_bitext,ACCOUNT,edit_account,,
can you help me update the data included on my profile?,account_access,ds2_bitext,ACCOUNT,edit_account,,
editing information on business account,account_access,ds2_bitext,ACCOUNT,edit_account,,
modifying details on standard account,account_access,ds2_bitext,ACCOUNT,edit_account,,
need to update the data included on my account how to do it,account_access,ds2_bitext,ACCOUNT,edit_account,,
editing data on standard acocunt,account_access,ds2_bitext,ACCOUNT,edit_account,,
correct data on business account,account_access,ds2_bitext,ACCOUNT,edit_account,,
correct information on business account,account_access,ds2_bitext,ACCOUNT,edit_account,,
change information on freemium account,account_access,ds2_bitext,ACCOUNT,edit_account,,
updating information on freemium account,account_access,ds2_bitext,ACCOUNT,edit_account,,
update data on standard account,account_access,ds2_bitext,ACCOUNT,edit_account,,
updating info on gold account,account_access,ds2_bitext,ACCOUNT,edit_account,,
i need help to update my account,account_access,ds2_bitext,ACCOUNT,edit_account,,
update details on business account,account_access,ds2_bitext,ACCOUNT,edit_account,,
change information on pro account,account_access,ds2_bitext,ACCOUNT,edit_account,,
changing information on standard account,account_access,ds2_bitext,ACCOUNT,edit_account,,
need to update the info included on my profile how to do it,account_access,ds2_bitext,ACCOUNT,edit_account,,
modify information on business account,account_access,ds2_bitext,ACCOUNT,edit_account,,
correct information on freemium account,account_access,ds2_bitext,ACCOUNT,edit_account,,
how do I edit some of the details included on my account?,account_access,ds2_bitext,ACCOUNT,edit_account,,
wanna correct the personal information,account_access,ds2_bitext,ACCOUNT,edit_account,,
edit details on business account,account_access,ds2_bitext,ACCOUNT,edit_account,,
modify info on business account,account_access,ds2_bitext,ACCOUNT,edit_account,,
editing info on business account,account_access,ds2_bitext,ACCOUNT,edit_account,,
edit info on freemium accunt,account_access,ds2_bitext,ACCOUNT,edit_account,,
correcting info on business aqccount,account_access,ds2_bitext,ACCOUNT,edit_account,,
need assistance changing the details on my profile,account_access,ds2_bitext,ACCOUNT,edit_account,,
update details on standard account,account_access,ds2_bitext,ACCOUNT,edit_account,,
correcting info on standard aqccount,account_access,ds2_bitext,ACCOUNT,edit_account,,
editing details on standard account,account_access,ds2_bitext,ACCOUNT,edit_account,,
updating details on platinum account,account_access,ds2_bitext,ACCOUNT,edit_account,,
change info on platinum account,account_access,ds2_bitext,ACCOUNT,edit_account,,
edit info on gold accunt,account_access,ds2_bitext,ACCOUNT,edit_account,,
change data on business account,account_access,ds2_bitext,ACCOUNT,edit_account,,
update data on business cacount,account_access,ds2_bitext,ACCOUNT,edit_account,,
how could I edit the information on my user?,account_access,ds2_bitext,ACCOUNT,edit_account,,
edit info on business account,account_access,ds2_bitext,ACCOUNT,edit_account,,
modifying details on pro account,account_access,ds2_bitext,ACCOUNT,edit_account,,
correct details on business account,account_access,ds2_bitext,ACCOUNT,edit_account,,
updating data on gold account,account_access,ds2_bitext,ACCOUNT,edit_account,,
"I would like to edit some of my user details, I need help",account_access,ds2_bitext,ACCOUNT,edit_account,,
correct details on premium account,account_access,ds2_bitext,ACCOUNT,edit_account,,
correcting info on business account,account_access,ds2_bitext,ACCOUNT,edit_account,,
modifying info on pro account,account_access,ds2_bitext,ACCOUNT,edit_account,,
"I have to edit the info on my profile, how to do it?",account_access,ds2_bitext,ACCOUNT,edit_account,,
modifying details on business account,account_access,ds2_bitext,ACCOUNT,edit_account,,
I try to change the fucking personal details,account_access,ds2_bitext,ACCOUNT,edit_account,,
i have got to update the info included on my account,account_access,ds2_bitext,ACCOUNT,edit_account,,
update inforemation on business account,account_access,ds2_bitext,ACCOUNT,edit_account,,
wanna change the info on my account can i get some help,account_access,ds2_bitext,ACCOUNT,edit_account,,
correcting information on standard account,account_access,ds2_bitext,ACCOUNT,edit_account,,
updating info on freemium account,account_access,ds2_bitext,ACCOUNT,edit_account,,
changing info on business account,account_access,ds2_bitext,ACCOUNT,edit_account,,
"I want to update the user data, how can I do it?",account_access,ds2_bitext,ACCOUNT,edit_account,,
modify info on premium account,account_access,ds2_bitext,ACCOUNT,edit_account,,
editting details on premium account,account_access,ds2_bitext,ACCOUNT,edit_account,,
update inforemation on business account,account_access,ds2_bitext,ACCOUNT,edit_account,,
modify info on business account,account_access,ds2_bitext,ACCOUNT,edit_account,,
I need assistance correcting the user info,account_access,ds2_bitext,ACCOUNT,edit_account,,
modifying info on business account,account_access,ds2_bitext,ACCOUNT,edit_account,,
correcting info on pro account,account_access,ds2_bitext,ACCOUNT,edit_account,,
change details on standard account,account_access,ds2_bitext,ACCOUNT,edit_account,,
changing data on standard account,account_access,ds2_bitext,ACCOUNT,edit_account,,
update details on pro account,account_access,ds2_bitext,ACCOUNT,edit_account,,
correcting infornation on business account,account_access,ds2_bitext,ACCOUNT,edit_account,,
update info on standard account,account_access,ds2_bitext,ACCOUNT,edit_account,,
modifying data on standard account,account_access,ds2_bitext,ACCOUNT,edit_account,,
modifying data on gold account,account_access,ds2_bitext,ACCOUNT,edit_account,,
edting info on standard account,account_access,ds2_bitext,ACCOUNT,edit_account,,
editing details on standard account,account_access,ds2_bitext,ACCOUNT,edit_account,,
edit info on platinum accunt,account_access,ds2_bitext,ACCOUNT,edit_account,,
modifying info on standard account,account_access,ds2_bitext,ACCOUNT,edit_account,,
how to modify the damn information on my user?,account_access,ds2_bitext,ACCOUNT,edit_account,,
modifying details on platinum account,account_access,ds2_bitext,ACCOUNT,edit_account,,
want assistance updating my account,account_access,ds2_bitext,ACCOUNT,edit_account,,
can you help me to change the information on my profile?,account_access,ds2_bitext,ACCOUNT,edit_account,,
can uhelp me to modify the data on my user,account_access,ds2_bitext,ACCOUNT,edit_account,,
change data on pro account,account_access,ds2_bitext,ACCOUNT,edit_account,,
I would like to edit the damn information on my user,account_access,ds2_bitext,ACCOUNT,edit_account,,
i have got to change the details on my user i need help,account_access,ds2_bitext,ACCOUNT,edit_account,,
"I want to modify the info on my user, I need assistance",account_access,ds2_bitext,ACCOUNT,edit_account,,
"I would like to edit my user, will you help me?",account_access,ds2_bitext,ACCOUNT,edit_account,,
correcting details on standard account,account_access,ds2_bitext,ACCOUNT,edit_account,,
want help editing my bloody personal data,account_access,ds2_bitext,ACCOUNT,edit_account,,
change details on pro account,account_access,ds2_bitext,ACCOUNT,edit_account,,
changing info on standard account,account_access,ds2_bitext,ACCOUNT,edit_account,,
editing information on platinum account,account_access,ds2_bitext,ACCOUNT,edit_account,,
modifying ingormation on freemium account,account_access,ds2_bitext,ACCOUNT,edit_account,,
modify details on premium account,account_access,ds2_bitext,ACCOUNT,edit_account,,
I'd like to edit the data included on my user i need help,account_access,ds2_bitext,ACCOUNT,edit_account,,
modify information on freemium account,account_access,ds2_bitext,ACCOUNT,edit_account,,
need help to edit the information on my user,account_access,ds2_bitext,ACCOUNT,edit_account,,
modify information on gold acfount,account_access,ds2_bitext,ACCOUNT,edit_account,,
chnge data on standard account,account_access,ds2_bitext,ACCOUNT,edit_account,,
modifying ddetails on gold account,account_access,ds2_bitext,ACCOUNT,edit_account,,
update details on standard account,account_access,ds2_bitext,ACCOUNT,edit_account,,
need help to modify my user information,account_access,ds2_bitext,ACCOUNT,edit_account,,
modifying info on gold account,account_access,ds2_bitext,ACCOUNT,edit_account,,
i need help to correct the info on my user profile,account_access,ds2_bitext,ACCOUNT,edit_account,,
edit information on freemium account,account_access,ds2_bitext,ACCOUNT,edit_account,,
can you help me to modify my user information?,account_access,ds2_bitext,ACCOUNT,edit_account,,
is it possible to edit my user details?,account_access,ds2_bitext,ACCOUNT,edit_account,,
I need assistance changing the user information,account_access,ds2_bitext,ACCOUNT,edit_account,,
updating detais on freemium account,account_access,ds2_bitext,ACCOUNT,edit_account,,
change data on standard account,account_access,ds2_bitext,ACCOUNT,edit_account,,
update info on gold account,account_access,ds2_bitext,ACCOUNT,edit_account,,
editing informaqtion on platinum account,account_access,ds2_bitext,ACCOUNT,edit_account,,
can you help me update the details on my user profile?,account_access,ds2_bitext,ACCOUNT,edit_account,,
editting details on standard account,account_access,ds2_bitext,ACCOUNT,edit_account,,
modify info on platinum account,account_access,ds2_bitext,ACCOUNT,edit_account,,
"I have got to edit my goddamn account, could you help me?",account_access,ds2_bitext,ACCOUNT,edit_account,,
edit data on standard account,account_access,ds2_bitext,ACCOUNT,edit_account,,
"I would like to edit my personal information, I need help",account_access,ds2_bitext,ACCOUNT,edit_account,,
need to change some of my user details how to do it,account_access,ds2_bitext,ACCOUNT,edit_account,,
want help to edit some of the details on my account,account_access,ds2_bitext,ACCOUNT,edit_account,,
edit data on freemium account,account_access,ds2_bitext,ACCOUNT,edit_account,,
update details on business account,account_access,ds2_bitext,ACCOUNT,edit_account,,
help to update the information included on my account,account_access,ds2_bitext,ACCOUNT,edit_account,,
modifying ingormation on platinum account,account_access,ds2_bitext,ACCOUNT,edit_account,,
updating information on standard account,account_access,ds2_bitext,ACCOUNT,edit_account,,
edit info on gold account,account_access,ds2_bitext,ACCOUNT,edit_account,,
correcting details on business account,account_access,ds2_bitext,ACCOUNT,edit_account,,
modifying ddetails on business account,account_access,ds2_bitext,ACCOUNT,edit_account,,
editing details on standard account,account_access,ds2_bitext,ACCOUNT,edit_account,,
I need assistance to edit the personal details,account_access,ds2_bitext,ACCOUNT,edit_account,,
assistance updating the damn user information,account_access,ds2_bitext,ACCOUNT,edit_account,,
editing data on freemium account,account_access,ds2_bitext,ACCOUNT,edit_account,,
change information on platinum account,account_access,ds2_bitext,ACCOUNT,edit_account,,
i have to change my personal data can ya help me,account_access,ds2_bitext,ACCOUNT,edit_account,,
modify info on standard account,account_access,ds2_bitext,ACCOUNT,edit_account,,
modify details on standard account,account_access,ds2_bitext,ACCOUNT,edit_account,,
correcting data on gold account,account_access,ds2_bitext,ACCOUNT,edit_account,,
correct info on standard account,account_access,ds2_bitext,ACCOUNT,edit_account,,
i do not know what to do to update my damn user details,account_access,ds2_bitext,ACCOUNT,edit_account,,
correcting information on pro account,account_access,ds2_bitext,ACCOUNT,edit_account,,
updating data on business account,account_access,ds2_bitext,ACCOUNT,edit_account,,
updating data on pro account,account_access,ds2_bitext,ACCOUNT,edit_account,,
correcting details on gold account,account_access,ds2_bitext,ACCOUNT,edit_account,,
modifying ddetails on premium account,account_access,ds2_bitext,ACCOUNT,edit_account,,
update details on standard account,account_access,ds2_bitext,ACCOUNT,edit_account,,
updating details on pro account,account_access,ds2_bitext,ACCOUNT,edit_account,,
editing data on business account,account_access,ds2_bitext,ACCOUNT,edit_account,,
I have to edit the personal information,account_access,ds2_bitext,ACCOUNT,edit_account,,
updating data on standard account,account_access,ds2_bitext,ACCOUNT,edit_account,,
i try to edit the data on my user account,account_access,ds2_bitext,ACCOUNT,edit_account,,
updating details on freemium account,account_access,ds2_bitext,ACCOUNT,edit_account,,
chnge data on platinum account,account_access,ds2_bitext,ACCOUNT,edit_account,,
need assistance modifying my user info,account_access,ds2_bitext,ACCOUNT,edit_account,,
want help to change the user details,account_access,ds2_bitext,ACCOUNT,edit_account,,
i have to change the info on my user account i need help,account_access,ds2_bitext,ACCOUNT,edit_account,,
changing data on business account,account_access,ds2_bitext,ACCOUNT,edit_account,,
updating details on business account,account_access,ds2_bitext,ACCOUNT,edit_account,,
editing info on business account,account_access,ds2_bitext,ACCOUNT,edit_account,,
correct data on standard account,account_access,ds2_bitext,ACCOUNT,edit_account,,
could uhelp me to change the data on my user account,account_access,ds2_bitext,ACCOUNT,edit_account,,
how to update my account,account_access,ds2_bitext,ACCOUNT,edit_account,,
"I have to update my user account, how could I do it?",account_access,ds2_bitext,ACCOUNT,edit_account,,
could you help me editing my fucking account?,account_access,ds2_bitext,ACCOUNT,edit_account,,
changing details on freemium account,account_access,ds2_bitext,ACCOUNT,edit_account,,
"I have to edit my personal information, could you help me?",account_access,ds2_bitext,ACCOUNT,edit_account,,
correcting details on pro account,account_access,ds2_bitext,ACCOUNT,edit_account,,
could you help me editing the information on my user?,account_access,ds2_bitext,ACCOUNT,edit_account,,
changing data on freemium account,account_access,ds2_bitext,ACCOUNT,edit_account,,
change information on business account,account_access,ds2_bitext,ACCOUNT,edit_account,,
modify data on business account,account_access,ds2_bitext,ACCOUNT,edit_account,,
updating information on pro account,account_access,ds2_bitext,ACCOUNT,edit_account,,
editting details on platinum account,account_access,ds2_bitext,ACCOUNT,edit_account,,
changing details on standard account,account_access,ds2_bitext,ACCOUNT,edit_account,,
correcting data on standard account,account_access,ds2_bitext,ACCOUNT,edit_account,,
need to update my user information how can i do it,account_access,ds2_bitext,ACCOUNT,edit_account,,
changing data on standard account,account_access,ds2_bitext,ACCOUNT,edit_account,,
i want help editing the info on my user profile,account_access,ds2_bitext,ACCOUNT,edit_account,,
edit data on platinum account,account_access,ds2_bitext,ACCOUNT,edit_account,,
correct data on business account,account_access,ds2_bitext,ACCOUNT,edit_account,,
"I need to change my user info, how can I do it?",account_access,ds2_bitext,ACCOUNT,edit_account,,
modifying information on standard account,account_access,ds2_bitext,ACCOUNT,edit_account,,
edit data on gold account,account_access,ds2_bitext,ACCOUNT,edit_account,,
updating details on standard account,account_access,ds2_bitext,ACCOUNT,edit_account,,
correcting data on freemium account,account_access,ds2_bitext,ACCOUNT,edit_account,,
modify details on pro account,account_access,ds2_bitext,ACCOUNT,edit_account,,
edit information on business account,account_access,ds2_bitext,ACCOUNT,edit_account,,
editing data on gold acocunt,account_access,ds2_bitext,ACCOUNT,edit_account,,
updating data on business account,account_access,ds2_bitext,ACCOUNT,edit_account,,
I don't know how I could edit my bloody account,account_access,ds2_bitext,ACCOUNT,edit_account,,
edit info on standard accunt,account_access,ds2_bitext,ACCOUNT,edit_account,,
"I would like to edit my goddamn user, will you help me?",account_access,ds2_bitext,ACCOUNT,edit_account,,
editing information on standard account,account_access,ds2_bitext,ACCOUNT,edit_account,,
"I have to edit some of my user details, how to do it?",account_access,ds2_bitext,ACCOUNT,edit_account,,
I don't know how to change the personal information,account_access,ds2_bitext,ACCOUNT,edit_account,,
i have got to correct the user data can i get some help,account_access,ds2_bitext,ACCOUNT,edit_account,,
update inforemation on standard account,account_access,ds2_bitext,ACCOUNT,edit_account,,
change info on standard account,account_access,ds2_bitext,ACCOUNT,edit_account,,
change information on standard account,account_access,ds2_bitext,ACCOUNT,edit_account,,
correcting info on freemium account,account_access,ds2_bitext,ACCOUNT,edit_account,,
changing informatiln on standard account,account_access,ds2_bitext,ACCOUNT,edit_account,,
update inforemation on standard account,account_access,ds2_bitext,ACCOUNT,edit_account,,
edit information on pro account,account_access,ds2_bitext,ACCOUNT,edit_account,,
edit data on business account,account_access,ds2_bitext,ACCOUNT,edit_account,,
correcting info on platinum account,account_access,ds2_bitext,ACCOUNT,edit_account,,
update info on standard account,account_access,ds2_bitext,ACCOUNT,edit_account,,
edit data on standard account,account_access,ds2_bitext,ACCOUNT,edit_account,,
need to update my account can i get some help,account_access,ds2_bitext,ACCOUNT,edit_account,,
modify information on platinum account,account_access,ds2_bitext,ACCOUNT,edit_account,,
"I want to modify my user, can you help me?",account_access,ds2_bitext,ACCOUNT,edit_account,,
editing info on freemium account,account_access,ds2_bitext,ACCOUNT,edit_account,,
I'd like to update the details on my account i need help,account_access,ds2_bitext,ACCOUNT,edit_account,,
i have to correct the personal details can i get some help,account_access,ds2_bitext,ACCOUNT,edit_account,,
correct details on standard account,account_access,ds2_bitext,ACCOUNT,edit_account,,
modify information on standard account,account_access,ds2_bitext,ACCOUNT,edit_account,,
need to modify the user info help me,account_access,ds2_bitext,ACCOUNT,edit_account,,
modifu details on standard account,account_access,ds2_bitext,ACCOUNT,edit_account,,
changing info on pro account,account_access,ds2_bitext,ACCOUNT,edit_account,,
correcting details on platinum account,account_access,ds2_bitext,ACCOUNT,edit_account,,
edit data on standard account,account_access,ds2_bitext,ACCOUNT,edit_account,,
editing information on standard account,account_access,ds2_bitext,ACCOUNT,edit_account,,
edit information on gold account,account_access,ds2_bitext,ACCOUNT,edit_account,,
edit data on pro account,account_access,ds2_bitext,ACCOUNT,edit_account,,
correctinmg details on platinum account,account_access,ds2_bitext,ACCOUNT,edit_account,,
i do not know what to do to modify the user data,account_access,ds2_bitext,ACCOUNT,edit_account,,
correcting info on standard account,account_access,ds2_bitext,ACCOUNT,edit_account,,
can uhelp me correct my personal details,account_access,ds2_bitext,ACCOUNT,edit_account,,
i do not know how i can correct the user information,account_access,ds2_bitext,ACCOUNT,edit_account,,
update data on business account,account_access,ds2_bitext,ACCOUNT,edit_account,,
correcting details on standard account,account_access,ds2_bitext,ACCOUNT,edit_account,,
modifying info on business account,account_access,ds2_bitext,ACCOUNT,edit_account,,
modifu details on freemium account,account_access,ds2_bitext,ACCOUNT,edit_account,,
correct info on standard account,account_access,ds2_bitext,ACCOUNT,edit_account,,
changing info on business account,account_access,ds2_bitext,ACCOUNT,edit_account,,
modifying info on premium account,account_access,ds2_bitext,ACCOUNT,edit_account,,
editing data on business account,account_access,ds2_bitext,ACCOUNT,edit_account,,
could you help me editing the fucking data on my profile?,account_access,ds2_bitext,ACCOUNT,edit_account,,
"I have got to edit my account, will you help me?",account_access,ds2_bitext,ACCOUNT,edit_account,,
changing details on standard account,account_access,ds2_bitext,ACCOUNT,edit_account,,
modifying data on standard account,account_access,ds2_bitext,ACCOUNT,edit_account,,
how could I edit my goddamn account?,account_access,ds2_bitext,ACCOUNT,edit_account,,
I want to change my user info,account_access,ds2_bitext,ACCOUNT,edit_account,,
modify information on platinum acfount,account_access,ds2_bitext,ACCOUNT,edit_account,,
i need assistance changing the data on my user profile,account_access,ds2_bitext,ACCOUNT,edit_account,,
help to correct the goddamn info on my user account,account_access,ds2_bitext,ACCOUNT,edit_account,,
updating details on gold account,account_access,ds2_bitext,ACCOUNT,edit_account,,
changing details on standard account,account_access,ds2_bitext,ACCOUNT,edit_account,,
can i update the information included on my user profile,account_access,ds2_bitext,ACCOUNT,edit_account,,
changing info on standard account,account_access,ds2_bitext,ACCOUNT,edit_account,,
chnge data on business account,account_access,ds2_bitext,ACCOUNT,edit_account,,
update data on platinum account,account_access,ds2_bitext,ACCOUNT,edit_account,,
i do not know how i can update the info included on my user,account_access,ds2_bitext,ACCOUNT,edit_account,,
modify details on platinum account,account_access,ds2_bitext,ACCOUNT,edit_account,,
edit info on standard account,account_access,ds2_bitext,ACCOUNT,edit_account,,
editing details on standard account,account_access,ds2_bitext,ACCOUNT,edit_account,,
edit details on platinum account,account_access,ds2_bitext,ACCOUNT,edit_account,,
correct data on standard account,account_access,ds2_bitext,ACCOUNT,edit_account,,
edit information on standard account,account_access,ds2_bitext,ACCOUNT,edit_account,,
editting details on pro account,account_access,ds2_bitext,ACCOUNT,edit_account,,
correct data on business account,account_access,ds2_bitext,ACCOUNT,edit_account,,
correct data on platinum account,account_access,ds2_bitext,ACCOUNT,edit_account,,
modify details on freemium account,account_access,ds2_bitext,ACCOUNT,edit_account,,
assistance correcting the damn data on my user account,account_access,ds2_bitext,ACCOUNT,edit_account,,
modifying data on freemium account,account_access,ds2_bitext,ACCOUNT,edit_account,,
modifu details on pro account,account_access,ds2_bitext,ACCOUNT,edit_account,,
change details on business account,account_access,ds2_bitext,ACCOUNT,edit_account,,
I want to update my user profile,account_access,ds2_bitext,ACCOUNT,edit_account,,
"I have got to edit my damn user, could I get some help?",account_access,ds2_bitext,ACCOUNT,edit_account,,
chnge data on standard account,account_access,ds2_bitext,ACCOUNT,edit_account,,
"I have to modify the info included on my user, help me",account_access,ds2_bitext,ACCOUNT,edit_account,,
correct info on standard account,account_access,ds2_bitext,ACCOUNT,edit_account,,
edit details on standard account,account_access,ds2_bitext,ACCOUNT,edit_account,,
could I edit my damn profile?,account_access,ds2_bitext,ACCOUNT,edit_account,,
"I have to edit my account, could I get some help?",account_access,ds2_bitext,ACCOUNT,edit_account,,
pudate info on business account,account_access,ds2_bitext,ACCOUNT,edit_account,,
edit information on standard account,account_access,ds2_bitext,ACCOUNT,edit_account,,
changing data on standard account,account_access,ds2_bitext,ACCOUNT,edit_account,,
change details on standard account,account_access,ds2_bitext,ACCOUNT,edit_account,,
correcting details on business account,account_access,ds2_bitext,ACCOUNT,edit_account,,
update data on gold account,account_access,ds2_bitext,ACCOUNT,edit_account,,
updating data on standard account,account_access,ds2_bitext,ACCOUNT,edit_account,,
modify data on business account,account_access,ds2_bitext,ACCOUNT,edit_account,,
correcting infornation on freemium account,account_access,ds2_bitext,ACCOUNT,edit_account,,
edit details oon standard account,account_access,ds2_bitext,ACCOUNT,edit_account,,
edit info on standard accunt,account_access,ds2_bitext,ACCOUNT,edit_account,,
edit details oon business account,account_access,ds2_bitext,ACCOUNT,edit_account,,
correct info on standard account,account_access,ds2_bitext,ACCOUNT,edit_account,,
editing info on standard account,account_access,ds2_bitext,ACCOUNT,edit_account,,
changing informatiln on standard account,account_access,ds2_bitext,ACCOUNT,edit_account,,
change data on freemium account,account_access,ds2_bitext,ACCOUNT,edit_account,,
correcting details on business account,account_access,ds2_bitext,ACCOUNT,edit_account,,
need to modify my fucking user information how can i do it,account_access,ds2_bitext,ACCOUNT,edit_account,,
updaing info on gold account,account_access,ds2_bitext,ACCOUNT,edit_account,,
need to edit my account can ya help me,account_access,ds2_bitext,ACCOUNT,edit_account,,
modifying information on gold account,account_access,ds2_bitext,ACCOUNT,edit_account,,
changing information on freemium account,account_access,ds2_bitext,ACCOUNT,edit_account,,
"I need to edit my bloody user, will you help me?",account_access,ds2_bitext,ACCOUNT,edit_account,,
editing informaqtion on pro account,account_access,ds2_bitext,ACCOUNT,edit_account,,
can i correct the data on my user account,account_access,ds2_bitext,ACCOUNT,edit_account,,
modifying information on freemium account,account_access,ds2_bitext,ACCOUNT,edit_account,,
editing data on platinum account,account_access,ds2_bitext,ACCOUNT,edit_account,,
edit details on standard account,account_access,ds2_bitext,ACCOUNT,edit_account,,
edit information on standard account,account_access,ds2_bitext,ACCOUNT,edit_account,,
editing info on standard account,account_access,ds2_bitext,ACCOUNT,edit_account,,
how to change the details included on my profile?,account_access,ds2_bitext,ACCOUNT,edit_account,,
how can I modify some of the details on my user account?,account_access,ds2_bitext,ACCOUNT,edit_account,,
modifying ingormation on standard account,account_access,ds2_bitext,ACCOUNT,edit_account,,
modifying info on business account,account_access,ds2_bitext,ACCOUNT,edit_account,,
changing data on business account,account_access,ds2_bitext,ACCOUNT,edit_account,,
"I have to modify the personal details, how to do it?",account_access,ds2_bitext,ACCOUNT,edit_account,,
modify inof on platinum account,account_access,ds2_bitext,ACCOUNT,edit_account,,
cnange info on standard account,account_access,ds2_bitext,ACCOUNT,edit_account,,
i have got to correct the info included on my user profile,account_access,ds2_bitext,ACCOUNT,edit_account,,
updating details on standard account,account_access,ds2_bitext,ACCOUNT,edit_account,,
change data on business account,account_access,ds2_bitext,ACCOUNT,edit_account,,
modifying details on business account,account_access,ds2_bitext,ACCOUNT,edit_account,,
change information on business account,account_access,ds2_bitext,ACCOUNT,edit_account,,
correcting data on standard account,account_access,ds2_bitext,ACCOUNT,edit_account,,
update data on standard account,account_access,ds2_bitext,ACCOUNT,edit_account,,
I have got to change my personal information,account_access,ds2_bitext,ACCOUNT,edit_account,,
correct info on gold account,account_access,ds2_bitext,ACCOUNT,edit_account,,
changing information on standard account,account_access,ds2_bitext,ACCOUNT,edit_account,,
modifying information on business account,account_access,ds2_bitext,ACCOUNT,edit_account,,
editing details on business account,account_access,ds2_bitext,ACCOUNT,edit_account,,
updating info on business account,account_access,ds2_bitext,ACCOUNT,edit_account,,
modify data on pro account,account_access,ds2_bitext,ACCOUNT,edit_account,,
updating data on standard account,account_access,ds2_bitext,ACCOUNT,edit_account,,
correct info on premium account,account_access,ds2_bitext,ACCOUNT,edit_account,,
how to update the info on my user profile?,account_access,ds2_bitext,ACCOUNT,edit_account,,
i want assistance to correct the data included on my profile,account_access,ds2_bitext,ACCOUNT,edit_account,,
help to correct the information included on my user,account_access,ds2_bitext,ACCOUNT,edit_account,,
edit information on platinum account,account_access,ds2_bitext,ACCOUNT,edit_account,,
want assistance modifying the goddamn user info,account_access,ds2_bitext,ACCOUNT,edit_account,,
modify details on standard account,account_access,ds2_bitext,ACCOUNT,edit_account,,
editing data on pro acocunt,account_access,ds2_bitext,ACCOUNT,edit_account,,
changing information on business account,account_access,ds2_bitext,ACCOUNT,edit_account,,
help me to modify my account,account_access,ds2_bitext,ACCOUNT,edit_account,,
need to change the details on my user profile help me,account_access,ds2_bitext,ACCOUNT,edit_account,,
correcting information on platinum account,account_access,ds2_bitext,ACCOUNT,edit_account,,
updating information on premium account,account_access,ds2_bitext,ACCOUNT,edit_account,,
correcting information on standard account,account_access,ds2_bitext,ACCOUNT,edit_account,,
edit information on business account,account_access,ds2_bitext,ACCOUNT,edit_account,,
correct information on standard account,account_access,ds2_bitext,ACCOUNT,edit_account,,
changing information on business account,account_access,ds2_bitext,ACCOUNT,edit_account,,
update data on premium account,account_access,ds2_bitext,ACCOUNT,edit_account,,
wanna edit the info on my account i need help,account_access,ds2_bitext,ACCOUNT,edit_account,,
change info on standard account,account_access,ds2_bitext,ACCOUNT,edit_account,,
updaing info on platinum account,account_access,ds2_bitext,ACCOUNT,edit_account,,
change information on business account,account_access,ds2_bitext,ACCOUNT,edit_account,,
modifying information on standard account,account_access,ds2_bitext,ACCOUNT,edit_account,,
what do I have to do to change my user data?,account_access,ds2_bitext,ACCOUNT,edit_account,,
updating information on standard account,account_access,ds2_bitext,ACCOUNT,edit_account,,
assistance updating the info included on my user account,account_access,ds2_bitext,ACCOUNT,edit_account,,
"I have got to edit my account, how to do it?",account_access,ds2_bitext,ACCOUNT,edit_account,,
chnge data on freemium account,account_access,ds2_bitext,ACCOUNT,edit_account,,
updating information on gold account,account_access,ds2_bitext,ACCOUNT,edit_account,,
correcting data on business account,account_access,ds2_bitext,ACCOUNT,edit_account,,
change data on platinum account,account_access,ds2_bitext,ACCOUNT,edit_account,,
i dont know what i need to do to correct the personal info,account_access,ds2_bitext,ACCOUNT,edit_account,,
updating data on platinum account,account_access,ds2_bitext,ACCOUNT,edit_account,,
edit details on freemium account,account_access,ds2_bitext,ACCOUNT,edit_account,,
"I want to correct the info on my account, how do I do it?",account_access,ds2_bitext,ACCOUNT,edit_account,,
editing details on freemium account,account_access,ds2_bitext,ACCOUNT,edit_account,,
I do not know what to do to edit the user data,account_access,ds2_bitext,ACCOUNT,edit_account,,
edting info on premium account,account_access,ds2_bitext,ACCOUNT,edit_account,,
modiby data on standard account,account_access,ds2_bitext,ACCOUNT,edit_account,,
updating information on business account,account_access,ds2_bitext,ACCOUNT,edit_account,,
edit details on business account,account_access,ds2_bitext,ACCOUNT,edit_account,,
"I would like to edit my goddamn user, I need help",account_access,ds2_bitext,ACCOUNT,edit_account,,
editing info on gold account,account_access,ds2_bitext,ACCOUNT,edit_account,,
editing data on standard account,account_access,ds2_bitext,ACCOUNT,edit_account,,
correcting data on standard account,account_access,ds2_bitext,ACCOUNT,edit_account,,
modifying details on standard account,account_access,ds2_bitext,ACCOUNT,edit_account,,
correct information on pro account,account_access,ds2_bitext,ACCOUNT,edit_account,,
"I have to edit some of the details on my profile, help me",account_access,ds2_bitext,ACCOUNT,edit_account,,
editing information on gold account,account_access,ds2_bitext,ACCOUNT,edit_account,,
editing info on business account,account_access,ds2_bitext,ACCOUNT,edit_account,,
modifying details on premium account,account_access,ds2_bitext,ACCOUNT,edit_account,,
correcting data on premium account,account_access,ds2_bitext,ACCOUNT,edit_account,,
update info on platinum account,account_access,ds2_bitext,ACCOUNT,edit_account,,
correct information on standard account,account_access,ds2_bitext,ACCOUNT,edit_account,,
editting details on gold account,account_access,ds2_bitext,ACCOUNT,edit_account,,
update data on freemium account,account_access,ds2_bitext,ACCOUNT,edit_account,,
modifu details on standard account,account_access,ds2_bitext,ACCOUNT,edit_account,,
editting details on standard account,account_access,ds2_bitext,ACCOUNT,edit_account,,
correcting infornation on premium account,account_access,ds2_bitext,ACCOUNT,edit_account,,
i do not know what to do to modify the user info,account_access,ds2_bitext,ACCOUNT,edit_account,,
how could I edit my damn user?,account_access,ds2_bitext,ACCOUNT,edit_account,,
updating informtaion on standard account,account_access,ds2_bitext,ACCOUNT,edit_account,,
how do I update the information included on my account?,account_access,ds2_bitext,ACCOUNT,edit_account,,
want assistance changing my user details,account_access,ds2_bitext,ACCOUNT,edit_account,,
correcting information on business account,account_access,ds2_bitext,ACCOUNT,edit_account,,
modifying data on standard account,account_access,ds2_bitext,ACCOUNT,edit_account,,
modify info on standard account,account_access,ds2_bitext,ACCOUNT,edit_account,,
"I have got to correct the data on my account, help me",account_access,ds2_bitext,ACCOUNT,edit_account,,
modify information on premium account,account_access,ds2_bitext,ACCOUNT,edit_account,,
modify information on business acfount,account_access,ds2_bitext,ACCOUNT,edit_account,,
correcting information on standard account,account_access,ds2_bitext,ACCOUNT,edit_account,,
need to modify my personal data can uhelp me,account_access,ds2_bitext,ACCOUNT,edit_account,,
changing info on freemium account,account_access,ds2_bitext,ACCOUNT,edit_account,,
change information on gold account,account_access,ds2_bitext,ACCOUNT,edit_account,,
edit details oon business account,account_access,ds2_bitext,ACCOUNT,edit_account,,
"I want to edit my fucking user, will you help me?",account_access,ds2_bitext,ACCOUNT,edit_account,,
how can I change my personal data?,account_access,ds2_bitext,ACCOUNT,edit_account,,
change details on standard account,account_access,ds2_bitext,ACCOUNT,edit_account,,
assistance to change the personal details,account_access,ds2_bitext,ACCOUNT,edit_account,,
modiby data on business account,account_access,ds2_bitext,ACCOUNT,edit_account,,
editing details on premium account,account_access,ds2_bitext,ACCOUNT,edit_account,,
correcting info on business account,account_access,ds2_bitext,ACCOUNT,edit_account,,
correcting data on platinum account,account_access,ds2_bitext,ACCOUNT,edit_account,,
editing data on pro account,account_access,ds2_bitext,ACCOUNT,edit_account,,
modiby data on business account,account_access,ds2_bitext,ACCOUNT,edit_account,,
correcting infornation on standard account,account_access,ds2_bitext,ACCOUNT,edit_account,,
could I edit my fucking user?,account_access,ds2_bitext,ACCOUNT,edit_account,,
need to correct the bloody details included on my account,account_access,ds2_bitext,ACCOUNT,edit_account,,
update data on standard account,account_access,ds2_bitext,ACCOUNT,edit_account,,
changing data on business account,account_access,ds2_bitext,ACCOUNT,edit_account,,
update information on standard account,account_access,ds2_bitext,ACCOUNT,edit_account,,
update info on standard account,account_access,ds2_bitext,ACCOUNT,edit_account,,
modify data on business account,account_access,ds2_bitext,ACCOUNT,edit_account,,
how can I modify my user information?,account_access,ds2_bitext,ACCOUNT,edit_account,,
could I edit my personal information?,account_access,ds2_bitext,ACCOUNT,edit_account,,
i have got to correct the personal details,account_access,ds2_bitext,ACCOUNT,edit_account,,
i have got to edit the details included on my profile,account_access,ds2_bitext,ACCOUNT,edit_account,,
correct data on freemium account,account_access,ds2_bitext,ACCOUNT,edit_account,,
correcting details on freemium account,account_access,ds2_bitext,ACCOUNT,edit_account,,
modify details on gold account,account_access,ds2_bitext,ACCOUNT,edit_account,,
edit info on business account,account_access,ds2_bitext,ACCOUNT,edit_account,,
correcting info on standard aqccount,account_access,ds2_bitext,ACCOUNT,edit_account,,
correcting information on gold account,account_access,ds2_bitext,ACCOUNT,edit_account,,
how to correct my user data?,account_access,ds2_bitext,ACCOUNT,edit_account,,
I'd like to update the fucking data on my user profile,account_access,ds2_bitext,ACCOUNT,edit_account,,
edit details oon gold account,account_access,ds2_bitext,ACCOUNT,edit_account,,
I do not know how to update the info included on my profile,account_access,ds2_bitext,ACCOUNT,edit_account,,
correct information on business account,account_access,ds2_bitext,ACCOUNT,edit_account,,
I need to modify the information on my user,account_access,ds2_bitext,ACCOUNT,edit_account,,
"I have to correct the info included on my profile, help me",account_access,ds2_bitext,ACCOUNT,edit_account,,
correcting details on standard account,account_access,ds2_bitext,ACCOUNT,edit_account,,
wanna modify the details on my user profile can ya help me,account_access,ds2_bitext,ACCOUNT,edit_account,,
modify information on pro acfount,account_access,ds2_bitext,ACCOUNT,edit_account,,
edit details on premium account,account_access,ds2_bitext,ACCOUNT,edit_account,,
correct details on gold account,account_access,ds2_bitext,ACCOUNT,edit_account,,
need to correct the info included on my user profile,account_access,ds2_bitext,ACCOUNT,edit_account,,
updating info on pro account,account_access,ds2_bitext,ACCOUNT,edit_account,,
"I want to change the information on my account, I need help",account_access,ds2_bitext,ACCOUNT,edit_account,,
change details on gold account,account_access,ds2_bitext,ACCOUNT,edit_account,,
update information on gold account,account_access,ds2_bitext,ACCOUNT,edit_account,,
editing information on standard account,account_access,ds2_bitext,ACCOUNT,edit_account,,
change details on premium account,account_access,ds2_bitext,ACCOUNT,edit_account,,
update info on business account,account_access,ds2_bitext,ACCOUNT,edit_account,,
correct details on standard account,account_access,ds2_bitext,ACCOUNT,edit_account,,
i need help to correct the info on my user,account_access,ds2_bitext,ACCOUNT,edit_account,,
could I edit the goddamn information on my user?,account_access,ds2_bitext,ACCOUNT,edit_account,,
updating data on standard account,account_access,ds2_bitext,ACCOUNT,edit_account,,
modify data on standard account,account_access,ds2_bitext,ACCOUNT,edit_account,,
correcting information on business account,account_access,ds2_bitext,ACCOUNT,edit_account,,
chnge data on gold account,account_access,ds2_bitext,ACCOUNT,edit_account,,
update details on platinum account,account_access,ds2_bitext,ACCOUNT,edit_account,,
i have to change the personal details,account_access,ds2_bitext,ACCOUNT,edit_account,,
what do i need to do to edit the details on my user profile,account_access,ds2_bitext,ACCOUNT,edit_account,,
modify details on business account,account_access,ds2_bitext,ACCOUNT,edit_account,,
i have to edit the info included on my user can uhelp me,account_access,ds2_bitext,ACCOUNT,edit_account,,
updating details on standard account,account_access,ds2_bitext,ACCOUNT,edit_account,,
correct data on standard account,account_access,ds2_bitext,ACCOUNT,edit_account,,
edit info on standard account,account_access,ds2_bitext,ACCOUNT,edit_account,,
editing information on freemium account,account_access,ds2_bitext,ACCOUNT,edit_account,,
updating info on standard account,account_access,ds2_bitext,ACCOUNT,edit_account,,
modify data on standard account,account_access,ds2_bitext,ACCOUNT,edit_account,,
updating informtaion on standard account,account_access,ds2_bitext,ACCOUNT,edit_account,,
modify details on standard account,account_access,ds2_bitext,ACCOUNT,edit_account,,
editting details on standard account,account_access,ds2_bitext,ACCOUNT,edit_account,,
i have to update the data included on my user i need help,account_access,ds2_bitext,ACCOUNT,edit_account,,
can uhelp me change the data on my profile,account_access,ds2_bitext,ACCOUNT,edit_account,,
update data on standard cacount,account_access,ds2_bitext,ACCOUNT,edit_account,,
modify info on standard account,account_access,ds2_bitext,ACCOUNT,edit_account,,
I don't know what I need to do to edit my user information,account_access,ds2_bitext,ACCOUNT,edit_account,,
"I need to modify the data on my profile, could you help me?",account_access,ds2_bitext,ACCOUNT,edit_account,,
updating information on standard account,account_access,ds2_bitext,ACCOUNT,edit_account,,
modify information on gold account,account_access,ds2_bitext,ACCOUNT,edit_account,,
editing data on standard account,account_access,ds2_bitext,ACCOUNT,edit_account,,
modify data on platinum account,account_access,ds2_bitext,ACCOUNT,edit_account,,
update info on business account,account_access,ds2_bitext,ACCOUNT,edit_account,,
correct information on premium account,account_access,ds2_bitext,ACCOUNT,edit_account,,
can you help me to edit my account?,account_access,ds2_bitext,ACCOUNT,edit_account,,
updaing info on standard account,account_access,ds2_bitext,ACCOUNT,edit_account,,
change info on standard account,account_access,ds2_bitext,ACCOUNT,edit_account,,
modify details on business account,account_access,ds2_bitext,ACCOUNT,edit_account,,
edit information on premium account,account_access,ds2_bitext,ACCOUNT,edit_account,,
correct information on gold account,account_access,ds2_bitext,ACCOUNT,edit_account,,
would it be possible to edit the information on my account?,account_access,ds2_bitext,ACCOUNT,edit_account,,
editting details on business account,account_access,ds2_bitext,ACCOUNT,edit_account,,
modify details on business account,account_access,ds2_bitext,ACCOUNT,edit_account,,
edit data on business account,account_access,ds2_bitext,ACCOUNT,edit_account,,
edit info on pro account,account_access,ds2_bitext,ACCOUNT,edit_account,,
i do not know what i have to do to edit the user information,account_access,ds2_bitext,ACCOUNT,edit_account,,
changing detais on business account,account_access,ds2_bitext,ACCOUNT,edit_account,,
i have got to update my account can i get some help,account_access,ds2_bitext,ACCOUNT,edit_account,,
modifying data on business account,account_access,ds2_bitext,ACCOUNT,edit_account,,
update information on standard account,account_access,ds2_bitext,ACCOUNT,edit_account,,
need to change the info included on my user,account_access,ds2_bitext,ACCOUNT,edit_account,,
need help to modify the details included on my profile,account_access,ds2_bitext,ACCOUNT,edit_account,,
edit info on standard accunt,account_access,ds2_bitext,ACCOUNT,edit_account,,
editing informaqtion on business account,account_access,ds2_bitext,ACCOUNT,edit_account,,
modifying details on freemium account,account_access,ds2_bitext,ACCOUNT,edit_account,,
editing details on pro account,account_access,ds2_bitext,ACCOUNT,edit_account,,
i try to change my personal info,account_access,ds2_bitext,ACCOUNT,edit_account,,
help to change soe of the details on my profile,account_access,ds2_bitext,ACCOUNT,edit_account,,
correcting information on freemium account,account_access,ds2_bitext,ACCOUNT,edit_account,,
edit info on business accunt,account_access,ds2_bitext,ACCOUNT,edit_account,,
changing details on platinum account,account_access,ds2_bitext,ACCOUNT,edit_account,,
correcting info on standard account,account_access,ds2_bitext,ACCOUNT,edit_account,,
modify information on business account,account_access,ds2_bitext,ACCOUNT,edit_account,,
editing data on standard acocunt,account_access,ds2_bitext,ACCOUNT,edit_account,,
I want help to modify my user details,account_access,ds2_bitext,ACCOUNT,edit_account,,
modify data on gold account,account_access,ds2_bitext,ACCOUNT,edit_account,,
changing info on business account,account_access,ds2_bitext,ACCOUNT,edit_account,,
update data on business account,account_access,ds2_bitext,ACCOUNT,edit_account,,
wanna update the details on my account,account_access,ds2_bitext,ACCOUNT,edit_account,,
update information on premium account,account_access,ds2_bitext,ACCOUNT,edit_account,,
modifying information on standard account,account_access,ds2_bitext,ACCOUNT,edit_account,,
what do i have to do to edit my goddamn profile,account_access,ds2_bitext,ACCOUNT,edit_account,,
modifying ingormation on business account,account_access,ds2_bitext,ACCOUNT,edit_account,,
updating information on business account,account_access,ds2_bitext,ACCOUNT,edit_account,,
I want assistance to update the information on my profile,account_access,ds2_bitext,ACCOUNT,edit_account,,
i have got to modify the details on my account help me,account_access,ds2_bitext,ACCOUNT,edit_account,,
wanna modify my user account how do i do it,account_access,ds2_bitext,ACCOUNT,edit_account,,
changing information on standard account,account_access,ds2_bitext,ACCOUNT,edit_account,,
correct details on freemium account,account_access,ds2_bitext,ACCOUNT,edit_account,,
editing data on premium acocunt,account_access,ds2_bitext,ACCOUNT,edit_account,,
I need to update the info included on my account,account_access,ds2_bitext,ACCOUNT,edit_account,,
change info on gold account,account_access,ds2_bitext,ACCOUNT,edit_account,,
changing information on platinum account,account_access,ds2_bitext,ACCOUNT,edit_account,,
editing data on standard account,account_access,ds2_bitext,ACCOUNT,edit_account,,
updating info on standard account,account_access,ds2_bitext,ACCOUNT,edit_account,,
correcting infornation on business account,account_access,ds2_bitext,ACCOUNT,edit_account,,
modifying details on gold account,account_access,ds2_bitext,ACCOUNT,edit_account,,
update details on premium account,account_access,ds2_bitext,ACCOUNT,edit_account,,
how do I modify the goddamn details included on my profile?,account_access,ds2_bitext,ACCOUNT,edit_account,,
correcting information on business account,account_access,ds2_bitext,ACCOUNT,edit_account,,
modify info on gold account,account_access,ds2_bitext,ACCOUNT,edit_account,,
edit info on freemium account,account_access,ds2_bitext,ACCOUNT,edit_account,,
editing info on platinum account,account_access,ds2_bitext,ACCOUNT,edit_account,,
correct details on business account,account_access,ds2_bitext,ACCOUNT,edit_account,,
correctinmg details on business account,account_access,ds2_bitext,ACCOUNT,edit_account,,
chnge data on business account,account_access,ds2_bitext,ACCOUNT,edit_account,,
correct data on standard account,account_access,ds2_bitext,ACCOUNT,edit_account,,
can you help me editing the damn data on my user?,account_access,ds2_bitext,ACCOUNT,edit_account,,
updaing info on standard account,account_access,ds2_bitext,ACCOUNT,edit_account,,
updating informtaion on business account,account_access,ds2_bitext,ACCOUNT,edit_account,,
correct details on business account,account_access,ds2_bitext,ACCOUNT,edit_account,,
modifu details on business account,account_access,ds2_bitext,ACCOUNT,edit_account,,
correcting infornation on standard account,account_access,ds2_bitext,ACCOUNT,edit_account,,
changing data on standard account,account_access,ds2_bitext,ACCOUNT,edit_account,,
correct details on standard account,account_access,ds2_bitext,ACCOUNT,edit_account,,
changing info on gold account,account_access,ds2_bitext,ACCOUNT,edit_account,,
correcting info on business aqccount,account_access,ds2_bitext,ACCOUNT,edit_account,,
updaing info on business account,account_access,ds2_bitext,ACCOUNT,edit_account,,
correcting information on standard account,account_access,ds2_bitext,ACCOUNT,edit_account,,
modify info on pro account,account_access,ds2_bitext,ACCOUNT,edit_account,,
editing details on business account,account_access,ds2_bitext,ACCOUNT,edit_account,,
change details on business account,account_access,ds2_bitext,ACCOUNT,edit_account,,
cnange info on freemium account,account_access,ds2_bitext,ACCOUNT,edit_account,,
updating details on standard account,account_access,ds2_bitext,ACCOUNT,edit_account,,
modify information on business account,account_access,ds2_bitext,ACCOUNT,edit_account,,
"I have got to edit my bloody user, how could I do it?",account_access,ds2_bitext,ACCOUNT,edit_account,,
edit details on gold account,account_access,ds2_bitext,ACCOUNT,edit_account,,
change info on standard account,account_access,ds2_bitext,ACCOUNT,edit_account,,
changing data on standard account,account_access,ds2_bitext,ACCOUNT,edit_account,,
editing information on business account,account_access,ds2_bitext,ACCOUNT,edit_account,,
need to change the info on my user account,account_access,ds2_bitext,ACCOUNT,edit_account,,
correcting infornation on pro account,account_access,ds2_bitext,ACCOUNT,edit_account,,
edit info on business accunt,account_access,ds2_bitext,ACCOUNT,edit_account,,
update details on standard account,account_access,ds2_bitext,ACCOUNT,edit_account,,
modifying info on gold accoumt,account_access,ds2_bitext,ACCOUNT,edit_account,,
update details on gold account,account_access,ds2_bitext,ACCOUNT,edit_account,,
wanna change the user information can uhelp me,account_access,ds2_bitext,ACCOUNT,edit_account,,
"I want to update my goddamn personal info, how to do it?",account_access,ds2_bitext,ACCOUNT,edit_account,,
correct details on pro account,account_access,ds2_bitext,ACCOUNT,edit_account,,
correcting data on standard account,account_access,ds2_bitext,ACCOUNT,edit_account,,
editing data on premium account,account_access,ds2_bitext,ACCOUNT,edit_account,,
update info on freemium account,account_access,ds2_bitext,ACCOUNT,edit_account,,
I need assistance modifying the damn data on my account,account_access,ds2_bitext,ACCOUNT,edit_account,,
correcting data on pro account,account_access,ds2_bitext,ACCOUNT,edit_account,,
i do not know how to edit my damn account,account_access,ds2_bitext,ACCOUNT,edit_account,,
editing data on gold account,account_access,ds2_bitext,ACCOUNT,edit_account,,
"I want to modify my goddamn user profile, help me",account_access,ds2_bitext,ACCOUNT,edit_account,,
"I need to edit my personal information, will you help me?",account_access,ds2_bitext,ACCOUNT,edit_account,,
edit info on premium accunt,account_access,ds2_bitext,ACCOUNT,edit_account,,
change data on premium account,account_access,ds2_bitext,ACCOUNT,edit_account,,
modifying data on business account,account_access,ds2_bitext,ACCOUNT,edit_account,,
could you help me editing the damn information on my user?,account_access,ds2_bitext,ACCOUNT,edit_account,,
modifying details on business account,account_access,ds2_bitext,ACCOUNT,edit_account,,
edit information on standard account,account_access,ds2_bitext,ACCOUNT,edit_account,,
can ya help me updating the details included on my account,account_access,ds2_bitext,ACCOUNT,edit_account,,
need to edit the personal data could i get some help,account_access,ds2_bitext,ACCOUNT,edit_account,,
modify data on standard account,account_access,ds2_bitext,ACCOUNT,edit_account,,
updating info on business account,account_access,ds2_bitext,ACCOUNT,edit_account,,
changing info on premium account,account_access,ds2_bitext,ACCOUNT,edit_account,,
modify data on premium account,account_access,ds2_bitext,ACCOUNT,edit_account,,
change details on standard account,account_access,ds2_bitext,ACCOUNT,edit_account,,
need to update my user data how can i do it,account_access,ds2_bitext,ACCOUNT,edit_account,,
changing detais on standard account,account_access,ds2_bitext,ACCOUNT,edit_account,,
modifying info on standard account,account_access,ds2_bitext,ACCOUNT,edit_account,,
how to correct some of the details on my user profile,account_access,ds2_bitext,ACCOUNT,edit_account,,
i have got to correct the information included on my user,account_access,ds2_bitext,ACCOUNT,edit_account,,
update information on standard account,account_access,ds2_bitext,ACCOUNT,edit_account,,
correcting information on premium account,account_access,ds2_bitext,ACCOUNT,edit_account,,
I don't know how to correct the data included on my account,account_access,ds2_bitext,ACCOUNT,edit_account,,
i have to change the personal data can ya help me,account_access,ds2_bitext,ACCOUNT,edit_account,,
correct info on freemium account,account_access,ds2_bitext,ACCOUNT,edit_account,,
edit data on standard account,account_access,ds2_bitext,ACCOUNT,edit_account,,
edit details on standard account,account_access,ds2_bitext,ACCOUNT,edit_account,,
I need assistance modifying my bloody user account,account_access,ds2_bitext,ACCOUNT,edit_account,,
modifying info on standard account,account_access,ds2_bitext,ACCOUNT,edit_account,,
update inforemation on standard account,account_access,ds2_bitext,ACCOUNT,edit_account,,
updating data on business account,account_access,ds2_bitext,ACCOUNT,edit_account,,
correcting infornation on standard account,account_access,ds2_bitext,ACCOUNT,edit_account,,
i do not know how to update my personal info,account_access,ds2_bitext,ACCOUNT,edit_account,,
want assistance editing my personal data,account_access,ds2_bitext,ACCOUNT,edit_account,,
modifying data on platinum account,account_access,ds2_bitext,ACCOUNT,edit_account,,
changing data on premium account,account_access,ds2_bitext,ACCOUNT,edit_account,,
change details on business account,account_access,ds2_bitext,ACCOUNT,edit_account,,
editting details on standard account,account_access,ds2_bitext,ACCOUNT,edit_account,,
correct info on pro account,account_access,ds2_bitext,ACCOUNT,edit_account,,
correct info on business account,account_access,ds2_bitext,ACCOUNT,edit_account,,
wanna edit my user info how to do it,account_access,ds2_bitext,ACCOUNT,edit_account,,
need to update the details on my user how do i do it,account_access,ds2_bitext,ACCOUNT,edit_account,,
editing information on business account,account_access,ds2_bitext,ACCOUNT,edit_account,,
modify information on standard account,account_access,ds2_bitext,ACCOUNT,edit_account,,
change details on platinum account,account_access,ds2_bitext,ACCOUNT,edit_account,,
change info on business account,account_access,ds2_bitext,ACCOUNT,edit_account,,
i want assistance changing the info on my user account,account_access,ds2_bitext,ACCOUNT,edit_account,,
how to correct the data on my user account?,account_access,ds2_bitext,ACCOUNT,edit_account,,
I'd like to modify the details on my user how can i do it,account_access,ds2_bitext,ACCOUNT,edit_account,,
update information on business account,account_access,ds2_bitext,ACCOUNT,edit_account,,
modify information on pro account,account_access,ds2_bitext,ACCOUNT,edit_account,,
update information on standard account,account_access,ds2_bitext,ACCOUNT,edit_account,,
updating information on platinum account,account_access,ds2_bitext,ACCOUNT,edit_account,,
change information on premium account,account_access,ds2_bitext,ACCOUNT,edit_account,,
editing data on business acocunt,account_access,ds2_bitext,ACCOUNT,edit_account,,
how can I update the user info?,account_access,ds2_bitext,ACCOUNT,edit_account,,
changing information on gold account,account_access,ds2_bitext,ACCOUNT,edit_account,,
wanna modify the fucking personal info could uhelp me,account_access,ds2_bitext,ACCOUNT,edit_account,,
modifying data on pro account,account_access,ds2_bitext,ACCOUNT,edit_account,,
correct data on pro account,account_access,ds2_bitext,ACCOUNT,edit_account,,
changing information on pro account,account_access,ds2_bitext,ACCOUNT,edit_account,,
modifying information on business account,account_access,ds2_bitext,ACCOUNT,edit_account,,
editting details on business account,account_access,ds2_bitext,ACCOUNT,edit_account,,
editing data on business account,account_access,ds2_bitext,ACCOUNT,edit_account,,
I want to update the info included on my user account,account_access,ds2_bitext,ACCOUNT,edit_account,,
need to modify the user details how can i do it,account_access,ds2_bitext,ACCOUNT,edit_account,,
modify details on standard account,account_access,ds2_bitext,ACCOUNT,edit_account,,
update information on platinum account,account_access,ds2_bitext,ACCOUNT,edit_account,,
correct data on premium account,account_access,ds2_bitext,ACCOUNT,edit_account,,
modify info on business account,account_access,ds2_bitext,ACCOUNT,edit_account,,
modifying info on standard accoumt,account_access,ds2_bitext,ACCOUNT,edit_account,,
edit info on premium account,account_access,ds2_bitext,ACCOUNT,edit_account,,
"I have to edit my account, how could I do it?",account_access,ds2_bitext,ACCOUNT,edit_account,,
changing info on platinum account,account_access,ds2_bitext,ACCOUNT,edit_account,,
modify info on freemium account,account_access,ds2_bitext,ACCOUNT,edit_account,,
updating data on freemium account,account_access,ds2_bitext,ACCOUNT,edit_account,,
edit details on pro account,account_access,ds2_bitext,ACCOUNT,edit_account,,
edit details on standard account,account_access,ds2_bitext,ACCOUNT,edit_account,,
edit data on premium account,account_access,ds2_bitext,ACCOUNT,edit_account,,
editing information on pro account,account_access,ds2_bitext,ACCOUNT,edit_account,,
update details on freemium account,account_access,ds2_bitext,ACCOUNT,edit_account,,
modifying ingormation on business account,account_access,ds2_bitext,ACCOUNT,edit_account,,
update info on standard account,account_access,ds2_bitext,ACCOUNT,edit_account,,
correcting info on standard account,account_access,ds2_bitext,ACCOUNT,edit_account,,
modifying details on standard account,account_access,ds2_bitext,ACCOUNT,edit_account,,
can ya help me to modify the info on my account,account_access,ds2_bitext,ACCOUNT,edit_account,,
need to modify the bloody info on my user could uhelp me,account_access,ds2_bitext,ACCOUNT,edit_account,,
modify data on standard account,account_access,ds2_bitext,ACCOUNT,edit_account,,
updating information on business account,account_access,ds2_bitext,ACCOUNT,edit_account,,
I want help to modify my account,account_access,ds2_bitext,ACCOUNT,edit_account,,
I want help to update some of the details on my user account,account_access,ds2_bitext,ACCOUNT,edit_account,,
changing details on premium account,account_access,ds2_bitext,ACCOUNT,edit_account,,
correcting info on business aqccount,account_access,ds2_bitext,ACCOUNT,edit_account,,
i try to change the info included on my profile,account_access,ds2_bitext,ACCOUNT,edit_account,,
changing data on standard account,account_access,ds2_bitext,ACCOUNT,edit_account,,
editing data on standard account,account_access,ds2_bitext,ACCOUNT,edit_account,,
update information on business account,account_access,ds2_bitext,ACCOUNT,edit_account,,
I have got to change the details included on my user,account_access,ds2_bitext,ACCOUNT,edit_account,,
correcting info on standard account,account_access,ds2_bitext,ACCOUNT,edit_account,,
modifying information on business account,account_access,ds2_bitext,ACCOUNT,edit_account,,
modifying info on platinum account,account_access,ds2_bitext,ACCOUNT,edit_account,,
modify information on standard account,account_access,ds2_bitext,ACCOUNT,edit_account,,
edit information on business account,account_access,ds2_bitext,ACCOUNT,edit_account,,
change information on standard account,account_access,ds2_bitext,ACCOUNT,edit_account,,
i want help correcting the information on my profile,account_access,ds2_bitext,ACCOUNT,edit_account,,
modify information on standard account,account_access,ds2_bitext,ACCOUNT,edit_account,,
change data on standard account,account_access,ds2_bitext,ACCOUNT,edit_account,,
i dont know how to modify the data included on my profile,account_access,ds2_bitext,ACCOUNT,edit_account,,
update data on pro account,account_access,ds2_bitext,ACCOUNT,edit_account,,
could you help me modify the bloody data on my profile?,account_access,ds2_bitext,ACCOUNT,edit_account,,
"I have got to edit my user, how could I do it?",account_access,ds2_bitext,ACCOUNT,edit_account,,
updating info on platinum account,account_access,ds2_bitext,ACCOUNT,edit_account,,
modifying data on business account,account_access,ds2_bitext,ACCOUNT,edit_account,,
change data on standard account,account_access,ds2_bitext,ACCOUNT,edit_account,,
changing data on gold account,account_access,ds2_bitext,ACCOUNT,edit_account,,
correct info on business account,account_access,ds2_bitext,ACCOUNT,edit_account,,
updatikng data on platinum account,account_access,ds2_bitext,ACCOUNT,edit_account,,
I don't know what I have to do to modify the user details,account_access,ds2_bitext,ACCOUNT,edit_account,,
update information on freemium account,account_access,ds2_bitext,ACCOUNT,edit_account,,
change information on standard account,account_access,ds2_bitext,ACCOUNT,edit_account,,
i dont know how to correct the data included on my account,account_access,ds2_bitext,ACCOUNT,edit_account,,
change data on standard account,account_access,ds2_bitext,ACCOUNT,edit_account,,
updating details on business account,account_access,ds2_bitext,ACCOUNT,edit_account,,
modifying data on standard account,account_access,ds2_bitext,ACCOUNT,edit_account,,
changing details on business account,account_access,ds2_bitext,ACCOUNT,edit_account,,
"I have to correct some of my personal details, how to do it?",account_access,ds2_bitext,ACCOUNT,edit_account,,
"I want to edit my account, could I get some help?",account_access,ds2_bitext,ACCOUNT,edit_account,,
could you help me changing the info on my user account?,account_access,ds2_bitext,ACCOUNT,edit_account,,
how to edit some of the details on my user account,account_access,ds2_bitext,ACCOUNT,edit_account,,
editing details on business account,account_access,ds2_bitext,ACCOUNT,edit_account,,
changing informatiln on gold account,account_access,ds2_bitext,ACCOUNT,edit_account,,
edit info on platinum account,account_access,ds2_bitext,ACCOUNT,edit_account,,
modifying info on freemium account,account_access,ds2_bitext,ACCOUNT,edit_account,,
updatikng data on standard account,account_access,ds2_bitext,ACCOUNT,edit_account,,
edit data on business account,account_access,ds2_bitext,ACCOUNT,edit_account,,
i do not know how i can edit the personal details,account_access,ds2_bitext,ACCOUNT,edit_account,,
correct information on standard account,account_access,ds2_bitext,ACCOUNT,edit_account,,
change info on premium account,account_access,ds2_bitext,ACCOUNT,edit_account,,
correcting info on business account,account_access,ds2_bitext,ACCOUNT,edit_account,,
modifying info on freemium accoumt,account_access,ds2_bitext,ACCOUNT,edit_account,,
wanna edit the data included on my user profile can uhelp me,account_access,ds2_bitext,ACCOUNT,edit_account,,
i need assistance to edit the personal details,account_access,ds2_bitext,ACCOUNT,edit_account,,
i want help to change the info on my user,account_access,ds2_bitext,ACCOUNT,edit_account,,
updating info on standard account,account_access,ds2_bitext,ACCOUNT,edit_account,,
modifying details on standard account,account_access,ds2_bitext,ACCOUNT,edit_account,,
updating details on premium account,account_access,ds2_bitext,ACCOUNT,edit_account,,
modifying data on premium account,account_access,ds2_bitext,ACCOUNT,edit_account,,
edit details on business account,account_access,ds2_bitext,ACCOUNT,edit_account,,
changing details on business account,account_access,ds2_bitext,ACCOUNT,edit_account,,
update info on business account,account_access,ds2_bitext,ACCOUNT,edit_account,,
correct info on platinum account,account_access,ds2_bitext,ACCOUNT,edit_account,,
"I would like to edit my goddamn account, I need help",account_access,ds2_bitext,ACCOUNT,edit_account,,
"I need to edit my goddamn user, could I get some help?",account_access,ds2_bitext,ACCOUNT,edit_account,,
correcting info on premium account,account_access,ds2_bitext,ACCOUNT,edit_account,,
i have got to update the info included on my user profile,account_access,ds2_bitext,ACCOUNT,edit_account,,
changing details on pro account,account_access,ds2_bitext,ACCOUNT,edit_account,,
correcting details on premium account,account_access,ds2_bitext,ACCOUNT,edit_account,,
updating info on premium account,account_access,ds2_bitext,ACCOUNT,edit_account,,
I want to correct my user info,account_access,ds2_bitext,ACCOUNT,edit_account,,
editing info on pro account,account_access,ds2_bitext,ACCOUNT,edit_account,,
editing details on platinum account,account_access,ds2_bitext,ACCOUNT,edit_account,,
help to modify the fucking information on my profile,account_access,ds2_bitext,ACCOUNT,edit_account,,
modifu details on standard account,account_access,ds2_bitext,ACCOUNT,edit_account,,
correcting infornation on gold account,account_access,ds2_bitext,ACCOUNT,edit_account,,
I need assistance editing the information on my user,account_access,ds2_bitext,ACCOUNT,edit_account,,
correct info on business account,account_access,ds2_bitext,ACCOUNT,edit_account,,
"I want to update the damn user data, how could I do it?",account_access,ds2_bitext,ACCOUNT,edit_account,,
modify info on standard account,account_access,ds2_bitext,ACCOUNT,edit_account,,
modifying ingormation on standard account,account_access,ds2_bitext,ACCOUNT,edit_account,,
editing info on premium account,account_access,ds2_bitext,ACCOUNT,edit_account,,
changing data on platinum account,account_access,ds2_bitext,ACCOUNT,edit_account,,
I want help updating the details included on my user account,account_access,ds2_bitext,ACCOUNT,edit_account,,
modify data on freemium account,account_access,ds2_bitext,ACCOUNT,edit_account,,
updating info on business account,account_access,ds2_bitext,ACCOUNT,edit_account,,
change data on business account,account_access,ds2_bitext,ACCOUNT,edit_account,,
correcting details on standard account,account_access,ds2_bitext,ACCOUNT,edit_account,,
changing data on pro account,account_access,ds2_bitext,ACCOUNT,edit_account,,
"I would like to edit my bloody account, could you help me?",account_access,ds2_bitext,ACCOUNT,edit_account,,
i have got to edit my personal information can uhelp me,account_access,ds2_bitext,ACCOUNT,edit_account,,
"I want to edit my user profile, how could I do it?",account_access,ds2_bitext,ACCOUNT,edit_account,,
editing info on standard account,account_access,ds2_bitext,ACCOUNT,edit_account,,
correcting data on business accoujnt,account_access,ds2_bitext,ACCOUNT,edit_account,,
correcting data on business account,account_access,ds2_bitext,ACCOUNT,edit_account,,
change info on business account,account_access,ds2_bitext,ACCOUNT,edit_account,,
change details on freemium account,account_access,ds2_bitext,ACCOUNT,edit_account,,
need to edit the info included on my user profile help me,account_access,ds2_bitext,ACCOUNT,edit_account,,
modifying information on platinum account,account_access,ds2_bitext,ACCOUNT,edit_account,,
how do I update my personal information?,account_access,ds2_bitext,ACCOUNT,edit_account,,
update info on premium account,account_access,ds2_bitext,ACCOUNT,edit_account,,
update details on business account,account_access,ds2_bitext,ACCOUNT,edit_account,,
need to correct the damn data on my user how do i do it,account_access,ds2_bitext,ACCOUNT,edit_account,,
change info on business account,account_access,ds2_bitext,ACCOUNT,edit_account,,
edit info on standard account,account_access,ds2_bitext,ACCOUNT,edit_account,,
edit info on business account,account_access,ds2_bitext,ACCOUNT,edit_account,,
I would like to edit my user data,account_access,ds2_bitext,ACCOUNT,edit_account,,
editing info on standard account,account_access,ds2_bitext,ACCOUNT,edit_account,,
"I want to modify the information on my user, help me",account_access,ds2_bitext,ACCOUNT,edit_account,,
i have to update the data on my user how do i do it,account_access,ds2_bitext,ACCOUNT,edit_account,,
change info on pro account,account_access,ds2_bitext,ACCOUNT,edit_account,,
correct information on standard account,account_access,ds2_bitext,ACCOUNT,edit_account,,
update data on standard account,account_access,ds2_bitext,ACCOUNT,edit_account,,
i need assistance to change my personal information,account_access,ds2_bitext,ACCOUNT,edit_account,,
modifying information on standard account,account_access,ds2_bitext,ACCOUNT,edit_account,,
i have got to change my user info,account_access,ds2_bitext,ACCOUNT,edit_account,,
changing information on premium account,account_access,ds2_bitext,ACCOUNT,edit_account,,
wanna change the personal details i need help,account_access,ds2_bitext,ACCOUNT,edit_account,,
change data on gold account,account_access,ds2_bitext,ACCOUNT,edit_account,,
modifying information on premium account,account_access,ds2_bitext,ACCOUNT,edit_account,,
want help to correct the damn info included on my profile,account_access,ds2_bitext,ACCOUNT,edit_account,,
changing details on standard account,account_access,ds2_bitext,ACCOUNT,edit_account,,
editing details on gold account,account_access,ds2_bitext,ACCOUNT,edit_account,,
correct details on platinum account,account_access,ds2_bitext,ACCOUNT,edit_account,,
cnange info on business account,account_access,ds2_bitext,ACCOUNT,edit_account,,
correct information on platinum account,account_access,ds2_bitext,ACCOUNT,edit_account,,
updating detais on standard account,account_access,ds2_bitext,ACCOUNT,edit_account,,
correct data on gold account,account_access,ds2_bitext,ACCOUNT,edit_account,,
correct details on standard account,account_access,ds2_bitext,ACCOUNT,edit_account,,
update inforemation on premium account,account_access,ds2_bitext,ACCOUNT,edit_account,,
modifying information on pro account,account_access,ds2_bitext,ACCOUNT,edit_account,,
correcting info on gold account,account_access,ds2_bitext,ACCOUNT,edit_account,,
need to modify the details on my user profile how to do it,account_access,ds2_bitext,ACCOUNT,edit_account,,
changing information on business account,account_access,ds2_bitext,ACCOUNT,edit_account,,
can uhelp me modifying the details included on my profile,account_access,ds2_bitext,ACCOUNT,edit_account,,
updating data on premium account,account_access,ds2_bitext,ACCOUNT,edit_account,,
modifying ingormation on business account,account_access,ds2_bitext,ACCOUNT,edit_account,,
update information on business account,account_access,ds2_bitext,ACCOUNT,edit_account,,
I have got to modify my personal info,account_access,ds2_bitext,ACCOUNT,edit_account,,
"I want to modify the user data, I need help",account_access,ds2_bitext,ACCOUNT,edit_account,,
editing information on premium account,account_access,ds2_bitext,ACCOUNT,edit_account,,
I need help to update the information on my user profile,account_access,ds2_bitext,ACCOUNT,edit_account,,
updating detais on standard account,account_access,ds2_bitext,ACCOUNT,edit_account,,
update information on pro account,account_access,ds2_bitext,ACCOUNT,edit_account,,
changing data on business account,account_access,ds2_bitext,ACCOUNT,edit_account,,
correct information on business account,account_access,ds2_bitext,ACCOUNT,edit_account,,
correcting info on standard aqccount,account_access,ds2_bitext,ACCOUNT,edit_account,,
want assistance to edit the damn details on my user,account_access,ds2_bitext,ACCOUNT,edit_account,,
changing data on standard account,account_access,ds2_bitext,ACCOUNT,edit_account,,
i have to update some of the goddamn details on my user,account_access,ds2_bitext,ACCOUNT,edit_account,,
changing info on standard account,account_access,ds2_bitext,ACCOUNT,edit_account,,
i dont know what to do to modify my bloody user account,account_access,ds2_bitext,ACCOUNT,edit_account,,
"I have to correct my personal data, how do I do it?",account_access,ds2_bitext,ACCOUNT,edit_account,,
updating details on business account,account_access,ds2_bitext,ACCOUNT,edit_account,,
modify inof on business account,account_access,ds2_bitext,ACCOUNT,edit_account,,
change info on freemium account,account_access,ds2_bitext,ACCOUNT,edit_account,,
i try to unsubscribe to ur companu newsletter,account_access,ds2_bitext,SUBSCRIPTION,newsletter_subscription,,
need to cancel the company newslettef subscription help me,account_access,ds2_bitext,SUBSCRIPTION,newsletter_subscription,,
how can i cancel the subscription to the company newsletter,account_access,ds2_bitext,SUBSCRIPTION,newsletter_subscription,,
how do I receive your newsletter?,account_access,ds2_bitext,SUBSCRIPTION,newsletter_subscription,,
I have got to subscrie to the company newsletter,account_access,ds2_bitext,SUBSCRIPTION,newsletter_subscription,,
I try tro subscribe to the newsletter,account_access,ds2_bitext,SUBSCRIPTION,newsletter_subscription,,
information about canceling my subscription to ur newsletter,account_access,ds2_bitext,SUBSCRIPTION,newsletter_subscription,,
I want help to sign up to your corporate newsletter,account_access,ds2_bitext,SUBSCRIPTION,newsletter_subscription,,
I need information about subscribing to your newsletter,account_access,ds2_bitext,SUBSCRIPTION,newsletter_subscription,,
i cannot subscribe to the newsltter,account_access,ds2_bitext,SUBSCRIPTION,newsletter_subscription,,
I need assistance unsubscribing to the newsletter,account_access,ds2_bitext,SUBSCRIPTION,newsletter_subscription,,
I can't unsubscribe from your company newsletter,account_access,ds2_bitext,SUBSCRIPTION,newsletter_subscription,,
how can I find information about my newsletter subscription?,account_access,ds2_bitext,SUBSCRIPTION,newsletter_subscription,,
i do not know what i need to do to receive the newsletter,account_access,ds2_bitext,SUBSCRIPTION,newsletter_subscription,,
I am trying to unsubscribe from your company newsletter,account_access,ds2_bitext,SUBSCRIPTION,newsletter_subscription,,
I do not know how to subscribe to the newsletter,account_access,ds2_bitext,SUBSCRIPTION,newsletter_subscription,,
need assistance subscribing tp the newsletter,account_access,ds2_bitext,SUBSCRIPTION,newsletter_subscription,,
help me cancel my subscriptiopn to ur newsletter,account_access,ds2_bitext,SUBSCRIPTION,newsletter_subscription,,
help me canceling my subscription to the newsletter,account_access,ds2_bitext,SUBSCRIPTION,newsletter_subscription,,
I try to unsubscribe to your company newsletter,account_access,ds2_bitext,SUBSCRIPTION,newsletter_subscription,,
I want help cancelling my corporate newsletter subscription,account_access,ds2_bitext,SUBSCRIPTION,newsletter_subscription,,
how do I subscribe to the corporate newsletter?,account_access,ds2_bitext,SUBSCRIPTION,newsletter_subscription,,
i have to unsubscribe to ur corporate newsletter,account_access,ds2_bitext,SUBSCRIPTION,newsletter_subscription,,
I can't see the status of my subscription to your newsletter,account_access,ds2_bitext,SUBSCRIPTION,newsletter_subscription,,
"I have tounsubscribe from the newsletter, help me",account_access,ds2_bitext,SUBSCRIPTION,newsletter_subscription,,
wanna know about cancelling the newsletter subscription,account_access,ds2_bitext,SUBSCRIPTION,newsletter_subscription,,
wanna subscribe to the bloody ndwsletter help me,account_access,ds2_bitext,SUBSCRIPTION,newsletter_subscription,,
I cannot subscribe to youir newsletter,account_access,ds2_bitext,SUBSCRIPTION,newsletter_subscription,,
I am trying to sign up to your fucking newsletter,account_access,ds2_bitext,SUBSCRIPTION,newsletter_subscription,,
find information about my subscription to ur newsletter,account_access,ds2_bitext,SUBSCRIPTION,newsletter_subscription,,
I'd like to unsubscrie to the corporate newsletter help me,account_access,ds2_bitext,SUBSCRIPTION,newsletter_subscription,,
help unsubscribing from ur damnnewsletter,account_access,ds2_bitext,SUBSCRIPTION,newsletter_subscription,,
where can i sign up to the corporate newsletter,account_access,ds2_bitext,SUBSCRIPTION,newsletter_subscription,,
assistance to unsubscribe from the company newsletter,account_access,ds2_bitext,SUBSCRIPTION,newsletter_subscription,,
can I sign up to the damn newsletter?,account_access,ds2_bitext,SUBSCRIPTION,newsletter_subscription,,
I would like to cancel the subscription to the newsletter,account_access,ds2_bitext,SUBSCRIPTION,newsletter_subscription,,
"I have to subscribe to the newsletter, I need help",account_access,ds2_bitext,SUBSCRIPTION,newsletter_subscription,,
i do not know how i can unubscribe to the newsletter,account_access,ds2_bitext,SUBSCRIPTION,newsletter_subscription,,
i want assistance to cancel the newsletter subscription,account_access,ds2_bitext,SUBSCRIPTION,newsletter_subscription,,
assistance cancelling the subscription to ur newsletter,account_access,ds2_bitext,SUBSCRIPTION,newsletter_subscription,,
can i cancel the bloody usbscription to ur newsletter,account_access,ds2_bitext,SUBSCRIPTION,newsletter_subscription,,
find information about my newsletter subscription,account_access,ds2_bitext,SUBSCRIPTION,newsletter_subscription,,
I want help cancelling the newsletter subscripotion,account_access,ds2_bitext,SUBSCRIPTION,newsletter_subscription,,
"I want to cancel my company newsletter subscription, help me",account_access,ds2_bitext,SUBSCRIPTION,newsletter_subscription,,
can you help me receiving the company newsletter?,account_access,ds2_bitext,SUBSCRIPTION,newsletter_subscription,,
"I need to unsubscribe from the newsletter, how can I do it?",account_access,ds2_bitext,SUBSCRIPTION,newsletter_subscription,,
where do I cancel my subscription to the company newsletter?,account_access,ds2_bitext,SUBSCRIPTION,newsletter_subscription,,
I don't know how I could unsubscribe to the newsletter,account_access,ds2_bitext,SUBSCRIPTION,newsletter_subscription,,
"I have to sign up to the newsletter, I need help",account_access,ds2_bitext,SUBSCRIPTION,newsletter_subscription,,
"I want to sign up to the newsletter, help me",account_access,ds2_bitext,SUBSCRIPTION,newsletter_subscription,,
i dont know what i need to do to sign up to the newsletter,account_access,ds2_bitext,SUBSCRIPTION,newsletter_subscription,,
help to receive your newslettyer,account_access,ds2_bitext,SUBSCRIPTION,newsletter_subscription,,
i cnt cancel my company newsletter subscription,account_access,ds2_bitext,SUBSCRIPTION,newsletter_subscription,,
"I need to cancel my subscription to your newsletter, help me",account_access,ds2_bitext,SUBSCRIPTION,newsletter_subscription,,
can I cancel my corporate newsletter subscription?,account_access,ds2_bitext,SUBSCRIPTION,newsletter_subscription,,
I need help canceling my subscription to the newsletter,account_access,ds2_bitext,SUBSCRIPTION,newsletter_subscription,,
wanna sign up too the company newsletter i need help,account_access,ds2_bitext,SUBSCRIPTION,newsletter_subscription,,
where can I subscribe to your corporate newsletter?,account_access,ds2_bitext,SUBSCRIPTION,newsletter_subscription,,
I need help to cancel the corporate newsletter subscription,account_access,ds2_bitext,SUBSCRIPTION,newsletter_subscription,,
assistance seeing the status of my newsletter subscription,account_access,ds2_bitext,SUBSCRIPTION,newsletter_subscription,,
I cannot see the status of my newsletter subscription,account_access,ds2_bitext,SUBSCRIPTION,newsletter_subscription,,
"I have got to receive your corporate newsletter, I need help",account_access,ds2_bitext,SUBSCRIPTION,newsletter_subscription,,
is it possible to cancel the subscription to the newsletter?,account_access,ds2_bitext,SUBSCRIPTION,newsletter_subscription,,
wanna know more about my corporate newsletter subscription,account_access,ds2_bitext,SUBSCRIPTION,newsletter_subscription,,
i want help tol subscribe to ur newsletter,account_access,ds2_bitext,SUBSCRIPTION,newsletter_subscription,,
help me sign up to ur company newsletter,account_access,ds2_bitext,SUBSCRIPTION,newsletter_subscription,,
I want help to unsubscribe to the company newsletter,account_access,ds2_bitext,SUBSCRIPTION,newsletter_subscription,,
I am trying to cancel my corporate newsletter subscription,account_access,ds2_bitext,SUBSCRIPTION,newsletter_subscription,,
I do not know what to do to subscribe to your newsletter,account_access,ds2_bitext,SUBSCRIPTION,newsletter_subscription,,
help unsubscribing to ur newsletter,account_access,ds2_bitext,SUBSCRIPTION,newsletter_subscription,,
need help signing up to the newsletter,account_access,ds2_bitext,SUBSCRIPTION,newsletter_subscription,,
help to casncel my subscription to your company newsletter,account_access,ds2_bitext,SUBSCRIPTION,newsletter_subscription,,
"I want to unsubscribe to your corporate newsletter, help me",account_access,ds2_bitext,SUBSCRIPTION,newsletter_subscription,,
I want to cancel the compqny newsletter subscription,account_access,ds2_bitext,SUBSCRIPTION,newsletter_subscription,,
i need help to unsubscribe from ur company newsletter,account_access,ds2_bitext,SUBSCRIPTION,newsletter_subscription,,
can I cancel my subscription to the corporate newsletter?,account_access,ds2_bitext,SUBSCRIPTION,newsletter_subscription,,
I cannot unsubscribe to your newslettewr,account_access,ds2_bitext,SUBSCRIPTION,newsletter_subscription,,
I have got to unsubscribe to the newsletter,account_access,ds2_bitext,SUBSCRIPTION,newsletter_subscription,,
can you help me unsubscribe to the newsletter?,account_access,ds2_bitext,SUBSCRIPTION,newsletter_subscription,,
assistance canceling the newsletter subscription,account_access,ds2_bitext,SUBSCRIPTION,newsletter_subscription,,
I want help cancelling my subscription to the newsletter,account_access,ds2_bitext,SUBSCRIPTION,newsletter_subscription,,
I need assistance subscribing to your company newsletter,account_access,ds2_bitext,SUBSCRIPTION,newsletter_subscription,,
how can I subscribe to the company newsletter?,account_access,ds2_bitext,SUBSCRIPTION,newsletter_subscription,,
cancel the subscription to the newsletter,account_access,ds2_bitext,SUBSCRIPTION,newsletter_subscription,,
wanna cancel my subscription to the newsletter,account_access,ds2_bitext,SUBSCRIPTION,newsletter_subscription,,
i cant subscribe to ur newsletter,account_access,ds2_bitext,SUBSCRIPTION,newsletter_subscription,,
I want to know about receiving your company newsletter,account_access,ds2_bitext,SUBSCRIPTION,newsletter_subscription,,
i cannot unsubscribe from urnewsletter,account_access,ds2_bitext,SUBSCRIPTION,newsletter_subscription,,
could you help me to unsubscribe to the company newsletter?,account_access,ds2_bitext,SUBSCRIPTION,newsletter_subscription,,
can you help me receive your corporate newsletter?,account_access,ds2_bitext,SUBSCRIPTION,newsletter_subscription,,
i do not know how to unsubscribe to ur company newsletter,account_access,ds2_bitext,SUBSCRIPTION,newsletter_subscription,,
want help receiving your newsletter,account_access,ds2_bitext,SUBSCRIPTION,newsletter_subscription,,
how do i cancel my subscription to ur corporate newsletter,account_access,ds2_bitext,SUBSCRIPTION,newsletter_subscription,,
I want help to subscribe to the corporate newsletter,account_access,ds2_bitext,SUBSCRIPTION,newsletter_subscription,,
i cannot unsubscribe to ur company newsletter,account_access,ds2_bitext,SUBSCRIPTION,newsletter_subscription,,
need help to receive ur company newsletter,account_access,ds2_bitext,SUBSCRIPTION,newsletter_subscription,,
I am trying to sign up to the newsletter,account_access,ds2_bitext,SUBSCRIPTION,newsletter_subscription,,
how can I subscribe to the corporate newsletter?,account_access,ds2_bitext,SUBSCRIPTION,newsletter_subscription,,
tell me about signingup to ur corporate newsletter,account_access,ds2_bitext,SUBSCRIPTION,newsletter_subscription,,
how to unsubscribe from ur corporate newsletter,account_access,ds2_bitext,SUBSCRIPTION,newsletter_subscription,,
can you tell me about receiving your newsletter?,account_access,ds2_bitext,SUBSCRIPTION,newsletter_subscription,,
I cannot unsubscribe to your corporate newslwtter,account_access,ds2_bitext,SUBSCRIPTION,newsletter_subscription,,
could you help me sign up to the corporate newsletter?,account_access,ds2_bitext,SUBSCRIPTION,newsletter_subscription,,
I need assistance signing up to your damn newsletter,account_access,ds2_bitext,SUBSCRIPTION,newsletter_subscription,,
where can I sign up to the corporate newsletter?,account_access,ds2_bitext,SUBSCRIPTION,newsletter_subscription,,
help me to receive the bloody newsletter,account_access,ds2_bitext,SUBSCRIPTION,newsletter_subscription,,
i have glt to receive the newsletter help me,account_access,ds2_bitext,SUBSCRIPTION,newsletter_subscription,,
need assistance to subscribe to the company newsletter,account_access,ds2_bitext,SUBSCRIPTION,newsletter_subscription,,
I would like to cancel the subscription to your newsletter,account_access,ds2_bitext,SUBSCRIPTION,newsletter_subscription,,
how can I sign up to your corporate nnewsletter?,account_access,ds2_bitext,SUBSCRIPTION,newsletter_subscription,,
I have got to cancel the subscription to the newsletter,account_access,ds2_bitext,SUBSCRIPTION,newsletter_subscription,,
I want to know about receiving your corporate neswletter,account_access,ds2_bitext,SUBSCRIPTION,newsletter_subscription,,
"I want to sign up to the newsletter, can I get some help?",account_access,ds2_bitext,SUBSCRIPTION,newsletter_subscription,,
"I have to receive your newsletter, how do I do it?",account_access,ds2_bitext,SUBSCRIPTION,newsletter_subscription,,
see the status of my newsletter subscription,account_access,ds2_bitext,SUBSCRIPTION,newsletter_subscription,,
help to unsubscribe frmo your company newsletter,account_access,ds2_bitext,SUBSCRIPTION,newsletter_subscription,,
I have to unsubscribe from your newsletter,account_access,ds2_bitext,SUBSCRIPTION,newsletter_subscription,,
I don't know how to subscribe to the newsletter,account_access,ds2_bitext,SUBSCRIPTION,newsletter_subscription,,
i dont know what i have to do to receive ur newsletter,account_access,ds2_bitext,SUBSCRIPTION,newsletter_subscription,,
see the status of my subscription to ur newsleyter,account_access,ds2_bitext,SUBSCRIPTION,newsletter_subscription,,
where do I unsubscribe to your company newsletter?,account_access,ds2_bitext,SUBSCRIPTION,newsletter_subscription,,
subscription to your company newsletter,account_access,ds2_bitext,SUBSCRIPTION,newsletter_subscription,,
how to receive your company newsletter?,account_access,ds2_bitext,SUBSCRIPTION,newsletter_subscription,,
help me to cancel my newsletter subscription,account_access,ds2_bitext,SUBSCRIPTION,newsletter_subscription,,
"I want to cancel my subscription to the newsletter, help me",account_access,ds2_bitext,SUBSCRIPTION,newsletter_subscription,,
how to unsubscribe from ur company newsletter,account_access,ds2_bitext,SUBSCRIPTION,newsletter_subscription,,
ihave got to receive ur damn company newsletter i need help,account_access,ds2_bitext,SUBSCRIPTION,newsletter_subscription,,
"I need to receive your company newsletter, how to do it?",account_access,ds2_bitext,SUBSCRIPTION,newsletter_subscription,,
what do I have to do to receive the newsletter?,account_access,ds2_bitext,SUBSCRIPTION,newsletter_subscription,,
assistance to sign up to ur corporate newsletter,account_access,ds2_bitext,SUBSCRIPTION,newsletter_subscription,,
want assistance canceling the newsletter subscription,account_access,ds2_bitext,SUBSCRIPTION,newsletter_subscription,,
how do I check the status of my newsletter subscription?,account_access,ds2_bitext,SUBSCRIPTION,newsletter_subscription,,
I have got to cancel my subscription to your newsletter,account_access,ds2_bitext,SUBSCRIPTION,newsletter_subscription,,
I try to cancel the newsletter subscription,account_access,ds2_bitext,SUBSCRIPTION,newsletter_subscription,,
can I unsubscribe from the corporate newsletter?,account_access,ds2_bitext,SUBSCRIPTION,newsletter_subscription,,
how can I unsubscribe from the corporate newsletter?,account_access,ds2_bitext,SUBSCRIPTION,newsletter_subscription,,
need help cancelling the subscription to ur newesletter,account_access,ds2_bitext,SUBSCRIPTION,newsletter_subscription,,
help me seeing the status of my newsletter subsxcription,account_access,ds2_bitext,SUBSCRIPTION,newsletter_subscription,,
wanna know about the subscription to the company newsletter,account_access,ds2_bitext,SUBSCRIPTION,newsletter_subscription,,
can you give me information about receiving your newsletter?,account_access,ds2_bitext,SUBSCRIPTION,newsletter_subscription,,
assistance unsubscribing from your company newsletter,account_access,ds2_bitext,SUBSCRIPTION,newsletter_subscription,,
i want help canceling the corporate newsletter subscription,account_access,ds2_bitext,SUBSCRIPTION,newsletter_subscription,,
I have got to sign up to your newsletter,account_access,ds2_bitext,SUBSCRIPTION,newsletter_subscription,,
where do I sign up to your company newsletter?,account_access,ds2_bitext,SUBSCRIPTION,newsletter_subscription,,
I have got to cancel the newsletter subscription,account_access,ds2_bitext,SUBSCRIPTION,newsletter_subscription,,
i can check the status of my company newsletter subscription,account_access,ds2_bitext,SUBSCRIPTION,newsletter_subscription,,
want help unsubscribing to your company newsletter,account_access,ds2_bitext,SUBSCRIPTION,newsletter_subscription,,
I need assistance to sign up to your newsletter,account_access,ds2_bitext,SUBSCRIPTION,newsletter_subscription,,
I need to unsubscribe to your newsletter,account_access,ds2_bitext,SUBSCRIPTION,newsletter_subscription,,
sign up to the corporate newsletter,account_access,ds2_bitext,SUBSCRIPTION,newsletter_subscription,,
I don't know how to cancel my newsletter subscription,account_access,ds2_bitext,SUBSCRIPTION,newsletter_subscription,,
I want to know more about receiging your company newsletter,account_access,ds2_bitext,SUBSCRIPTION,newsletter_subscription,,
I don't know how to unsubscribe from your company newsletter,account_access,ds2_bitext,SUBSCRIPTION,newsletter_subscription,,
"I have to sign up to your corporate newsletter, I need help",account_access,ds2_bitext,SUBSCRIPTION,newsletter_subscription,,
help me sign up to the newsletter,account_access,ds2_bitext,SUBSCRIPTION,newsletter_subscription,,
"I need to receive the newsletter, how do I do it?",account_access,ds2_bitext,SUBSCRIPTION,newsletter_subscription,,
I am trying to unsubscribe to your damn company newsletter,account_access,ds2_bitext,SUBSCRIPTION,newsletter_subscription,,
want help receiving your company newsletter,account_access,ds2_bitext,SUBSCRIPTION,newsletter_subscription,,
want assistance unsubscribing from ur company newsletter,account_access,ds2_bitext,SUBSCRIPTION,newsletter_subscription,,
how to unsubscribe to ur newsletter,account_access,ds2_bitext,SUBSCRIPTION,newsletter_subscription,,
help me receive your corporate newsletter,account_access,ds2_bitext,SUBSCRIPTION,newsletter_subscription,,
can ya help me to subscribe to ur corporate newsletter,account_access,ds2_bitext,SUBSCRIPTION,newsletter_subscription,,
I want help to cancel the company newsletter subscription,account_access,ds2_bitext,SUBSCRIPTION,newsletter_subscription,,
want help signing up to your newsletter,account_access,ds2_bitext,SUBSCRIPTION,newsletter_subscription,,
assistance subscribing to the corporate newsleter,account_access,ds2_bitext,SUBSCRIPTION,newsletter_subscription,,
tell me about unsubscribing to ur newsletter,account_access,ds2_bitext,SUBSCRIPTION,newsletter_subscription,,
I don't know what I have to do to sign up to the newsletter,account_access,ds2_bitext,SUBSCRIPTION,newsletter_subscription,,
I don't know what I have to do to sign up to your newsletter,account_access,ds2_bitext,SUBSCRIPTION,newsletter_subscription,,
what do I have to do to unsubscribe to your newsletter?,account_access,ds2_bitext,SUBSCRIPTION,newsletter_subscription,,
I try to cancel the subscription to the corporate newsletter,account_access,ds2_bitext,SUBSCRIPTION,newsletter_subscription,,
how can I receive the newsletter?,account_access,ds2_bitext,SUBSCRIPTION,newsletter_subscription,,
"I have to unsubscribe to the company newsletter, I need help",account_access,ds2_bitext,SUBSCRIPTION,newsletter_subscription,,
I am trying to sign up to the company newsletter,account_access,ds2_bitext,SUBSCRIPTION,newsletter_subscription,,
I don't know what to do to sign up to the newsletter,account_access,ds2_bitext,SUBSCRIPTION,newsletter_subscription,,
wanna cancel the company newsletter subscription help me,account_access,ds2_bitext,SUBSCRIPTION,newsletter_subscription,,
"I need to cancel my damn newsletter subscription, help me",account_access,ds2_bitext,SUBSCRIPTION,newsletter_subscription,,
"I have got to receive your newsletter, how do I do it?",account_access,ds2_bitext,SUBSCRIPTION,newsletter_subscription,,
is it possible to receive the company newsletter?,account_access,ds2_bitext,SUBSCRIPTION,newsletter_subscription,,
i have got to cancel my newsletter subscription,account_access,ds2_bitext,SUBSCRIPTION,newsletter_subscription,,
can ya help me receive the newsletter,account_access,ds2_bitext,SUBSCRIPTION,newsletter_subscription,,
sign up to company newsletter,account_access,ds2_bitext,SUBSCRIPTION,newsletter_subscription,,
can uhelp me cancellimg the subscription to the newsletter,account_access,ds2_bitext,SUBSCRIPTION,newsletter_subscription,,
need assistance subscribing to your newsletter,account_access,ds2_bitext,SUBSCRIPTION,newsletter_subscription,,
where to cancel my subscription to the company newsletter,account_access,ds2_bitext,SUBSCRIPTION,newsletter_subscription,,
i dont know what i have to do to receive thenewsletter,account_access,ds2_bitext,SUBSCRIPTION,newsletter_subscription,,
cancel the subscription to ur company newsletter,account_access,ds2_bitext,SUBSCRIPTION,newsletter_subscription,,
can you help me sign up to the newsletter?,account_access,ds2_bitext,SUBSCRIPTION,newsletter_subscription,,
what do I have to do to unsubscribe from your newsletter?,account_access,ds2_bitext,SUBSCRIPTION,newsletter_subscription,,
I need assistance unsubscribing to the company newsletter,account_access,ds2_bitext,SUBSCRIPTION,newsletter_subscription,,
I have to receive your newsleter,account_access,ds2_bitext,SUBSCRIPTION,newsletter_subscription,,
can I cancel my subscription to your corporate newsletter?,account_access,ds2_bitext,SUBSCRIPTION,newsletter_subscription,,
I want help subscribing to your corporate newsletter,account_access,ds2_bitext,SUBSCRIPTION,newsletter_subscription,,
I cannot check the status of my newsletter subscription,account_access,ds2_bitext,SUBSCRIPTION,newsletter_subscription,,
I have got to unsubscribe to the company newsletter,account_access,ds2_bitext,SUBSCRIPTION,newsletter_subscription,,
what do i have to do to unsubscribe from ur newsletter,account_access,ds2_bitext,SUBSCRIPTION,newsletter_subscription,,
where do i unsubscribe to ur corporate newsleter,account_access,ds2_bitext,SUBSCRIPTION,newsletter_subscription,,
I do not know how I can sign up to the corporate newsletter,account_access,ds2_bitext,SUBSCRIPTION,newsletter_subscription,,
i want assistance cancelling the newsletter subscription,account_access,ds2_bitext,SUBSCRIPTION,newsletter_subscription,,
is it possible to unsubscribe to your corporate newsletter?,account_access,ds2_bitext,SUBSCRIPTION,newsletter_subscription,,
can I receive your newesletter?,account_access,ds2_bitext,SUBSCRIPTION,newsletter_subscription,,
i need assistance to unsubscribe from the newsletter,account_access,ds2_bitext,SUBSCRIPTION,newsletter_subscription,,
could you help me subscribing to the company newsletter?,account_access,ds2_bitext,SUBSCRIPTION,newsletter_subscription,,
can i see the status of my subscription to ur newsletter,account_access,ds2_bitext,SUBSCRIPTION,newsletter_subscription,,
I have to cancel my subscription to the corporate newsletter,account_access,ds2_bitext,SUBSCRIPTION,newsletter_subscription,,
need to subscribe to the company newsletter,account_access,ds2_bitext,SUBSCRIPTION,newsletter_subscription,,
wanna know about canceling the newsletter subscription,account_access,ds2_bitext,SUBSCRIPTION,newsletter_subscription,,
I need to subscribe to your newsletter,account_access,ds2_bitext,SUBSCRIPTION,newsletter_subscription,,
can uhelp me subscribe to ur newsletter,account_access,ds2_bitext,SUBSCRIPTION,newsletter_subscription,,
can yahelp me signing up to the corporate newsletter,account_access,ds2_bitext,SUBSCRIPTION,newsletter_subscription,,
how can I receive your fucking company newsletter?,account_access,ds2_bitext,SUBSCRIPTION,newsletter_subscription,,
how to subscribe to the corporate newsletter,account_access,ds2_bitext,SUBSCRIPTION,newsletter_subscription,,
I do not know what I have to do to receive your newsletter,account_access,ds2_bitext,SUBSCRIPTION,newsletter_subscription,,
i need help to unsubscribe to the company newsleter,account_access,ds2_bitext,SUBSCRIPTION,newsletter_subscription,,
can I receive your company newsletter?,account_access,ds2_bitext,SUBSCRIPTION,newsletter_subscription,,
need help signing up to ur newsletter,account_access,ds2_bitext,SUBSCRIPTION,newsletter_subscription,,
can utell me about the corporate newsletter subscription,account_access,ds2_bitext,SUBSCRIPTION,newsletter_subscription,,
help me to unsubscribe to ur newsletter,account_access,ds2_bitext,SUBSCRIPTION,newsletter_subscription,,
want help canceling the subscription to the newslettef,account_access,ds2_bitext,SUBSCRIPTION,newsletter_subscription,,
I have to unsubscribe from the company newsletter,account_access,ds2_bitext,SUBSCRIPTION,newsletter_subscription,,
tell me about canceling the newsletter subscription,account_access,ds2_bitext,SUBSCRIPTION,newsletter_subscription,,
I would like to sign up to the corporate newsletter,account_access,ds2_bitext,SUBSCRIPTION,newsletter_subscription,,
I want help signing up to your corporate newsletter,account_access,ds2_bitext,SUBSCRIPTION,newsletter_subscription,,
can you help me subscribing to your corporate newsletter?,account_access,ds2_bitext,SUBSCRIPTION,newsletter_subscription,,
wanna know more about thesubscription to ur newsletter,account_access,ds2_bitext,SUBSCRIPTION,newsletter_subscription,,
how can I sign up to your goddamn company newsletter?,account_access,ds2_bitext,SUBSCRIPTION,newsletter_subscription,,
sign up to the newsletter,account_access,ds2_bitext,SUBSCRIPTION,newsletter_subscription,,
can you help me to sign up to the corporate newsletter?,account_access,ds2_bitext,SUBSCRIPTION,newsletter_subscription,,
i dont know what to do to cancel the newsletter subscription,account_access,ds2_bitext,SUBSCRIPTION,newsletter_subscription,,
can you help me to subscribe to the company newsletter ?,account_access,ds2_bitext,SUBSCRIPTION,newsletter_subscription,,
i cannot subscribe to the newsletter,account_access,ds2_bitext,SUBSCRIPTION,newsletter_subscription,,
where could i cancel mycorporate newsletter subscription,account_access,ds2_bitext,SUBSCRIPTION,newsletter_subscription,,
"I need to unsubscribe from the fucking newsletter, help me",account_access,ds2_bitext,SUBSCRIPTION,newsletter_subscription,,
how to unsubsribe to the corporate newsletter,account_access,ds2_bitext,SUBSCRIPTION,newsletter_subscription,,
I want assistance to subscribe to the corporate newsletter,account_access,ds2_bitext,SUBSCRIPTION,newsletter_subscription,,
where to cancel the subscription to ur company newsletter,account_access,ds2_bitext,SUBSCRIPTION,newsletter_subscription,,
i need information about receiving ur newsletter,account_access,ds2_bitext,SUBSCRIPTION,newsletter_subscription,,
help subscribing to your corporate newsletter,account_access,ds2_bitext,SUBSCRIPTION,newsletter_subscription,,
help me signing up to your corporate newsletter,account_access,ds2_bitext,SUBSCRIPTION,newsletter_subscription,,
wanna cancel the subscription to the newsletter help me,account_access,ds2_bitext,SUBSCRIPTION,newsletter_subscription,,
i want information about cancel my newsletter subscription,account_access,ds2_bitext,SUBSCRIPTION,newsletter_subscription,,
I try to receive your newsletter,account_access,ds2_bitext,SUBSCRIPTION,newsletter_subscription,,
how do i receive the corporate newsletter,account_access,ds2_bitext,SUBSCRIPTION,newsletter_subscription,,
i want information about my fucking newsletter subscriptino,account_access,ds2_bitext,SUBSCRIPTION,newsletter_subscription,,
would it be possible to receive the newsletter?,account_access,ds2_bitext,SUBSCRIPTION,newsletter_subscription,,
i need assistance to subwcribe to ur newsletter,account_access,ds2_bitext,SUBSCRIPTION,newsletter_subscription,,
i need help to unsubscribe to the corporate newsletter,account_access,ds2_bitext,SUBSCRIPTION,newsletter_subscription,,
"I would like to subscribe to your newsletter, how to do it?",account_access,ds2_bitext,SUBSCRIPTION,newsletter_subscription,,
can you help me cancelling my newsletter subscription?,account_access,ds2_bitext,SUBSCRIPTION,newsletter_subscription,,
information about my fucking subscription to the newsletter,account_access,ds2_bitext,SUBSCRIPTION,newsletter_subscription,,
can you help me unsubscribing from the newsletter?,account_access,ds2_bitext,SUBSCRIPTION,newsletter_subscription,,
"I have got to subscribe to the company newsletter, help me",account_access,ds2_bitext,SUBSCRIPTION,newsletter_subscription,,
i cant subscribe to the damn company newsletter,account_access,ds2_bitext,SUBSCRIPTION,newsletter_subscription,,
help me to unsubscribe to the corporate newsletter,account_access,ds2_bitext,SUBSCRIPTION,newsletter_subscription,,
can ya help me receive ur company newsletter,account_access,ds2_bitext,SUBSCRIPTION,newsletter_subscription,,
is it possible to subscribe to your newsletter?,account_access,ds2_bitext,SUBSCRIPTION,newsletter_subscription,,
"I need to receive your company newsletter, how can I do it?",account_access,ds2_bitext,SUBSCRIPTION,newsletter_subscription,,
where to subscribe to the newsletter ?,account_access,ds2_bitext,SUBSCRIPTION,newsletter_subscription,,
I try to cancel my subscription to the corporate newsletter,account_access,ds2_bitext,SUBSCRIPTION,newsletter_subscription,,
how to cancel the subscription to ur company newsletter,account_access,ds2_bitext,SUBSCRIPTION,newsletter_subscription,,
were to cancel my subscription to the newsletter,account_access,ds2_bitext,SUBSCRIPTION,newsletter_subscription,,
I do not know wha to do to unsubscribe from the newsletter,account_access,ds2_bitext,SUBSCRIPTION,newsletter_subscription,,
i want information about receiving ur corporate newsletter,account_access,ds2_bitext,SUBSCRIPTION,newsletter_subscription,,
i want help unsubscribing to the company newsletter,account_access,ds2_bitext,SUBSCRIPTION,newsletter_subscription,,
how do I subscribe to your newsletter?,account_access,ds2_bitext,SUBSCRIPTION,newsletter_subscription,,
want help cancelling the corporate newsletter subscription,account_access,ds2_bitext,SUBSCRIPTION,newsletter_subscription,,
help me receive the corporate newsletter,account_access,ds2_bitext,SUBSCRIPTION,newsletter_subscription,,
where can i sign up ot the newsletter,account_access,ds2_bitext,SUBSCRIPTION,newsletter_subscription,,
can you help me to unsubscribe to your corporate newsletter?,account_access,ds2_bitext,SUBSCRIPTION,newsletter_subscription,,
I need help to unsubscribe to your newsletter,account_access,ds2_bitext,SUBSCRIPTION,newsletter_subscription,,
how can i get information about receiving ur newsletter,account_access,ds2_bitext,SUBSCRIPTION,newsletter_subscription,,
I need assistance subscribing to the corporate newsletter,account_access,ds2_bitext,SUBSCRIPTION,newsletter_subscription,,
i need help cancelling the company newsletter subsrciption,account_access,ds2_bitext,SUBSCRIPTION,newsletter_subscription,,
help to cancel the subscription to the corporate newsletter,account_access,ds2_bitext,SUBSCRIPTION,newsletter_subscription,,
where to sign up to the newsleter,account_access,ds2_bitext,SUBSCRIPTION,newsletter_subscription,,
wanna cancel the companynewsletter subscription,account_access,ds2_bitext,SUBSCRIPTION,newsletter_subscription,,
I cannot sign up to your corporate newsletter,account_access,ds2_bitext,SUBSCRIPTION,newsletter_subscription,,
I would like to unsubscribe to the company newsletter,account_access,ds2_bitext,SUBSCRIPTION,newsletter_subscription,,
assistance subscribing to the company newsletter,account_access,ds2_bitext,SUBSCRIPTION,newsletter_subscription,,
where to unsubscribe to your newsletter?,account_access,ds2_bitext,SUBSCRIPTION,newsletter_subscription,,
can you help me unsubscribing from the company newsletter?,account_access,ds2_bitext,SUBSCRIPTION,newsletter_subscription,,
I need assistance to sign up to the newsletter,account_access,ds2_bitext,SUBSCRIPTION,newsletter_subscription,,
help me unsubscribe from your newsletter,account_access,ds2_bitext,SUBSCRIPTION,newsletter_subscription,,
I am trying to unsubscribe to your company newsletter,account_access,ds2_bitext,SUBSCRIPTION,newsletter_subscription,,
can you tell me more about my newsletter subscription?,account_access,ds2_bitext,SUBSCRIPTION,newsletter_subscription,,
I want help canceling thecompany newsletter subscription,account_access,ds2_bitext,SUBSCRIPTION,newsletter_subscription,,
I don't know what to do to unsubscribe from the newslwtter,account_access,ds2_bitext,SUBSCRIPTION,newsletter_subscription,,
assistance receiving the company newsletter,account_access,ds2_bitext,SUBSCRIPTION,newsletter_subscription,,
unsubscribe to your company newspetter,account_access,ds2_bitext,SUBSCRIPTION,newsletter_subscription,,
how can i cancel my subscription to ur corporate newsletter,account_access,ds2_bitext,SUBSCRIPTION,newsletter_subscription,,
"I need to sign up to the newsletter, how can I do it?",account_access,ds2_bitext,SUBSCRIPTION,newsletter_subscription,,
tell me about subscribing to your corporate newsletter,account_access,ds2_bitext,SUBSCRIPTION,newsletter_subscription,,
what do I need to do to receive the corporate newsletter?,account_access,ds2_bitext,SUBSCRIPTION,newsletter_subscription,,
"I want to receive your company newsletter , how do I do it?",account_access,ds2_bitext,SUBSCRIPTION,newsletter_subscription,,
acn ya help me to sign up to ur corporate newsletter,account_access,ds2_bitext,SUBSCRIPTION,newsletter_subscription,,
"I need to receive the company newsletter, how to do it?",account_access,ds2_bitext,SUBSCRIPTION,newsletter_subscription,,
can you help me unsubscribing from your company newsletter ?,account_access,ds2_bitext,SUBSCRIPTION,newsletter_subscription,,
subscription to ur corporate newsletter,account_access,ds2_bitext,SUBSCRIPTION,newsletter_subscription,,
how do I sign up to the newsletter?,account_access,ds2_bitext,SUBSCRIPTION,newsletter_subscription,,
want help to subscribe to the company newsletter,account_access,ds2_bitext,SUBSCRIPTION,newsletter_subscription,,
where to subscribe to the newsletter?,account_access,ds2_bitext,SUBSCRIPTION,newsletter_subscription,,
I can't unsubscrie to the newsletter,account_access,ds2_bitext,SUBSCRIPTION,newsletter_subscription,,
can you tell me about the subscription to your newsletter?,account_access,ds2_bitext,SUBSCRIPTION,newsletter_subscription,,
help me see the status of my subscription to your newsletter,account_access,ds2_bitext,SUBSCRIPTION,newsletter_subscription,,
can you help me unsubscribing to your corporate newsletter?,account_access,ds2_bitext,SUBSCRIPTION,newsletter_subscription,,
can I unsubscribe from your newsletter?,account_access,ds2_bitext,SUBSCRIPTION,newsletter_subscription,,
I acn't unsubscribe to your company newsletter,account_access,ds2_bitext,SUBSCRIPTION,newsletter_subscription,,
help to subscribe to your newsletter,account_access,ds2_bitext,SUBSCRIPTION,newsletter_subscription,,
need to unsubscribe from ur newsletter,account_access,ds2_bitext,SUBSCRIPTION,newsletter_subscription,,
how to cancel the subscription to your corporate newsletter?,account_access,ds2_bitext,SUBSCRIPTION,newsletter_subscription,,
help me canceling the subscription to the company newsletter,account_access,ds2_bitext,SUBSCRIPTION,newsletter_subscription,,
I need help cancelling my subscription to your newsletter,account_access,ds2_bitext,SUBSCRIPTION,newsletter_subscription,,
could i unsubscribe from the newsletter,account_access,ds2_bitext,SUBSCRIPTION,newsletter_subscription,,
how to cancel my subscription to your company newsletter?,account_access,ds2_bitext,SUBSCRIPTION,newsletter_subscription,,
subscription to ur company newsletter,account_access,ds2_bitext,SUBSCRIPTION,newsletter_subscription,,
tell me about canceling the subscription to the newsletter,account_access,ds2_bitext,SUBSCRIPTION,newsletter_subscription,,
i try to cancel the subscription to ur company newsletter,account_access,ds2_bitext,SUBSCRIPTION,newsletter_subscription,,
I want to know about subscribing to your newsletter,account_access,ds2_bitext,SUBSCRIPTION,newsletter_subscription,,
i want assistance canceling the newslettersubscription,account_access,ds2_bitext,SUBSCRIPTION,newsletter_subscription,,
sign up to your company newsletter,account_access,ds2_bitext,SUBSCRIPTION,newsletter_subscription,,
can ya tell me more about the newsletter subscription,account_access,ds2_bitext,SUBSCRIPTION,newsletter_subscription,,
want help canceling the corporate newsletter subscription,account_access,ds2_bitext,SUBSCRIPTION,newsletter_subscription,,
need assistance to sign up to the newsletter,account_access,ds2_bitext,SUBSCRIPTION,newsletter_subscription,,
can utell me more about receiving ur newsletter,account_access,ds2_bitext,SUBSCRIPTION,newsletter_subscription,,
I want to unsubscribe from your company newsletter,account_access,ds2_bitext,SUBSCRIPTION,newsletter_subscription,,
help cancelling my corporate newslettersubscription,account_access,ds2_bitext,SUBSCRIPTION,newsletter_subscription,,
check the status of my corporate newsletter subscription,account_access,ds2_bitext,SUBSCRIPTION,newsletter_subscription,,
I do not know what I need to do to sign up to the newsletter,account_access,ds2_bitext,SUBSCRIPTION,newsletter_subscription,,
I need help subscribing to your corporate newsletter,account_access,ds2_bitext,SUBSCRIPTION,newsletter_subscription,,
I want to receive your corporate newsletter,account_access,ds2_bitext,SUBSCRIPTION,newsletter_subscription,,
tell me about cancelping the company newsletter subscription,account_access,ds2_bitext,SUBSCRIPTION,newsletter_subscription,,
i need assistance canceling the newsletter subscription,account_access,ds2_bitext,SUBSCRIPTION,newsletter_subscription,,
wanna know more about cancelling the newsletter sjbscription,account_access,ds2_bitext,SUBSCRIPTION,newsletter_subscription,,
I have got to check the status of my newsletter subscription,account_access,ds2_bitext,SUBSCRIPTION,newsletter_subscription,,
I need to unsubscribe from the newsletter,account_access,ds2_bitext,SUBSCRIPTION,newsletter_subscription,,
I want help canceling the subscription to your newslettedr,account_access,ds2_bitext,SUBSCRIPTION,newsletter_subscription,,
I don't know how I can subscribe to the company newsletter,account_access,ds2_bitext,SUBSCRIPTION,newsletter_subscription,,
i have to sign up to ur newsletter can uhelp me,account_access,ds2_bitext,SUBSCRIPTION,newsletter_subscription,,
want help receiving ur newsletter,account_access,ds2_bitext,SUBSCRIPTION,newsletter_subscription,,
can you help me to sign up to the company newsletter?,account_access,ds2_bitext,SUBSCRIPTION,newsletter_subscription,,
help me cancel the subscription to ur newsletter,account_access,ds2_bitext,SUBSCRIPTION,newsletter_subscription,,
can i see thed status of my subscription to ur newsletter,account_access,ds2_bitext,SUBSCRIPTION,newsletter_subscription,,
i have got to unsubscrikbe from ur newsletter,account_access,ds2_bitext,SUBSCRIPTION,newsletter_subscription,,
I need assistance to subscribe to your newsletter,account_access,ds2_bitext,SUBSCRIPTION,newsletter_subscription,,
i dont know what to do to cancel my newxletter subscription,account_access,ds2_bitext,SUBSCRIPTION,newsletter_subscription,,
can utell me more about unsubscribing to ur newsletter,account_access,ds2_bitext,SUBSCRIPTION,newsletter_subscription,,
I do not know how I can subscribe to your company newsletter,account_access,ds2_bitext,SUBSCRIPTION,newsletter_subscription,,
I want help cancelling my subscription to your newsletter,account_access,ds2_bitext,SUBSCRIPTION,newsletter_subscription,,
can uhelp me to unsubscribe to ur corporate newsetter,account_access,ds2_bitext,SUBSCRIPTION,newsletter_subscription,,
I do not know how I could unsubscribe to your newsletter,account_access,ds2_bitext,SUBSCRIPTION,newsletter_subscription,,
how do I sign up to the company newsletter?,account_access,ds2_bitext,SUBSCRIPTION,newsletter_subscription,,
where to sign up to the company nmewsletter,account_access,ds2_bitext,SUBSCRIPTION,newsletter_subscription,,
I need help receiving the fucking corporate newsletter,account_access,ds2_bitext,SUBSCRIPTION,newsletter_subscription,,
can you help me sign up to the corporate newsletter?,account_access,ds2_bitext,SUBSCRIPTION,newsletter_subscription,,
helpme cancel the company newsletter subscription,account_access,ds2_bitext,SUBSCRIPTION,newsletter_subscription,,
"I have got to receive your company newsletter, how to do it?",account_access,ds2_bitext,SUBSCRIPTION,newsletter_subscription,,
tell me about receiving ur corporate newsletter,account_access,ds2_bitext,SUBSCRIPTION,newsletter_subscription,,
"I want to receive the company newsletter, how to do it?",account_access,ds2_bitext,SUBSCRIPTION,newsletter_subscription,,
i have to receive ur corporate newsletter,account_access,ds2_bitext,SUBSCRIPTION,newsletter_subscription,,
can you tell me about my newsletter subscription?,account_access,ds2_bitext,SUBSCRIPTION,newsletter_subscription,,
can uhelp me to sign up to the newsletter,account_access,ds2_bitext,SUBSCRIPTION,newsletter_subscription,,
help me cancelling my company newsletter subscription,account_access,ds2_bitext,SUBSCRIPTION,newsletter_subscription,,
could uhelp me to unsubscribe to ur corporate newslette,account_access,ds2_bitext,SUBSCRIPTION,newsletter_subscription,,
information about receiving ur newsletter,account_access,ds2_bitext,SUBSCRIPTION,newsletter_subscription,,
i need help canceling my company newsletter subsctiption,account_access,ds2_bitext,SUBSCRIPTION,newsletter_subscription,,
wanna unsubscribe from the corporate newsletter,account_access,ds2_bitext,SUBSCRIPTION,newsletter_subscription,,
assistance to unsubscribe to the corporate newsletter,account_access,ds2_bitext,SUBSCRIPTION,newsletter_subscription,,
how can I cancel my subscription to your neswletter?,account_access,ds2_bitext,SUBSCRIPTION,newsletter_subscription,,
"I want to sign up to the newsletter, will you help me?",account_access,ds2_bitext,SUBSCRIPTION,newsletter_subscription,,
I'd like to unsubscribe from the newsletter i need help,account_access,ds2_bitext,SUBSCRIPTION,newsletter_subscription,,
can uhelp me cancelling the subscription to the newsletter,account_access,ds2_bitext,SUBSCRIPTION,newsletter_subscription,,
help me to unsubscribe from ur damn corporate newsletter,account_access,ds2_bitext,SUBSCRIPTION,newsletter_subscription,,
what do I have to do to sign up to your damn newsletter?,account_access,ds2_bitext,SUBSCRIPTION,newsletter_subscription,,
help me receive your newsletter,account_access,ds2_bitext,SUBSCRIPTION,newsletter_subscription,,
could you help me to receive your newsletter?,account_access,ds2_bitext,SUBSCRIPTION,newsletter_subscription,,
I cannot cancel my subscription ti your newsletter,account_access,ds2_bitext,SUBSCRIPTION,newsletter_subscription,,
I need help signing up to your newsletter,account_access,ds2_bitext,SUBSCRIPTION,newsletter_subscription,,
can I unsubscribe from the goddamn newsletter?,account_access,ds2_bitext,SUBSCRIPTION,newsletter_subscription,,
I want help unsubscribing from the company newsletter,account_access,ds2_bitext,SUBSCRIPTION,newsletter_subscription,,
I try to subscribe to your newsletter,account_access,ds2_bitext,SUBSCRIPTION,newsletter_subscription,,
help to sign up to your newsletter,account_access,ds2_bitext,SUBSCRIPTION,newsletter_subscription,,
"I want to receive the corporate newsletter, can you help me?",account_access,ds2_bitext,SUBSCRIPTION,newsletter_subscription,,
could I unsubscribe to your corporate newsletter?,account_access,ds2_bitext,SUBSCRIPTION,newsletter_subscription,,
I do not know how I could receive the corporate newsletter,account_access,ds2_bitext,SUBSCRIPTION,newsletter_subscription,,
I need help to unsubscribe to the newsletter,account_access,ds2_bitext,SUBSCRIPTION,newsletter_subscription,,
how do I cancel my subscription to the newsletter ?,account_access,ds2_bitext,SUBSCRIPTION,newsletter_subscription,,
i want helpunsubscribing to the corporate newsletter,account_access,ds2_bitext,SUBSCRIPTION,newsletter_subscription,,
how do I subscribe to your company newsletter ?,account_access,ds2_bitext,SUBSCRIPTION,newsletter_subscription,,
tell me more about canceling my newsletter subscription,account_access,ds2_bitext,SUBSCRIPTION,newsletter_subscription,,
i want assistance to receive the corporate newsletter,account_access,ds2_bitext,SUBSCRIPTION,newsletter_subscription,,
I have to unsubscribe from the corporate newsletter,account_access,ds2_bitext,SUBSCRIPTION,newsletter_subscription,,
help to see the status of my subscription to your newsletter,account_access,ds2_bitext,SUBSCRIPTION,newsletter_subscription,,
assistance to check the status of my newsletter subscription,account_access,ds2_bitext,SUBSCRIPTION,newsletter_subscription,,
need assistance receiving the newsletter,account_access,ds2_bitext,SUBSCRIPTION,newsletter_subscription,,
i dont know how to cancel my subscription to the newsletter,account_access,ds2_bitext,SUBSCRIPTION,newsletter_subscription,,
icant cancel my subscription to ur corporate newsletter,account_access,ds2_bitext,SUBSCRIPTION,newsletter_subscription,,
i dont know what i need to do to subscribe to the newsletter,account_access,ds2_bitext,SUBSCRIPTION,newsletter_subscription,,
cancel the subscription to your corporate newsletter,account_access,ds2_bitext,SUBSCRIPTION,newsletter_subscription,,
what do I have to do to receive your company newsletter?,account_access,ds2_bitext,SUBSCRIPTION,newsletter_subscription,,
information about the subscription to the newsletter,account_access,ds2_bitext,SUBSCRIPTION,newsletter_subscription,,
I need to cancel my subscription to the company newsletter,account_access,ds2_bitext,SUBSCRIPTION,newsletter_subscription,,
help canceling my company fucking newsletter subscription,account_access,ds2_bitext,SUBSCRIPTION,newsletter_subscription,,
assistance to cancel my newsletter subscription,account_access,ds2_bitext,SUBSCRIPTION,newsletter_subscription,,
i have to sign up to the company newsletter,account_access,ds2_bitext,SUBSCRIPTION,newsletter_subscription,,
I cannot receive your corporate newsletter,account_access,ds2_bitext,SUBSCRIPTION,newsletter_subscription,,
want help signing up to ur newsletter,account_access,ds2_bitext,SUBSCRIPTION,newsletter_subscription,,
where to sign up to your corporate newsletter?,account_access,ds2_bitext,SUBSCRIPTION,newsletter_subscription,,
help me to sign up to the corporate newsletter,account_access,ds2_bitext,SUBSCRIPTION,newsletter_subscription,,
I have got to subscribe to the company newsletter,account_access,ds2_bitext,SUBSCRIPTION,newsletter_subscription,,
can uhelp me subscribing to the copany newsletter,account_access,ds2_bitext,SUBSCRIPTION,newsletter_subscription,,
i dont know how i can unsubscribe from ur company newsletter,account_access,ds2_bitext,SUBSCRIPTION,newsletter_subscription,,
I don't know how to cancel my subscription to the newsletter,account_access,ds2_bitext,SUBSCRIPTION,newsletter_subscription,,
cancel subscription to ur newsletter,account_access,ds2_bitext,SUBSCRIPTION,newsletter_subscription,,
what do i have to do to subscribe to ur company newsleter,account_access,ds2_bitext,SUBSCRIPTION,newsletter_subscription,,
need assistance unsubscribing from your newsletterr,account_access,ds2_bitext,SUBSCRIPTION,newsletter_subscription,,
I am trying to subscribe to the newsletter,account_access,ds2_bitext,SUBSCRIPTION,newsletter_subscription,,
i dont know what to do to subscribe to the newsletter,account_access,ds2_bitext,SUBSCRIPTION,newsletter_subscription,,
where can I cancel the subscription to your newsletter?,account_access,ds2_bitext,SUBSCRIPTION,newsletter_subscription,,
help canceling my subscription to your newsletter,account_access,ds2_bitext,SUBSCRIPTION,newsletter_subscription,,
i have got to cancel the company newsletter subscription,account_access,ds2_bitext,SUBSCRIPTION,newsletter_subscription,,
can ya tell me more abuot unsubscribing from ur newsletter,account_access,ds2_bitext,SUBSCRIPTION,newsletter_subscription,,
assistance subscribing to your newsletter,account_access,ds2_bitext,SUBSCRIPTION,newsletter_subscription,,
tell me more about subscribing to your corporate newsletter,account_access,ds2_bitext,SUBSCRIPTION,newsletter_subscription,,
I do not know how to sign up to the newsletter,account_access,ds2_bitext,SUBSCRIPTION,newsletter_subscription,,
I want to cancel my subscription to the newsletter,account_access,ds2_bitext,SUBSCRIPTION,newsletter_subscription,,
where can i cancel the corporate newsletter subscription,account_access,ds2_bitext,SUBSCRIPTION,newsletter_subscription,,
"I need to subscribe to the company newsletter, how to do it?",account_access,ds2_bitext,SUBSCRIPTION,newsletter_subscription,,
I have got to sign up to the corporate newsletter,account_access,ds2_bitext,SUBSCRIPTION,newsletter_subscription,,
help me cancel the subscription to your company newsletter,account_access,ds2_bitext,SUBSCRIPTION,newsletter_subscription,,
need help receiving ur cororate newsletter,account_access,ds2_bitext,SUBSCRIPTION,newsletter_subscription,,
want help to subscribe to your company newsletter,account_access,ds2_bitext,SUBSCRIPTION,newsletter_subscription,,
I can't receive the newsletter,account_access,ds2_bitext,SUBSCRIPTION,newsletter_subscription,,
I need to receive thecorporate newsletter,account_access,ds2_bitext,SUBSCRIPTION,newsletter_subscription,,
where can I unsubscribe to your companynewsletter?,account_access,ds2_bitext,SUBSCRIPTION,newsletter_subscription,,
I do not know how to sign up to the company newsletter,account_access,ds2_bitext,SUBSCRIPTION,newsletter_subscription,,
I need assistance unsubscribing to your fucking newsletter,account_access,ds2_bitext,SUBSCRIPTION,newsletter_subscription,,
help receiving the corporate newsletter,account_access,ds2_bitext,SUBSCRIPTION,newsletter_subscription,,
help me unsubscribing from the corporate newsletter,account_access,ds2_bitext,SUBSCRIPTION,newsletter_subscription,,
"I have to subscribe to the newsletter, how do I do it?",account_access,ds2_bitext,SUBSCRIPTION,newsletter_subscription,,
I cannot subscribeto the corporate newsletter,account_access,ds2_bitext,SUBSCRIPTION,newsletter_subscription,,
i do not know how i can receive the company newsletter,account_access,ds2_bitext,SUBSCRIPTION,newsletter_subscription,,
i need assistance to unsubscribe to the company newsletter,account_access,ds2_bitext,SUBSCRIPTION,newsletter_subscription,,
I need help signing up to the newsletter,account_access,ds2_bitext,SUBSCRIPTION,newsletter_subscription,,
I don't know how to receive your company newsletter,account_access,ds2_bitext,SUBSCRIPTION,newsletter_subscription,,
how do i subscribe to the corporate newsletter,account_access,ds2_bitext,SUBSCRIPTION,newsletter_subscription,,
"I have got to subscribe to your newsletter, help me",account_access,ds2_bitext,SUBSCRIPTION,newsletter_subscription,,
information about the corporate newsletter subscription,account_access,ds2_bitext,SUBSCRIPTION,newsletter_subscription,,
assistance unsubscribing from the newsletter,account_access,ds2_bitext,SUBSCRIPTION,newsletter_subscription,,
i want assistance unsubscribing from the newsletter,account_access,ds2_bitext,SUBSCRIPTION,newsletter_subscription,,
i have to sign up to the corporae newsletter help me,account_access,ds2_bitext,SUBSCRIPTION,newsletter_subscription,,
I need asisstance unsubscribing from your newsletter,account_access,ds2_bitext,SUBSCRIPTION,newsletter_subscription,,
help me to unsubscribe from the company newsletter,account_access,ds2_bitext,SUBSCRIPTION,newsletter_subscription,,
i want help unsubscribnig from ur corporate newsletter,account_access,ds2_bitext,SUBSCRIPTION,newsletter_subscription,,
what do I need to do to sign up to your newsletter?,account_access,ds2_bitext,SUBSCRIPTION,newsletter_subscription,,
how can i receive the newsletter,account_access,ds2_bitext,SUBSCRIPTION,newsletter_subscription,,
could you help me to unsubscribe to the damn newsletter?,account_access,ds2_bitext,SUBSCRIPTION,newsletter_subscription,,
I want help subscribing to the company newsletter,account_access,ds2_bitext,SUBSCRIPTION,newsletter_subscription,,
"I want to receive the fucking corporate newsletter, help me",account_access,ds2_bitext,SUBSCRIPTION,newsletter_subscription,,
tell me about canceling the subscription to ur newsletter,account_access,ds2_bitext,SUBSCRIPTION,newsletter_subscription,,
I need help to subscribe to your newsletter,account_access,ds2_bitext,SUBSCRIPTION,newsletter_subscription,,
i have to subscribe to the corporate newsletter,account_access,ds2_bitext,SUBSCRIPTION,newsletter_subscription,,
how to cancel the subscription to ur corporate newsletter,account_access,ds2_bitext,SUBSCRIPTION,newsletter_subscription,,
wanna sign up to the corporate newsletter can uhelp me,account_access,ds2_bitext,SUBSCRIPTION,newsletter_subscription,,
would it be possible to sign up to the company newsletter?,account_access,ds2_bitext,SUBSCRIPTION,newsletter_subscription,,
I want assistance unsubscribing from the newsletter,account_access,ds2_bitext,SUBSCRIPTION,newsletter_subscription,,
i have to cancel the company newsletter subscription help me,account_access,ds2_bitext,SUBSCRIPTION,newsletter_subscription,,
where can i cancel my subscription to the newsletter,account_access,ds2_bitext,SUBSCRIPTION,newsletter_subscription,,
I cannot receive the fucking newsletter,account_access,ds2_bitext,SUBSCRIPTION,newsletter_subscription,,
"I have got to subscribe to your newsletter, how can I do it?",account_access,ds2_bitext,SUBSCRIPTION,newsletter_subscription,,
i dont know how to sign up to the newsletter,account_access,ds2_bitext,SUBSCRIPTION,newsletter_subscription,,
wanna know about cancel the subscription to ur newsletter,account_access,ds2_bitext,SUBSCRIPTION,newsletter_subscription,,
help me receive ur newsletter,account_access,ds2_bitext,SUBSCRIPTION,newsletter_subscription,,
is it possible to subscribe to the corporate newsletter,account_access,ds2_bitext,SUBSCRIPTION,newsletter_subscription,,
help me to unsubscribe to your company newsletter,account_access,ds2_bitext,SUBSCRIPTION,newsletter_subscription,,
I cannot unsubscribe to the goddamn corporate newsletter,account_access,ds2_bitext,SUBSCRIPTION,newsletter_subscription,,
i do not know how to subscribe to the newsletter,account_access,ds2_bitext,SUBSCRIPTION,newsletter_subscription,,
I want to sign up to the company newsletter,account_access,ds2_bitext,SUBSCRIPTION,newsletter_subscription,,
information about my subscription to your company newsletter,account_access,ds2_bitext,SUBSCRIPTION,newsletter_subscription,,
I'm trying to cancel the subscription to the newsletter,account_access,ds2_bitext,SUBSCRIPTION,newsletter_subscription,,
need assistance unsubscribing to your newsletter,account_access,ds2_bitext,SUBSCRIPTION,newsletter_subscription,,
i want assistznce signing up to ur company newsletter,account_access,ds2_bitext,SUBSCRIPTION,newsletter_subscription,,
need assistance to ssubscribe to your company newsletter,account_access,ds2_bitext,SUBSCRIPTION,newsletter_subscription,,
I can't unsubscribe from your corporate newsletter,account_access,ds2_bitext,SUBSCRIPTION,newsletter_subscription,,
how do I receive the corporate newsletter?,account_access,ds2_bitext,SUBSCRIPTION,newsletter_subscription,,
I want to subscribe to the newsletter,account_access,ds2_bitext,SUBSCRIPTION,newsletter_subscription,,
can yo help me receive your newsletter?,account_access,ds2_bitext,SUBSCRIPTION,newsletter_subscription,,
assistance subscriving to the company newsletter,account_access,ds2_bitext,SUBSCRIPTION,newsletter_subscription,,
I can't sign up to your goddamn company newsletter,account_access,ds2_bitext,SUBSCRIPTION,newsletter_subscription,,
"I want to unsubscribe from your newsletter, can you help me?",account_access,ds2_bitext,SUBSCRIPTION,newsletter_subscription,,
I need help cancelling my bloody newsletter subscription,account_access,ds2_bitext,SUBSCRIPTION,newsletter_subscription,,
I don't know how to receive the company newsletter,account_access,ds2_bitext,SUBSCRIPTION,newsletter_subscription,,
wanna cancel my subscription to the company newsletter,account_access,ds2_bitext,SUBSCRIPTION,newsletter_subscription,,
I want to unsubscribe from the newsleter,account_access,ds2_bitext,SUBSCRIPTION,newsletter_subscription,,
I want assistance to receive the newsletter,account_access,ds2_bitext,SUBSCRIPTION,newsletter_subscription,,
where do i subscribe to ur corporate newsletter,account_access,ds2_bitext,SUBSCRIPTION,newsletter_subscription,,
I try to cancel the subscription to your newsletter,account_access,ds2_bitext,SUBSCRIPTION,newsletter_subscription,,
"I have got to subscribe to the newsletter, how to do it?",account_access,ds2_bitext,SUBSCRIPTION,newsletter_subscription,,
i cant subscribe to thecorporate newsletter,account_access,ds2_bitext,SUBSCRIPTION,newsletter_subscription,,
I can't receive the corporate newsletter,account_access,ds2_bitext,SUBSCRIPTION,newsletter_subscription,,
where can I cancel my subscription to the newsletter?,account_access,ds2_bitext,SUBSCRIPTION,newsletter_subscription,,
"I want to receive your newsletter, I need help",account_access,ds2_bitext,SUBSCRIPTION,newsletter_subscription,,
I need assistance to unsubscribe to the corporate newsletter,account_access,ds2_bitext,SUBSCRIPTION,newsletter_subscription,,
help me to cancel the subscription to the company newsletter,account_access,ds2_bitext,SUBSCRIPTION,newsletter_subscription,,
I'd like information about my newsletter subscription,account_access,ds2_bitext,SUBSCRIPTION,newsletter_subscription,,
I want help to cancel the subscription to the nwsletter,account_access,ds2_bitext,SUBSCRIPTION,newsletter_subscription,,
help me sign up to ur corporate newsletter,account_access,ds2_bitext,SUBSCRIPTION,newsletter_subscription,,
want help signing up to the newsletter,account_access,ds2_bitext,SUBSCRIPTION,newsletter_subscription,,
I want to unsubscribe from the newsletter,account_access,ds2_bitext,SUBSCRIPTION,newsletter_subscription,,
where could I receive the fucking company newsletter?,account_access,ds2_bitext,SUBSCRIPTION,newsletter_subscription,,
I don't know what to do to sign up to your newsletter,account_access,ds2_bitext,SUBSCRIPTION,newsletter_subscription,,
how to subscribe to the newsletter?,account_access,ds2_bitext,SUBSCRIPTION,newsletter_subscription,,
"I have to unsuscribe to your company newsletter, I need help",account_access,ds2_bitext,SUBSCRIPTION,newsletter_subscription,,
help me subscribe to ur newsletter,account_access,ds2_bitext,SUBSCRIPTION,newsletter_subscription,,
"I have got to subscribe to the corporate newsletter, help me",account_access,ds2_bitext,SUBSCRIPTION,newsletter_subscription,,
I try to receive the newsletter,account_access,ds2_bitext,SUBSCRIPTION,newsletter_subscription,,
i need help subscribing to the corporate newsletter,account_access,ds2_bitext,SUBSCRIPTION,newsletter_subscription,,
i cannot unsubacribe to ur company newsletter,account_access,ds2_bitext,SUBSCRIPTION,newsletter_subscription,,
help to cancel the subscription to your newsletter,account_access,ds2_bitext,SUBSCRIPTION,newsletter_subscription,,
I want to know about my corporate newsletter subscription,account_access,ds2_bitext,SUBSCRIPTION,newsletter_subscription,,
I want assistance receiving your company newsletter,account_access,ds2_bitext,SUBSCRIPTION,newsletter_subscription,,
"I want to unsubscribe to your newsletter, I need help",account_access,ds2_bitext,SUBSCRIPTION,newsletter_subscription,,
is it possible to unsubscribe to the company newsletter?,account_access,ds2_bitext,SUBSCRIPTION,newsletter_subscription,,
i have to cancel my subscription to ur newsletter,account_access,ds2_bitext,SUBSCRIPTION,newsletter_subscription,,
i need assistance receiving ur newsletter,account_access,ds2_bitext,SUBSCRIPTION,newsletter_subscription,,
"I have to receive the damn newsletter, how to do it?",account_access,ds2_bitext,SUBSCRIPTION,newsletter_subscription,,
help me unsubscribnig to your company newsletter,account_access,ds2_bitext,SUBSCRIPTION,newsletter_subscription,,
how can I cancel my subscription to the newsletter?,account_access,ds2_bitext,SUBSCRIPTION,newsletter_subscription,,
i do not know how i can receive ur corporate newsletter,account_access,ds2_bitext,SUBSCRIPTION,newsletter_subscription,,
i need help unsubscribing to the newsletter,account_access,ds2_bitext,SUBSCRIPTION,newsletter_subscription,,
I need assistance to receive your corporate newsletter,account_access,ds2_bitext,SUBSCRIPTION,newsletter_subscription,,
how to cancel the subscriptipn to ur company newsletter,account_access,ds2_bitext,SUBSCRIPTION,newsletter_subscription,,
what do i ened to do to subscribe to ur newsletter,account_access,ds2_bitext,SUBSCRIPTION,newsletter_subscription,,
can you help me subscribing to the corporate newsletter?,account_access,ds2_bitext,SUBSCRIPTION,newsletter_subscription,,
give me information about signing up to your newsletter,account_access,ds2_bitext,SUBSCRIPTION,newsletter_subscription,,
wanna receive ur company newsletter how do i do it,account_access,ds2_bitext,SUBSCRIPTION,newsletter_subscription,,
information about cancel the sbscription to the newsletter,account_access,ds2_bitext,SUBSCRIPTION,newsletter_subscription,,
tell me about the subscription to the corporate newsletter,account_access,ds2_bitext,SUBSCRIPTION,newsletter_subscription,,
tell me about my subscription to your newsletrer,account_access,ds2_bitext,SUBSCRIPTION,newsletter_subscription,,
can ya help me cancel the subscription to the newsletter,account_access,ds2_bitext,SUBSCRIPTION,newsletter_subscription,,
can I unsubscribe to your corporate newsletter?,account_access,ds2_bitext,SUBSCRIPTION,newsletter_subscription,,
want help to sign up to the company newsletter,account_access,ds2_bitext,SUBSCRIPTION,newsletter_subscription,,
need help receiving the company newsletter,account_access,ds2_bitext,SUBSCRIPTION,newsletter_subscription,,
assistance to unsubscribe from your corporate newsletter,account_access,ds2_bitext,SUBSCRIPTION,newsletter_subscription,,
I'd like to receive the company newsletter could ya help me,account_access,ds2_bitext,SUBSCRIPTION,newsletter_subscription,,
how do I cancel my corporate newsletter subscription?,account_access,ds2_bitext,SUBSCRIPTION,newsletter_subscription,,
I do not know how to subscribe to the corporate newsletter,account_access,ds2_bitext,SUBSCRIPTION,newsletter_subscription,,
can you help me to cancel my newsletter subscription?,account_access,ds2_bitext,SUBSCRIPTION,newsletter_subscription,,
need assistance unsubscrbiing from the corporate newsletter,account_access,ds2_bitext,SUBSCRIPTION,newsletter_subscription,,
I have to receive your corporate newsletter,account_access,ds2_bitext,SUBSCRIPTION,newsletter_subscription,,
I try to unsubscribe from your newsletter,account_access,ds2_bitext,SUBSCRIPTION,newsletter_subscription,,
i need help recfeiving ur company newsletter,account_access,ds2_bitext,SUBSCRIPTION,newsletter_subscription,,
need to receive the newsletter can ya help me,account_access,ds2_bitext,SUBSCRIPTION,newsletter_subscription,,
find information about subscribing to your newsletter,account_access,ds2_bitext,SUBSCRIPTION,newsletter_subscription,,
help to receive the corporate newsletter,account_access,ds2_bitext,SUBSCRIPTION,newsletter_subscription,,
help canceling my subscription to the corporate newsletter,account_access,ds2_bitext,SUBSCRIPTION,newsletter_subscription,,
can you tell me more about unsubscribing to your newsletter?,account_access,ds2_bitext,SUBSCRIPTION,newsletter_subscription,,
can I receive your newsletter?,account_access,ds2_bitext,SUBSCRIPTION,newsletter_subscription,,
I want information about the subscription to your newsletter,account_access,ds2_bitext,SUBSCRIPTION,newsletter_subscription,,
I do not know how to receive the corporate newsletter,account_access,ds2_bitext,SUBSCRIPTION,newsletter_subscription,,
can uhelp me to unsubscribe from ur corporate newsletter,account_access,ds2_bitext,SUBSCRIPTION,newsletter_subscription,,
tell me about cancel my company newsletter subscription,account_access,ds2_bitext,SUBSCRIPTION,newsletter_subscription,,
I want help receiving the newsletter,account_access,ds2_bitext,SUBSCRIPTION,newsletter_subscription,,
i cantg unsubscribe to ur corporate newsletter,account_access,ds2_bitext,SUBSCRIPTION,newsletter_subscription,,
where could I sign up to the damn corporate newsletter?,account_access,ds2_bitext,SUBSCRIPTION,newsletter_subscription,,
I need help cancelling my company newsletter subscription,account_access,ds2_bitext,SUBSCRIPTION,newsletter_subscription,,
i have got to see the status of my newsletter subvscription,account_access,ds2_bitext,SUBSCRIPTION,newsletter_subscription,,
need help to unsubscribe to your newsletter,account_access,ds2_bitext,SUBSCRIPTION,newsletter_subscription,,
I need help unsubscribing to the company newsletter,account_access,ds2_bitext,SUBSCRIPTION,newsletter_subscription,,
could you help me to sign up to the corporate newsletter?,account_access,ds2_bitext,SUBSCRIPTION,newsletter_subscription,,
information about cancel the subscription to the newsletter,account_access,ds2_bitext,SUBSCRIPTION,newsletter_subscription,,
help me subscribe to your newsletter,account_access,ds2_bitext,SUBSCRIPTION,newsletter_subscription,,
give me information about my subscription to your newsletter,account_access,ds2_bitext,SUBSCRIPTION,newsletter_subscription,,
information about receiving your company newsletter,account_access,ds2_bitext,SUBSCRIPTION,newsletter_subscription,,
help me sign up to ur newsleter,account_access,ds2_bitext,SUBSCRIPTION,newsletter_subscription,,
I need assistance to unsubscribe to your newsletter,account_access,ds2_bitext,SUBSCRIPTION,newsletter_subscription,,
assistance to ujnsubscribe to ur newsletter,account_access,ds2_bitext,SUBSCRIPTION,newsletter_subscription,,
i do not know how to unsubscribe from ur company newsletter,account_access,ds2_bitext,SUBSCRIPTION,newsletter_subscription,,
information about cancel my subscription to your newsletter,account_access,ds2_bitext,SUBSCRIPTION,newsletter_subscription,,
where to unsubscribe to the corporate newsletter?,account_access,ds2_bitext,SUBSCRIPTION,newsletter_subscription,,
"I need to sign up to your corporate newsletter, help me",account_access,ds2_bitext,SUBSCRIPTION,newsletter_subscription,,
"I hav got to sign up to your newsletter, I need help",account_access,ds2_bitext,SUBSCRIPTION,newsletter_subscription,,
"I have to unsubscribe to your newsletter, I need help",account_access,ds2_bitext,SUBSCRIPTION,newsletter_subscription,,
I cannot cancel the corporate newsletter subscrition,account_access,ds2_bitext,SUBSCRIPTION,newsletter_subscription,,
i need help to unsubscribe to ur company newsletter,account_access,ds2_bitext,SUBSCRIPTION,newsletter_subscription,,
i want assistance to unsubscribe to the company newsletter,account_access,ds2_bitext,SUBSCRIPTION,newsletter_subscription,,
I have to sign up to your corporate newsletter,account_access,ds2_bitext,SUBSCRIPTION,newsletter_subscription,,
could you help me unsubscribe to your newsletter?,account_access,ds2_bitext,SUBSCRIPTION,newsletter_subscription,,
information about signing up to your company newsletter,account_access,ds2_bitext,SUBSCRIPTION,newsletter_subscription,,
help me to unsubscribe to your newsletter,account_access,ds2_bitext,SUBSCRIPTION,newsletter_subscription,,
I am trying to cancel my subscription to your newsletter,account_access,ds2_bitext,SUBSCRIPTION,newsletter_subscription,,
wanna know about cancel my company newsletter subscription,account_access,ds2_bitext,SUBSCRIPTION,newsletter_subscription,,
can uhelp me cancel the corporate newsetter subscription,account_access,ds2_bitext,SUBSCRIPTION,newsletter_subscription,,
help cancelling my subscription to your corporate newsletter,account_access,ds2_bitext,SUBSCRIPTION,newsletter_subscription,,
help to sign up to your company newsleyter,account_access,ds2_bitext,SUBSCRIPTION,newsletter_subscription,,
"I have got to receive your newsletter, can you help me?",account_access,ds2_bitext,SUBSCRIPTION,newsletter_subscription,,
I want help to cancel my company newsletter subscription,account_access,ds2_bitext,SUBSCRIPTION,newsletter_subscription,,
where to cancel my subscription to the corporate newsletter?,account_access,ds2_bitext,SUBSCRIPTION,newsletter_subscription,,
can you help me sign up to the company newsletter?,account_access,ds2_bitext,SUBSCRIPTION,newsletter_subscription,,
I have to unsubscribe to your newsletter,account_access,ds2_bitext,SUBSCRIPTION,newsletter_subscription,,
I want assistance cancelling the newsletter subscription,account_access,ds2_bitext,SUBSCRIPTION,newsletter_subscription,,
unsubscribe to your damn company newsletter,account_access,ds2_bitext,SUBSCRIPTION,newsletter_subscription,,
information about receiving ur company newsletter,account_access,ds2_bitext,SUBSCRIPTION,newsletter_subscription,,
is it possible to unsubscribe from the company newsletter,account_access,ds2_bitext,SUBSCRIPTION,newsletter_subscription,,
I need assistance unsubscribinbg to your newsletter,account_access,ds2_bitext,SUBSCRIPTION,newsletter_subscription,,
how do i sign up to thhe corporate newsletter,account_access,ds2_bitext,SUBSCRIPTION,newsletter_subscription,,
can ya help me cancel my corporate newsletter subscription,account_access,ds2_bitext,SUBSCRIPTION,newsletter_subscription,,
"I need to receive your newsletter, help me",account_access,ds2_bitext,SUBSCRIPTION,newsletter_subscription,,
can you help me to cancel the newsletter subscription?,account_access,ds2_bitext,SUBSCRIPTION,newsletter_subscription,,
i need help cancelling mny company newsletter subscription,account_access,ds2_bitext,SUBSCRIPTION,newsletter_subscription,,
how could I receive yoru goddamn newsletter?,account_access,ds2_bitext,SUBSCRIPTION,newsletter_subscription,,
i have to subscribe to the neesletter help me,account_access,ds2_bitext,SUBSCRIPTION,newsletter_subscription,,
I don't know how I can unsubscribe to the newsletter,account_access,ds2_bitext,SUBSCRIPTION,newsletter_subscription,,
help to cancel my subscription to ur corporate newsletter,account_access,ds2_bitext,SUBSCRIPTION,newsletter_subscription,,
can I sign up to the company newsletter?,account_access,ds2_bitext,SUBSCRIPTION,newsletter_subscription,,
need assistance cancelling my subscription to ur newsletter,account_access,ds2_bitext,SUBSCRIPTION,newsletter_subscription,,
I can't receive the damn corporate newsletter,account_access,ds2_bitext,SUBSCRIPTION,newsletter_subscription,,
help me unsubscribe from ur corporate newsletter,account_access,ds2_bitext,SUBSCRIPTION,newsletter_subscription,,
"I have to sign up to your corporate newsletter, help me",account_access,ds2_bitext,SUBSCRIPTION,newsletter_subscription,,
want assistance cancelling my subscription to ur newsletter,account_access,ds2_bitext,SUBSCRIPTION,newsletter_subscription,,
where to unsubscribe to your bloody newsletter?,account_access,ds2_bitext,SUBSCRIPTION,newsletter_subscription,,
I cannot sign up to your corporate newsledtter,account_access,ds2_bitext,SUBSCRIPTION,newsletter_subscription,,
I want to know more about cancel my newsletter subscription,account_access,ds2_bitext,SUBSCRIPTION,newsletter_subscription,,
need help to subscribe to your corporate newsletter,account_access,ds2_bitext,SUBSCRIPTION,newsletter_subscription,,
where can i receive the company newsletter,account_access,ds2_bitext,SUBSCRIPTION,newsletter_subscription,,
want help to sign up to your corpirate newsletter,account_access,ds2_bitext,SUBSCRIPTION,newsletter_subscription,,
I'm trying to unsubscribe from the newsletter,account_access,ds2_bitext,SUBSCRIPTION,newsletter_subscription,,
tell me about cancel the subscription to the newsletter,account_access,ds2_bitext,SUBSCRIPTION,newsletter_subscription,,
help me to cancel my subscription to your newsletter,account_access,ds2_bitext,SUBSCRIPTION,newsletter_subscription,,
I have got to cancel my company damn newsletter subscription,account_access,ds2_bitext,SUBSCRIPTION,newsletter_subscription,,
help me checking the status of my newsletter subscription,account_access,ds2_bitext,SUBSCRIPTION,newsletter_subscription,,
"I have to cancel my newsletter subscription, how do I do it?",account_access,ds2_bitext,SUBSCRIPTION,newsletter_subscription,,
I need assistance to unsubscribeto the company newsletter,account_access,ds2_bitext,SUBSCRIPTION,newsletter_subscription,,
can I sign up to the corporate newsletter?,account_access,ds2_bitext,SUBSCRIPTION,newsletter_subscription,,
I want to know about unsubscribing to your newsletter,account_access,ds2_bitext,SUBSCRIPTION,newsletter_subscription,,
where can I subscribe to your newsletter?,account_access,ds2_bitext,SUBSCRIPTION,newsletter_subscription,,
can i see the status of my company newsletter subscription,account_access,ds2_bitext,SUBSCRIPTION,newsletter_subscription,,
how do i unsubscribe fromur corporate newsletter,account_access,ds2_bitext,SUBSCRIPTION,newsletter_subscription,,
where do i receive ur company newsletter,account_access,ds2_bitext,SUBSCRIPTION,newsletter_subscription,,
where to cancel the subscription to your newsletter?,account_access,ds2_bitext,SUBSCRIPTION,newsletter_subscription,,
where do I cancel my subscription to your newsletter?,account_access,ds2_bitext,SUBSCRIPTION,newsletter_subscription,,
I need assistanc canceling the newsletter subscription,account_access,ds2_bitext,SUBSCRIPTION,newsletter_subscription,,
wanna know about unsubscribimg from ur newsletter,account_access,ds2_bitext,SUBSCRIPTION,newsletter_subscription,,
how do I cancel the subscription to the newsletter?,account_access,ds2_bitext,SUBSCRIPTION,newsletter_subscription,,
need to receive the newsletter,account_access,ds2_bitext,SUBSCRIPTION,newsletter_subscription,,
how to receive ur newseltter,account_access,ds2_bitext,SUBSCRIPTION,newsletter_subscription,,
I want to cancel my subscription to your newsletter,account_access,ds2_bitext,SUBSCRIPTION,newsletter_subscription,,
"I have got to sign up to your newsletter, I need help",account_access,ds2_bitext,SUBSCRIPTION,newsletter_subscription,,
what do i have to do to sign up to ur company newsletter,account_access,ds2_bitext,SUBSCRIPTION,newsletter_subscription,,
can i subscribe to ur company newsetter,account_access,ds2_bitext,SUBSCRIPTION,newsletter_subscription,,
can ya help me subscribing to ur company newsletter,account_access,ds2_bitext,SUBSCRIPTION,newsletter_subscription,,
tell me more about unsubscribing frmo ur company newsletter,account_access,ds2_bitext,SUBSCRIPTION,newsletter_subscription,,
is it posible to unsubscribe to your newsletter?,account_access,ds2_bitext,SUBSCRIPTION,newsletter_subscription,,
i want help to unsubscribe from the company newsletter,account_access,ds2_bitext,SUBSCRIPTION,newsletter_subscription,,
can uhelp me to unsubscribe from the corporate newsletter,account_access,ds2_bitext,SUBSCRIPTION,newsletter_subscription,,
tell me more about unsubscribing from your newsletter,account_access,ds2_bitext,SUBSCRIPTION,newsletter_subscription,,
can I receive the company newsletter?,account_access,ds2_bitext,SUBSCRIPTION,newsletter_subscription,,
where do I receive the corporate newsletter?,account_access,ds2_bitext,SUBSCRIPTION,newsletter_subscription,,
help me cancelling my newsletter subscription,account_access,ds2_bitext,SUBSCRIPTION,newsletter_subscription,,
I want to know about my company newsletter subscription,account_access,ds2_bitext,SUBSCRIPTION,newsletter_subscription,,
"I have to sign up to your newsletter, I need assistance",account_access,ds2_bitext,SUBSCRIPTION,newsletter_subscription,,
I need information about unsubscribing to your newslettre,account_access,ds2_bitext,SUBSCRIPTION,newsletter_subscription,,
I want assistance to sign up to your corporate newsletter,account_access,ds2_bitext,SUBSCRIPTION,newsletter_subscription,,
I need to cancle my corporate newsletter subscription,account_access,ds2_bitext,SUBSCRIPTION,newsletter_subscription,,
how can I sign up to the newsletter?,account_access,ds2_bitext,SUBSCRIPTION,newsletter_subscription,,
assistance to unsubscribe to your corporate newsletter,account_access,ds2_bitext,SUBSCRIPTION,newsletter_subscription,,
I have got to unsubscribe from your newsletter,account_access,ds2_bitext,SUBSCRIPTION,newsletter_subscription,,
can utell me about cancel the subscrption to ur newsletter,account_access,ds2_bitext,SUBSCRIPTION,newsletter_subscription,,
I need to sign up to your corporate newsletter,account_access,ds2_bitext,SUBSCRIPTION,newsletter_subscription,,
can uhlp me to see the status of my newsletter subscription,account_access,ds2_bitext,SUBSCRIPTION,newsletter_subscription,,
help me canceling the newsletter subscription,account_access,ds2_bitext,SUBSCRIPTION,newsletter_subscription,,
where to unsubscribe from the corporate newsletter,account_access,ds2_bitext,SUBSCRIPTION,newsletter_subscription,,
I can't receive the company newsletter,account_access,ds2_bitext,SUBSCRIPTION,newsletter_subscription,,
is it possible to cancel my newsletter subscription?,account_access,ds2_bitext,SUBSCRIPTION,newsletter_subscription,,
could you help me signing up to the corporate newsletter?,account_access,ds2_bitext,SUBSCRIPTION,newsletter_subscription,,
I want assistance to receive your newsletter,account_access,ds2_bitext,SUBSCRIPTION,newsletter_subscription,,
can you help me to unsubscribe from the newsletter?,account_access,ds2_bitext,SUBSCRIPTION,newsletter_subscription,,
I do not know how I can sign up to the newsletter,account_access,ds2_bitext,SUBSCRIPTION,newsletter_subscription,,
I want to sign up to your corporate newsletter,account_access,ds2_bitext,SUBSCRIPTION,newsletter_subscription,,
could you help me unsubscribing to the company newsletter?,account_access,ds2_bitext,SUBSCRIPTION,newsletter_subscription,,
information about unsubscribing from ur corporate newsletter,account_access,ds2_bitext,SUBSCRIPTION,newsletter_subscription,,
"I have got to subscribe to the newsletter, I need assistance",account_access,ds2_bitext,SUBSCRIPTION,newsletter_subscription,,
help me sign up to the corporate newsletter,account_access,ds2_bitext,SUBSCRIPTION,newsletter_subscription,,
help me signing up to the corporate newsletter,account_access,ds2_bitext,SUBSCRIPTION,newsletter_subscription,,
how do I receive the newsletter?,account_access,ds2_bitext,SUBSCRIPTION,newsletter_subscription,,
I can't recerive the newsletter,account_access,ds2_bitext,SUBSCRIPTION,newsletter_subscription,,
what do I have to do to sign up to the corporate newsletter?,account_access,ds2_bitext,SUBSCRIPTION,newsletter_subscription,,
how can I get information about my newsletter subscription?,account_access,ds2_bitext,SUBSCRIPTION,newsletter_subscription,,
I have to cancel my company newsletter subscription,account_access,ds2_bitext,SUBSCRIPTION,newsletter_subscription,,
how to sign up to your newsletter?,account_access,ds2_bitext,SUBSCRIPTION,newsletter_subscription,,
I want assistance to receive your corporate newsletter,account_access,ds2_bitext,SUBSCRIPTION,newsletter_subscription,,
cancel my corporate newsletter subscription,account_access,ds2_bitext,SUBSCRIPTION,newsletter_subscription,,
I am trying to unsubscribe from the company newsletter,account_access,ds2_bitext,SUBSCRIPTION,newsletter_subscription,,
need help to receive your company newsletter,account_access,ds2_bitext,SUBSCRIPTION,newsletter_subscription,,
I cannotcancel my subscription to your corporate newsletter,account_access,ds2_bitext,SUBSCRIPTION,newsletter_subscription,,
assistance to sign up to the company newsletter,account_access,ds2_bitext,SUBSCRIPTION,newsletter_subscription,,
help cancelling my newsletter subscription,account_access,ds2_bitext,SUBSCRIPTION,newsletter_subscription,,
I am trying to unsubscribe from your newsletter,account_access,ds2_bitext,SUBSCRIPTION,newsletter_subscription,,
I cannot sign up to the bloody newsletter,account_access,ds2_bitext,SUBSCRIPTION,newsletter_subscription,,
help me signing up to the newsletter,account_access,ds2_bitext,SUBSCRIPTION,newsletter_subscription,,
give me information about cancel the newsletter subscription,account_access,ds2_bitext,SUBSCRIPTION,newsletter_subscription,,
where can i unsubscribe from ur fucking newsletter,account_access,ds2_bitext,SUBSCRIPTION,newsletter_subscription,,
i need assistance to sign up to ur company newsletter,account_access,ds2_bitext,SUBSCRIPTION,newsletter_subscription,,
can you help me unsubscribing from your company newsletter?,account_access,ds2_bitext,SUBSCRIPTION,newsletter_subscription,,
information about canceling the newsletter subscription,account_access,ds2_bitext,SUBSCRIPTION,newsletter_subscription,,
how can I receive your newsletter?,account_access,ds2_bitext,SUBSCRIPTION,newsletter_subscription,,
I want help to cancel the corporate newsletter subscription,account_access,ds2_bitext,SUBSCRIPTION,newsletter_subscription,,
I want assistance to subscribe to your company newsletter,account_access,ds2_bitext,SUBSCRIPTION,newsletter_subscription,,
need to cancel my subscription to the company newsletter,account_access,ds2_bitext,SUBSCRIPTION,newsletter_subscription,,
I want help canceling the subscription to the newsletter,account_access,ds2_bitext,SUBSCRIPTION,newsletter_subscription,,
need help unsubscribing from ur newsletter,account_access,ds2_bitext,SUBSCRIPTION,newsletter_subscription,,
help me canceling the corporate newsletter subscription,account_access,ds2_bitext,SUBSCRIPTION,newsletter_subscription,,
I want help unsubscribing from the newsletter,account_access,ds2_bitext,SUBSCRIPTION,newsletter_subscription,,
how can I see the status of my newsletter subscription?,account_access,ds2_bitext,SUBSCRIPTION,newsletter_subscription,,
could I receive your fucking corporate newsletter?,account_access,ds2_bitext,SUBSCRIPTION,newsletter_subscription,,
I do not know how to sign up to the corporate newsletter,account_access,ds2_bitext,SUBSCRIPTION,newsletter_subscription,,
where to cancel my company newsletter subscription?,account_access,ds2_bitext,SUBSCRIPTION,newsletter_subscription,,
what do i have to do to sign up to the newsletter,account_access,ds2_bitext,SUBSCRIPTION,newsletter_subscription,,
how to subscribe to your newsletter?,account_access,ds2_bitext,SUBSCRIPTION,newsletter_subscription,,
i cant unsubscribe from ur corporate newsletter,account_access,ds2_bitext,SUBSCRIPTION,newsletter_subscription,,
tell me about cancellling the subscription to ur newsletter,account_access,ds2_bitext,SUBSCRIPTION,newsletter_subscription,,
I try to subscribe to the newsletter,account_access,ds2_bitext,SUBSCRIPTION,newsletter_subscription,,
help receiving your company newsletter,account_access,ds2_bitext,SUBSCRIPTION,newsletter_subscription,,
information about cancel the company newsletter subscription,account_access,ds2_bitext,SUBSCRIPTION,newsletter_subscription,,
i have got to unsubscribe to ur newsletter,account_access,ds2_bitext,SUBSCRIPTION,newsletter_subscription,,
can oyu help me receive the company newsletter?,account_access,ds2_bitext,SUBSCRIPTION,newsletter_subscription,,
I want to know about cancelling my newsletter subscription,account_access,ds2_bitext,SUBSCRIPTION,newsletter_subscription,,
I need assistance to subscribe to your company newsletter,account_access,ds2_bitext,SUBSCRIPTION,newsletter_subscription,,
would it be possible to sign up to the newsletter?,account_access,ds2_bitext,SUBSCRIPTION,newsletter_subscription,,
I am trying to sign up to your newsletter,account_access,ds2_bitext,SUBSCRIPTION,newsletter_subscription,,
I want to unsubscribe from thd company newsletter,account_access,ds2_bitext,SUBSCRIPTION,newsletter_subscription,,
i do not know how to unsubscribe to ur corporate newslegter,account_access,ds2_bitext,SUBSCRIPTION,newsletter_subscription,,
I want help receoving the newsletter,account_access,ds2_bitext,SUBSCRIPTION,newsletter_subscription,,
I can't unsubscribe to your newsletter,account_access,ds2_bitext,SUBSCRIPTION,newsletter_subscription,,
I do not know how I can receive the newsletter,account_access,ds2_bitext,SUBSCRIPTION,newsletter_subscription,,
need help cancelling the newsletter subscription,account_access,ds2_bitext,SUBSCRIPTION,newsletter_subscription,,
need help to cancel my subscription to your newsletter,account_access,ds2_bitext,SUBSCRIPTION,newsletter_subscription,,
I don't know how I can receive your newsletter,account_access,ds2_bitext,SUBSCRIPTION,newsletter_subscription,,
help me canceling my subscription to ur corporate newsletter,account_access,ds2_bitext,SUBSCRIPTION,newsletter_subscription,,
help to unsubscribe to your newslettert,account_access,ds2_bitext,SUBSCRIPTION,newsletter_subscription,,
want assistance signing up to the company newsletter,account_access,ds2_bitext,SUBSCRIPTION,newsletter_subscription,,
need to receive ur newsletter can ya help me,account_access,ds2_bitext,SUBSCRIPTION,newsletter_subscription,,
tell me about unsubscribing from your newslewtter,account_access,ds2_bitext,SUBSCRIPTION,newsletter_subscription,,
how do i cancel the subscription to ur company newsletter,account_access,ds2_bitext,SUBSCRIPTION,newsletter_subscription,,
can I subscribe to the corporate newsletter?,account_access,ds2_bitext,SUBSCRIPTION,newsletter_subscription,,
can you help md unsubscribing to your company newsletter?,account_access,ds2_bitext,SUBSCRIPTION,newsletter_subscription,,
tell me about cancelling my company newsletter subscription,account_access,ds2_bitext,SUBSCRIPTION,newsletter_subscription,,
were to sign up to the newsletter?,account_access,ds2_bitext,SUBSCRIPTION,newsletter_subscription,,
need to unsubscribe from the newsletter,account_access,ds2_bitext,SUBSCRIPTION,newsletter_subscription,,
where can I unsubscribe to your company newsletter?,account_access,ds2_bitext,SUBSCRIPTION,newsletter_subscription,,
"I want to cancel my subscription to your newsletter, help me",account_access,ds2_bitext,SUBSCRIPTION,newsletter_subscription,,
need help cancelling my subscription to ur newsletter,account_access,ds2_bitext,SUBSCRIPTION,newsletter_subscription,,
help me receiving ur corporate newsletter,account_access,ds2_bitext,SUBSCRIPTION,newsletter_subscription,,
is it possible to cancel the newsletter subscription,account_access,ds2_bitext,SUBSCRIPTION,newsletter_subscription,,
where do I unsubscribe from the newsletter?,account_access,ds2_bitext,SUBSCRIPTION,newsletter_subscription,,
i have to cancel the subscription to ur company newsletter,account_access,ds2_bitext,SUBSCRIPTION,newsletter_subscription,,
i need help to cancel the newsletter subscription,account_access,ds2_bitext,SUBSCRIPTION,newsletter_subscription,,
what do i have to do to unsubscribe to the nrwsletter,account_access,ds2_bitext,SUBSCRIPTION,newsletter_subscription,,
cancel subscription to your company newsletter,account_access,ds2_bitext,SUBSCRIPTION,newsletter_subscription,,
assistance to cancel the subscription to your newsletter,account_access,ds2_bitext,SUBSCRIPTION,newsletter_subscription,,
can you help me cancel my subscription to the newsletter?,account_access,ds2_bitext,SUBSCRIPTION,newsletter_subscription,,
could utell me more about unsubscribing from ur newsletter,account_access,ds2_bitext,SUBSCRIPTION,newsletter_subscription,,
awnt help to receive your corporate newsletter,account_access,ds2_bitext,SUBSCRIPTION,newsletter_subscription,,
help unsubscribing from your newsletter,account_access,ds2_bitext,SUBSCRIPTION,newsletter_subscription,,
"I havve to sign up to the newsletter, I need assistance",account_access,ds2_bitext,SUBSCRIPTION,newsletter_subscription,,
give me inormation about my subscription to your newsletter,account_access,ds2_bitext,SUBSCRIPTION,newsletter_subscription,,
how can I cancel the newsletter subscription?,account_access,ds2_bitext,SUBSCRIPTION,newsletter_subscription,,
how can I cancel the corporate newsletter subscription?,account_access,ds2_bitext,SUBSCRIPTION,newsletter_subscription,,
want help cancelling my company newsletter subscriptikon,account_access,ds2_bitext,SUBSCRIPTION,newsletter_subscription,,
"I have to cancel my subscription to your newsletter, help me",account_access,ds2_bitext,SUBSCRIPTION,newsletter_subscription,,
can ya help me to cancel the company newsletter subscription,account_access,ds2_bitext,SUBSCRIPTION,newsletter_subscription,,
"I have got to unsubscribe to your newsletter, help me",account_access,ds2_bitext,SUBSCRIPTION,newsletter_subscription,,
"I need to unsubscribe from your newsletter, how can I do it?",account_access,ds2_bitext,SUBSCRIPTION,newsletter_subscription,,
"I want to sign up to your corporate newsletter, help me",account_access,ds2_bitext,SUBSCRIPTION,newsletter_subscription,,
I don'tknow how to cancel my newsletter subscription,account_access,ds2_bitext,SUBSCRIPTION,newsletter_subscription,,
where can i subscribe to ur corporate newsletter,account_access,ds2_bitext,SUBSCRIPTION,newsletter_subscription,,
assistance signing up to your company newxletter,account_access,ds2_bitext,SUBSCRIPTION,newsletter_subscription,,
help me to sign up to the company newsletter,account_access,ds2_bitext,SUBSCRIPTION,newsletter_subscription,,
where to sign up to your newsletter?,account_access,ds2_bitext,SUBSCRIPTION,newsletter_subscription,,
I do not know how I can sign up to the goddamn newsletter,account_access,ds2_bitext,SUBSCRIPTION,newsletter_subscription,,
need asisstance to cancel my subscription to the newsletter,account_access,ds2_bitext,SUBSCRIPTION,newsletter_subscription,,
canya help me canceling my subscription to the newsletter,account_access,ds2_bitext,SUBSCRIPTION,newsletter_subscription,,
how to unsubscribe to your newsletter?,account_access,ds2_bitext,SUBSCRIPTION,newsletter_subscription,,
canceling subscription to ur company newletter,account_access,ds2_bitext,SUBSCRIPTION,newsletter_subscription,,
"I need to unsubscribe from the newsletter, can yyou help me?",account_access,ds2_bitext,SUBSCRIPTION,newsletter_subscription,,
Ihave to receive the newsletter,account_access,ds2_bitext,SUBSCRIPTION,newsletter_subscription,,
i cannot receive the company newsletter,account_access,ds2_bitext,SUBSCRIPTION,newsletter_subscription,,
where can I receive your company newsletter?,account_access,ds2_bitext,SUBSCRIPTION,newsletter_subscription,,
what do I need to do to subscribe to the company newsletter?,account_access,ds2_bitext,SUBSCRIPTION,newsletter_subscription,,
I have got to subscribe to the corporate newsletter,account_access,ds2_bitext,SUBSCRIPTION,newsletter_subscription,,
I try to see the status of my newsletter subscription,account_access,ds2_bitext,SUBSCRIPTION,newsletter_subscription,,
how to unsubscribe from your company newsletter?,account_access,ds2_bitext,SUBSCRIPTION,newsletter_subscription,,
"I want to receive your newsletter, how can I do it?",account_access,ds2_bitext,SUBSCRIPTION,newsletter_subscription,,
how to unsubscribe from your newsletter?,account_access,ds2_bitext,SUBSCRIPTION,newsletter_subscription,,
where can I cancel my company newsletter subscription?,account_access,ds2_bitext,SUBSCRIPTION,newsletter_subscription,,
I need assistance to unsubscribe from the company newsletter,account_access,ds2_bitext,SUBSCRIPTION,newsletter_subscription,,
wanna know about the company newsletter subscription,account_access,ds2_bitext,SUBSCRIPTION,newsletter_subscription,,
I try to subscribe to the company newsletter,account_access,ds2_bitext,SUBSCRIPTION,newsletter_subscription,,
i have got to cancel the subscription to ur newsletter,account_access,ds2_bitext,SUBSCRIPTION,newsletter_subscription,,
assistance to subscribe to ur newsletter,account_access,ds2_bitext,SUBSCRIPTION,newsletter_subscription,,
I do not know what to do to sign up to the newsletter,account_access,ds2_bitext,SUBSCRIPTION,newsletter_subscription,,
I want to know more about my newsletter subscription,account_access,ds2_bitext,SUBSCRIPTION,newsletter_subscription,,
need assistance unsubscribing from ur newsletter,account_access,ds2_bitext,SUBSCRIPTION,newsletter_subscription,,
how to unsubscribe to the newsletter?,account_access,ds2_bitext,SUBSCRIPTION,newsletter_subscription,,
I want to know about signing up to your company newsletter,account_access,ds2_bitext,SUBSCRIPTION,newsletter_subscription,,
need help singing up to the company newsletter,account_access,ds2_bitext,SUBSCRIPTION,newsletter_subscription,,
help cancelling my company newsletter subscription,account_access,ds2_bitext,SUBSCRIPTION,newsletter_subscription,,
I do not know how I can receive the company newsletter,account_access,ds2_bitext,SUBSCRIPTION,newsletter_subscription,,
i have to cancel the newsletter subscription how to do it,account_access,ds2_bitext,SUBSCRIPTION,newsletter_subscription,,
I have to subscribe to your newsletter,account_access,ds2_bitext,SUBSCRIPTION,newsletter_subscription,,
help me cancelling my corporate newsletter subscription,account_access,ds2_bitext,SUBSCRIPTION,newsletter_subscription,,
what do I need to do to unsubscribe to your newsleyter?,account_access,ds2_bitext,SUBSCRIPTION,newsletter_subscription,,
help unsubscribing to the corporate newsletter,account_access,ds2_bitext,SUBSCRIPTION,newsletter_subscription,,
assistance cancelling my newsletter subscription,account_access,ds2_bitext,SUBSCRIPTION,newsletter_subscription,,
need to receive the damn newsletter will uhelp me,account_access,ds2_bitext,SUBSCRIPTION,newsletter_subscription,,
help me subscribing to the newsletter,account_access,ds2_bitext,SUBSCRIPTION,newsletter_subscription,,
tell me about cancel the newsletter subscription,account_access,ds2_bitext,SUBSCRIPTION,newsletter_subscription,,
assistance canceling the corporate newsletter subscription,account_access,ds2_bitext,SUBSCRIPTION,newsletter_subscription,,
I want to unsubscribe to your company newsletter,account_access,ds2_bitext,SUBSCRIPTION,newsletter_subscription,,
where to receive your company newsletter?,account_access,ds2_bitext,SUBSCRIPTION,newsletter_subscription,,
I want assistance unsubscribing to the newsletter,account_access,ds2_bitext,SUBSCRIPTION,newsletter_subscription,,
could you tell me about the newsletter subscription?,account_access,ds2_bitext,SUBSCRIPTION,newsletter_subscription,,
"I have to sign up to your newsletter, could I get some help?",account_access,ds2_bitext,SUBSCRIPTION,newsletter_subscription,,
I need help to sign up to your newsletter,account_access,ds2_bitext,SUBSCRIPTION,newsletter_subscription,,
I can't cancel the subscription to your corporate newsletter,account_access,ds2_bitext,SUBSCRIPTION,newsletter_subscription,,
can you help me unsubscribing to the company newsletter?,account_access,ds2_bitext,SUBSCRIPTION,newsletter_subscription,,
"I have to receive your newsletter, can you help me?",account_access,ds2_bitext,SUBSCRIPTION,newsletter_subscription,,
help to subscribe to ur company newsletter,account_access,ds2_bitext,SUBSCRIPTION,newsletter_subscription,,
I have got to receive the corporate newsletter,account_access,ds2_bitext,SUBSCRIPTION,newsletter_subscription,,
where to cancel the newsletter subscription ?,account_access,ds2_bitext,SUBSCRIPTION,newsletter_subscription,,
help to check the status of my subscription to ur newsletter,account_access,ds2_bitext,SUBSCRIPTION,newsletter_subscription,,
wanna check the status of my subscription to ur newseltter,account_access,ds2_bitext,SUBSCRIPTION,newsletter_subscription,,
i dont know wgat i need to do to sign up to the newsletter,account_access,ds2_bitext,SUBSCRIPTION,newsletter_subscription,,
I want help cancelling my newsletter subscription,account_access,ds2_bitext,SUBSCRIPTION,newsletter_subscription,,
I want assistance to sign up to the newsletter,account_access,ds2_bitext,SUBSCRIPTION,newsletter_subscription,,
I want help receiving the corporate newsletter,account_access,ds2_bitext,SUBSCRIPTION,newsletter_subscription,,
i need help to cancel my corporate newsletter subscription,account_access,ds2_bitext,SUBSCRIPTION,newsletter_subscription,,
I want help to unsubscribe from the company newsletter,account_access,ds2_bitext,SUBSCRIPTION,newsletter_subscription,,
could ya help me to unsubscribe from ur company newsletter,account_access,ds2_bitext,SUBSCRIPTION,newsletter_subscription,,
can you help me subscribe to your newsletter?,account_access,ds2_bitext,SUBSCRIPTION,newsletter_subscription,,
I need help to sign up to your company newsletter,account_access,ds2_bitext,SUBSCRIPTION,newsletter_subscription,,
can you help me receiving your fucking corporate newslettee?,account_access,ds2_bitext,SUBSCRIPTION,newsletter_subscription,,
"I have to subscribe to the newsletter, help me",account_access,ds2_bitext,SUBSCRIPTION,newsletter_subscription,,
how do I sign up to the corporate newsletter?,account_access,ds2_bitext,SUBSCRIPTION,newsletter_subscription,,
"I want to receive the company newsletter, how could I do it?",account_access,ds2_bitext,SUBSCRIPTION,newsletter_subscription,,
"I want to sign up to the corporate newsletter, how to do it?",account_access,ds2_bitext,SUBSCRIPTION,newsletter_subscription,,
i need assistane unsubscribing to ur corporate newsletter,account_access,ds2_bitext,SUBSCRIPTION,newsletter_subscription,,
could you help me unsubscribe from the corporate newsletter?,account_access,ds2_bitext,SUBSCRIPTION,newsletter_subscription,,
where do I cancel my corporate newsletter subscription?,account_access,ds2_bitext,SUBSCRIPTION,newsletter_subscription,,
could you help me unsubscribe from your bloody newsletter?,account_access,ds2_bitext,SUBSCRIPTION,newsletter_subscription,,
i want help to subscribe to the goddamn corporate newsletter,account_access,ds2_bitext,SUBSCRIPTION,newsletter_subscription,,
is it possible to subscribe to your corporate newsletter?,account_access,ds2_bitext,SUBSCRIPTION,newsletter_subscription,,
is it possible tl unsubscribe from ur corporate newsletter,account_access,ds2_bitext,SUBSCRIPTION,newsletter_subscription,,
want help to receive ur company newsletter,account_access,ds2_bitext,SUBSCRIPTION,newsletter_subscription,,
need help to unsubscribe from your corporate newsletter,account_access,ds2_bitext,SUBSCRIPTION,newsletter_subscription,,
tell me about cancel the corporate newsletter subscription,account_access,ds2_bitext,SUBSCRIPTION,newsletter_subscription,,
i have to receive the newsletter how to do it,account_access,ds2_bitext,SUBSCRIPTION,newsletter_subscription,,
could i cancel the company bloody newsletter subscription,account_access,ds2_bitext,SUBSCRIPTION,newsletter_subscription,,
tell me more about subscribing to ur newsletter,account_access,ds2_bitext,SUBSCRIPTION,newsletter_subscription,,
I can't subscribe to the newsletter,account_access,ds2_bitext,SUBSCRIPTION,newsletter_subscription,,
I cannot receive the corporate newsletter,account_access,ds2_bitext,SUBSCRIPTION,newsletter_subscription,,
I want assistance to sign up to the company newsletter,account_access,ds2_bitext,SUBSCRIPTION,newsletter_subscription,,
can i check thew status of my newsletter subscription,account_access,ds2_bitext,SUBSCRIPTION,newsletter_subscription,,
can uhelp me unsubscribing from the company newsletter,account_access,ds2_bitext,SUBSCRIPTION,newsletter_subscription,,
"I want to sign up to your newsletter, how do I do it?",account_access,ds2_bitext,SUBSCRIPTION,newsletter_subscription,,
assistance to cancel the newsletter subscription,account_access,ds2_bitext,SUBSCRIPTION,newsletter_subscription,,
can you help me to unsubscribe to the corporate newsletter?,account_access,ds2_bitext,SUBSCRIPTION,newsletter_subscription,,
find information about signing up to your newsletter,account_access,ds2_bitext,SUBSCRIPTION,newsletter_subscription,,
tell me about the subscription to your corporate newsletter,account_access,ds2_bitext,SUBSCRIPTION,newsletter_subscription,,
where do I sign up to your newsletter?,account_access,ds2_bitext,SUBSCRIPTION,newsletter_subscription,,
can ya help mereceive ur company newsletter,account_access,ds2_bitext,SUBSCRIPTION,newsletter_subscription,,
assistance signing up to the company newsletter,account_access,ds2_bitext,SUBSCRIPTION,newsletter_subscription,,
"I want to sign up to your newsletter, help me",account_access,ds2_bitext,SUBSCRIPTION,newsletter_subscription,,
can uhelp me unsubscribe to the company newsletter,account_access,ds2_bitext,SUBSCRIPTION,newsletter_subscription,,
I want help cancelling my company newsletter subscription,account_access,ds2_bitext,SUBSCRIPTION,newsletter_subscription,,
I need help unsubscribing from your newsletter,account_access,ds2_bitext,SUBSCRIPTION,newsletter_subscription,,
can ya tell me about signing up to ur newsletter,account_access,ds2_bitext,SUBSCRIPTION,newsletter_subscription,,
i do not know how to unsubscribe from the company newsletter,account_access,ds2_bitext,SUBSCRIPTION,newsletter_subscription,,
I don't know how to unsubscribe from your newsletter,account_access,ds2_bitext,SUBSCRIPTION,newsletter_subscription,,
help me unsubscribing to the newsletter,account_access,ds2_bitext,SUBSCRIPTION,newsletter_subscription,,
cancel the subscription to the corporate newsletter,account_access,ds2_bitext,SUBSCRIPTION,newsletter_subscription,,
I need help to cancel my newsletter subscription,account_access,ds2_bitext,SUBSCRIPTION,newsletter_subscription,,
i cantcancel my subscription to ur company newsletter,account_access,ds2_bitext,SUBSCRIPTION,newsletter_subscription,,
could I cancel my corporate newsletter subscription?,account_access,ds2_bitext,SUBSCRIPTION,newsletter_subscription,,
"I have to receive your corporate newsletter, help me",account_access,ds2_bitext,SUBSCRIPTION,newsletter_subscription,,
I can't sign up to the company newsletter,account_access,ds2_bitext,SUBSCRIPTION,newsletter_subscription,,
wanna know about the subscription to ur company newsletter,account_access,ds2_bitext,SUBSCRIPTION,newsletter_subscription,,
i do not know how i can sign up to ur company newsletter,account_access,ds2_bitext,SUBSCRIPTION,newsletter_subscription,,
I need information about cancel the newsletter subscription,account_access,ds2_bitext,SUBSCRIPTION,newsletter_subscription,,
how can i see the status of my subscription to ur newsletter,account_access,ds2_bitext,SUBSCRIPTION,newsletter_subscription,,
where could I sign up to your fucking company newslettrer?,account_access,ds2_bitext,SUBSCRIPTION,newsletter_subscription,,
"I have to unsubscribe from the newsletter, will you help me?",account_access,ds2_bitext,SUBSCRIPTION,newsletter_subscription,,
where can I receive the corporate newsletter?,account_access,ds2_bitext,SUBSCRIPTION,newsletter_subscription,,
I need to cancel the company newsletter subscription,account_access,ds2_bitext,SUBSCRIPTION,newsletter_subscription,,
can i unsubscribe from ur corporate newsletter,account_access,ds2_bitext,SUBSCRIPTION,newsletter_subscription,,
I want assistance to receive your company newsletter,account_access,ds2_bitext,SUBSCRIPTION,newsletter_subscription,,
assistance to cancel my corporate newsletter subscription,account_access,ds2_bitext,SUBSCRIPTION,newsletter_subscription,,
i do not know how to unsubscribe to ur corporate newsletter,account_access,ds2_bitext,SUBSCRIPTION,newsletter_subscription,,
wanna unsubscribe from ur corporate newsletter how to do it,account_access,ds2_bitext,SUBSCRIPTION,newsletter_subscription,,
could ya help me to cancel my newsletter suscription,account_access,ds2_bitext,SUBSCRIPTION,newsletter_subscription,,
I cannot cancel the subscription to the corporate newsletter,account_access,ds2_bitext,SUBSCRIPTION,newsletter_subscription,,
I want to subscribe to your company newsletter,account_access,ds2_bitext,SUBSCRIPTION,newsletter_subscription,,
i have to receive the corporate newsletter could ya help me,account_access,ds2_bitext,SUBSCRIPTION,newsletter_subscription,,
wanna know about canceling the subscription to ur newsletter,account_access,ds2_bitext,SUBSCRIPTION,newsletter_subscription,,
could you help me receiving the corporate newsletter?,account_access,ds2_bitext,SUBSCRIPTION,newsletter_subscription,,
where to unsubscribe from the fucking corporate newsletter,account_access,ds2_bitext,SUBSCRIPTION,newsletter_subscription,,
i cant unsubscribe to the company newsletter,account_access,ds2_bitext,SUBSCRIPTION,newsletter_subscription,,
how can i subscribe to the corporate newsletter,account_access,ds2_bitext,SUBSCRIPTION,newsletter_subscription,,
can you help me cancel my newsletter subscription?,account_access,ds2_bitext,SUBSCRIPTION,newsletter_subscription,,
I need to unsubscribe from your newsletter,account_access,ds2_bitext,SUBSCRIPTION,newsletter_subscription,,
"I have to cancel my subscription to the newsletter, help me",account_access,ds2_bitext,SUBSCRIPTION,newsletter_subscription,,
how can I unsubscribe from your newsletter?,account_access,ds2_bitext,SUBSCRIPTION,newsletter_subscription,,
need help to cancel the company newslette subscription,account_access,ds2_bitext,SUBSCRIPTION,newsletter_subscription,,
i need information about my company newsletter subscription,account_access,ds2_bitext,SUBSCRIPTION,newsletter_subscription,,
how do i unsubscriobe from ur newsletter,account_access,ds2_bitext,SUBSCRIPTION,newsletter_subscription,,
where can i sign up to ur newsletter,account_access,ds2_bitext,SUBSCRIPTION,newsletter_subscription,,
can i receive the corporate newsletter,account_access,ds2_bitext,SUBSCRIPTION,newsletter_subscription,,
i have got to receive ur corporate newsletter,account_access,ds2_bitext,SUBSCRIPTION,newsletter_subscription,,
ineed assistance receiving ur company newsletter,account_access,ds2_bitext,SUBSCRIPTION,newsletter_subscription,,
need to sign up to the corporate newsletter how can i do it,account_access,ds2_bitext,SUBSCRIPTION,newsletter_subscription,,
I want help subscribing to your newsletter,account_access,ds2_bitext,SUBSCRIPTION,newsletter_subscription,,
help receiving ur corporate newsletter,account_access,ds2_bitext,SUBSCRIPTION,newsletter_subscription,,
want help to cancel my newsletter subscriotion,account_access,ds2_bitext,SUBSCRIPTION,newsletter_subscription,,
I don't know how to unsubscribe from the goddamn newsletter,account_access,ds2_bitext,SUBSCRIPTION,newsletter_subscription,,
wanna nusubscribe from the company newsletter,account_access,ds2_bitext,SUBSCRIPTION,newsletter_subscription,,
need assistance canceling my subscription to ure newsletter,account_access,ds2_bitext,SUBSCRIPTION,newsletter_subscription,,
"I have got to unsubscribe to the newsletter, how do I do it?",account_access,ds2_bitext,SUBSCRIPTION,newsletter_subscription,,
where could I receive your company newsletter?,account_access,ds2_bitext,SUBSCRIPTION,newsletter_subscription,,
I don't know how I can receive the newsletter,account_access,ds2_bitext,SUBSCRIPTION,newsletter_subscription,,
I have got to subscribe to the fucking newsletter,account_access,ds2_bitext,SUBSCRIPTION,newsletter_subscription,,
where can I sign up to the newsletter?,account_access,ds2_bitext,SUBSCRIPTION,newsletter_subscription,,
I want assistance to receive the corporate newsletter,account_access,ds2_bitext,SUBSCRIPTION,newsletter_subscription,,
I need help to see the status of my newsletter subscription,account_access,ds2_bitext,SUBSCRIPTION,newsletter_subscription,,
I am trying to unsubscribe to the newsletter,account_access,ds2_bitext,SUBSCRIPTION,newsletter_subscription,,
help me receiving your company newsletter,account_access,ds2_bitext,SUBSCRIPTION,newsletter_subscription,,
how can i find information about my newsletter subscription,account_access,ds2_bitext,SUBSCRIPTION,newsletter_subscription,,
help me canceling my newsletter subscription,account_access,ds2_bitext,SUBSCRIPTION,newsletter_subscription,,
I want to nkow about subscribing to your company newsletter,account_access,ds2_bitext,SUBSCRIPTION,newsletter_subscription,,
unsubscribe from your corporate newsletter,account_access,ds2_bitext,SUBSCRIPTION,newsletter_subscription,,
i dont know what i need to do to subscribe to ur newsletter,account_access,ds2_bitext,SUBSCRIPTION,newsletter_subscription,,
tell me about cancelling the subscription to your newsletter,account_access,ds2_bitext,SUBSCRIPTION,newsletter_subscription,,
I want help to unsubscribe to your company newsletter,account_access,ds2_bitext,SUBSCRIPTION,newsletter_subscription,,
can uhelp me canceling my subscription to ur newsletter,account_access,ds2_bitext,SUBSCRIPTION,newsletter_subscription,,
can i subscribe to ur corporate newsletter,account_access,ds2_bitext,SUBSCRIPTION,newsletter_subscription,,
"I have got to sign up to the corporate newsletter, help me",account_access,ds2_bitext,SUBSCRIPTION,newsletter_subscription,,
unsubscribe from your company newsletter,account_access,ds2_bitext,SUBSCRIPTION,newsletter_subscription,,
I need to sign up to your company newsletter,account_access,ds2_bitext,SUBSCRIPTION,newsletter_subscription,,
need assistance receiving ur company newsletter,account_access,ds2_bitext,SUBSCRIPTION,newsletter_subscription,,
"I have to receive the newsletter, how could I do it?",account_access,ds2_bitext,SUBSCRIPTION,newsletter_subscription,,
assistance to unsubscribe from your company newsletter,account_access,ds2_bitext,SUBSCRIPTION,newsletter_subscription,,
how can I unsubscribe to the newsletter?,account_access,ds2_bitext,SUBSCRIPTION,newsletter_subscription,,
can I unsubscribe to the corporate newsletter?,account_access,ds2_bitext,SUBSCRIPTION,newsletter_subscription,,
cfan you help me to unsubscribe from the newsletter?,account_access,ds2_bitext,SUBSCRIPTION,newsletter_subscription,,
"I have got to receive the corporate newsletter, I need help",account_access,ds2_bitext,SUBSCRIPTION,newsletter_subscription,,
how can I subscribe to the newsletter?,account_access,ds2_bitext,SUBSCRIPTION,newsletter_subscription,,
what do i have to do to sign up to ur company newslettee,account_access,ds2_bitext,SUBSCRIPTION,newsletter_subscription,,
can you help me unsubscribing from the corporate newsletter?,account_access,ds2_bitext,SUBSCRIPTION,newsletter_subscription,,
help to receive your newsletter,account_access,ds2_bitext,SUBSCRIPTION,newsletter_subscription,,
"I have to receive the corporate newsletter, how to do it?",account_access,ds2_bitext,SUBSCRIPTION,newsletter_subscription,,
I need to cancel my company newsletter subscription,account_access,ds2_bitext,SUBSCRIPTION,newsletter_subscription,,
I cannot sign up to the company newsletter,account_access,ds2_bitext,SUBSCRIPTION,newsletter_subscription,,
I don't know how I can receive the company newsletter,account_access,ds2_bitext,SUBSCRIPTION,newsletter_subscription,,
I am trying to receive your corporate newsletter,account_access,ds2_bitext,SUBSCRIPTION,newsletter_subscription,,
I want to know more about the subscription to the newsletter,account_access,ds2_bitext,SUBSCRIPTION,newsletter_subscription,,
I don't know what I have to do to receive your newsletter,account_access,ds2_bitext,SUBSCRIPTION,newsletter_subscription,,
tell me about subscribing to your newsletter,account_access,ds2_bitext,SUBSCRIPTION,newsletter_subscription,,
give me information about the subscription to ur newsletter,account_access,ds2_bitext,SUBSCRIPTION,newsletter_subscription,,
"I have to receive the newsletter, help me",account_access,ds2_bitext,SUBSCRIPTION,newsletter_subscription,,
I need help signing up to your company newsletter,account_access,ds2_bitext,SUBSCRIPTION,newsletter_subscription,,
I cannot cancel my company newsletter subscription,account_access,ds2_bitext,SUBSCRIPTION,newsletter_subscription,,
I do not know how I can sign up to your newsletter,account_access,ds2_bitext,SUBSCRIPTION,newsletter_subscription,,
I want help unsubscribing to the corporate newsletter,account_access,ds2_bitext,SUBSCRIPTION,newsletter_subscription,,
I need to subscribe to the company newsletter,account_access,ds2_bitext,SUBSCRIPTION,newsletter_subscription,,
I want help unsubscribing to your company newsletter,account_access,ds2_bitext,SUBSCRIPTION,newsletter_subscription,,
can i sign up to the company newsletter,account_access,ds2_bitext,SUBSCRIPTION,newsletter_subscription,,
i cant subscribe to the newsletter,account_access,ds2_bitext,SUBSCRIPTION,newsletter_subscription,,
assistance subscribing to your corporate newsletter,account_access,ds2_bitext,SUBSCRIPTION,newsletter_subscription,,
help to unsubscribe to the company newsletter,account_access,ds2_bitext,SUBSCRIPTION,newsletter_subscription,,
want assistance receiving ur goddamn newsletter,account_access,ds2_bitext,SUBSCRIPTION,newsletter_subscription,,
i want help subscribing to the newsltter,account_access,ds2_bitext,SUBSCRIPTION,newsletter_subscription,,
I want information about cancel my newsletter subscription,account_access,ds2_bitext,SUBSCRIPTION,newsletter_subscription,,
what do I need to do to subscribe to the newsletter?,account_access,ds2_bitext,SUBSCRIPTION,newsletter_subscription,,
i do not know what to do to receive the corporate newsletter,account_access,ds2_bitext,SUBSCRIPTION,newsletter_subscription,,
I need to unsubscribe from the company newsletter,account_access,ds2_bitext,SUBSCRIPTION,newsletter_subscription,,
"I have got to cancel my newsletter subscription, help me",account_access,ds2_bitext,SUBSCRIPTION,newsletter_subscription,,
I need assistance to receive the company newsletter,account_access,ds2_bitext,SUBSCRIPTION,newsletter_subscription,,
want help subscribing to ur companynewsletter,account_access,ds2_bitext,SUBSCRIPTION,newsletter_subscription,,
can I reset the PIN of my user profile?,account_access,ds2_bitext,ACCOUNT,recover_password,,
I can't retrieve my goddamn user access key,account_access,ds2_bitext,ACCOUNT,recover_password,,
i do not know how to recover the pin code of my user profile,account_access,ds2_bitext,ACCOUNT,recover_password,,
I'm trying to retrieve the pas of my user profile,account_access,ds2_bitext,ACCOUNT,recover_password,,
i do not know what i need to do to restore my pin code,account_access,ds2_bitext,ACCOUNT,recover_password,,
what do I have to do to recover my account access key?,account_access,ds2_bitext,ACCOUNT,recover_password,,
what do i have to do to recover my user account key,account_access,ds2_bitext,ACCOUNT,recover_password,,
I do not know what to do to retrieve the PIN of my user,account_access,ds2_bitext,ACCOUNT,recover_password,,
can you help me recover my account PIN code?,account_access,ds2_bitext,ACCOUNT,recover_password,,
where to recover the pass og my user account,account_access,ds2_bitext,ACCOUNT,recover_password,,
is it possible to reset my user account access key?,account_access,ds2_bitext,ACCOUNT,recover_password,,
where can i find information about the pin code recovery,account_access,ds2_bitext,ACCOUNT,recover_password,,
have a question about the lost pass,account_access,ds2_bitext,ACCOUNT,recover_password,,
I need assistance to recover my PIN code,account_access,ds2_bitext,ACCOUNT,recover_password,,
I need helo to recover the password of my user,account_access,ds2_bitext,ACCOUNT,recover_password,,
I need helprestoring my user access key,account_access,ds2_bitext,ACCOUNT,recover_password,,
I need help to retrieve my user PIN code,account_access,ds2_bitext,ACCOUNT,recover_password,,
question about a pass recovery,account_access,ds2_bitext,ACCOUNT,recover_password,,
i need help to recover my usrr account pwd,account_access,ds2_bitext,ACCOUNT,recover_password,,
i have lost my account access key where can i recover it,account_access,ds2_bitext,ACCOUNT,recover_password,,
i want asistance to retrieve my fucking password,account_access,ds2_bitext,ACCOUNT,recover_password,,
can you help me to recover my PIN code?,account_access,ds2_bitext,ACCOUNT,recover_password,,
how do I retrieve the access key of my user account?,account_access,ds2_bitext,ACCOUNT,recover_password,,
I do not know how to retrieve the key of my user,account_access,ds2_bitext,ACCOUNT,recover_password,,
help me restoring my user pin,account_access,ds2_bitext,ACCOUNT,recover_password,,
I have to reset the access key of my profile,account_access,ds2_bitext,ACCOUNT,recover_password,,
I do not know how I can recover my profile access key,account_access,ds2_bitext,ACCOUNT,recover_password,,
I cannot reset my user profile PIN,account_access,ds2_bitext,ACCOUNT,recover_password,,
how can I retrieve the PIN of my profile?,account_access,ds2_bitext,ACCOUNT,recover_password,,
help to retrieve the PIN code of my user profile,account_access,ds2_bitext,ACCOUNT,recover_password,,
I don't know what I need to do to reset my account password,account_access,ds2_bitext,ACCOUNT,recover_password,,
i need help resetting my user profile access key,account_access,ds2_bitext,ACCOUNT,recover_password,,
i awnt help restoring my pass,account_access,ds2_bitext,ACCOUNT,recover_password,,
I do not know what I have to do to reset my user PIN code,account_access,ds2_bitext,ACCOUNT,recover_password,,
"someone has stolen my user account key, help to restore it",account_access,ds2_bitext,ACCOUNT,recover_password,,
I try to retrieve mt account PIN,account_access,ds2_bitext,ACCOUNT,recover_password,,
"someone has stolen my user PIN code , how can I reset it?",account_access,ds2_bitext,ACCOUNT,recover_password,,
I need to retrieve the pass of my user account,account_access,ds2_bitext,ACCOUNT,recover_password,,
i need help to recover my account access key,account_access,ds2_bitext,ACCOUNT,recover_password,,
i cant retrieve my user pwd,account_access,ds2_bitext,ACCOUNT,recover_password,,
"I can't remember my profile key, I need help restoring it",account_access,ds2_bitext,ACCOUNT,recover_password,,
want assistance restoring my profile PIN,account_access,ds2_bitext,ACCOUNT,recover_password,,
where can I reset the access key of my user profile?,account_access,ds2_bitext,ACCOUNT,recover_password,,
i want assistance retrieving the pin of my user account,account_access,ds2_bitext,ACCOUNT,recover_password,,
I have to restore my profile PIN,account_access,ds2_bitext,ACCOUNT,recover_password,,
where could I reset the pass of my user account?,account_access,ds2_bitext,ACCOUNT,recover_password,,
i want help to recver my user account pwd,account_access,ds2_bitext,ACCOUNT,recover_password,,
i have to recover my avcount pin code,account_access,ds2_bitext,ACCOUNT,recover_password,,
I have to retrieve my user PIN code,account_access,ds2_bitext,ACCOUNT,recover_password,,
i dont know how i can recover my user access key,account_access,ds2_bitext,ACCOUNT,recover_password,,
assistance to restore my damn profile access key,account_access,ds2_bitext,ACCOUNT,recover_password,,
I need assistance restoring my PIN,account_access,ds2_bitext,ACCOUNT,recover_password,,
what do i need to do to reset my profile pwd,account_access,ds2_bitext,ACCOUNT,recover_password,,
i dont know how i can retrieve the access key olf my account,account_access,ds2_bitext,ACCOUNT,recover_password,,
i have to retrieve my user account key,account_access,ds2_bitext,ACCOUNT,recover_password,,
can I reset the key of my user profile?,account_access,ds2_bitext,ACCOUNT,recover_password,,
"I can't remember the PIN of my user, help restoring it",account_access,ds2_bitext,ACCOUNT,recover_password,,
I do not know how I could reset the key of my profile,account_access,ds2_bitext,ACCOUNT,recover_password,,
"I lost my user PIN, what do I have to do to reset it?",account_access,ds2_bitext,ACCOUNT,recover_password,,
i dont know what i need to do to restore my profile key,account_access,ds2_bitext,ACCOUNT,recover_password,,
want help to retrieve the key of my prtofile,account_access,ds2_bitext,ACCOUNT,recover_password,,
question about a PIN code reset,account_access,ds2_bitext,ACCOUNT,recover_password,,
I have a question about lost access keys,account_access,ds2_bitext,ACCOUNT,recover_password,,
help me restoring my account key,account_access,ds2_bitext,ACCOUNT,recover_password,,
how can I reset my profile pass?,account_access,ds2_bitext,ACCOUNT,recover_password,,
i lost my profile pass want help to restore it,account_access,ds2_bitext,ACCOUNT,recover_password,,
I need help retrieving my account access key,account_access,ds2_bitext,ACCOUNT,recover_password,,
I need to reset the PIN code of my account,account_access,ds2_bitext,ACCOUNT,recover_password,,
assistance to retrieve the password of my user account,account_access,ds2_bitext,ACCOUNT,recover_password,,
need hepl recovering my user profile PIN,account_access,ds2_bitext,ACCOUNT,recover_password,,
I want assistance restoring the access key of my profile,account_access,ds2_bitext,ACCOUNT,recover_password,,
i do not know how to recover my account pass,account_access,ds2_bitext,ACCOUNT,recover_password,,
i want assistance retrieving my profile pass,account_access,ds2_bitext,ACCOUNT,recover_password,,
how can i recover the pwd of myprofile,account_access,ds2_bitext,ACCOUNT,recover_password,,
I would like to recover the key of my user account,account_access,ds2_bitext,ACCOUNT,recover_password,,
"I forgot my user profile PIN, could I recover it?",account_access,ds2_bitext,ACCOUNT,recover_password,,
have a question about my PIN reset,account_access,ds2_bitext,ACCOUNT,recover_password,,
I do not know how to restore my account PIN code,account_access,ds2_bitext,ACCOUNT,recover_password,,
have a queston about a pin code recovery,account_access,ds2_bitext,ACCOUNT,recover_password,,
want help restoring the pin code of my user account,account_access,ds2_bitext,ACCOUNT,recover_password,,
help me recovering my user profile access key,account_access,ds2_bitext,ACCOUNT,recover_password,,
I don't know what to do to retrieve the PIN code of my user,account_access,ds2_bitext,ACCOUNT,recover_password,,
can you help me restore my profile access key?,account_access,ds2_bitext,ACCOUNT,recover_password,,
what do i have to do to reset the pwd of my user,account_access,ds2_bitext,ACCOUNT,recover_password,,
i want assistance to restore my goddamn account pin,account_access,ds2_bitext,ACCOUNT,recover_password,,
can you help me recover my user account PIN code ?,account_access,ds2_bitext,ACCOUNT,recover_password,,
help me to retrieve my PIN code,account_access,ds2_bitext,ACCOUNT,recover_password,,
can you help me retrieve the PIN code of my account?,account_access,ds2_bitext,ACCOUNT,recover_password,,
I don't know how to retrieve the password of my profile,account_access,ds2_bitext,ACCOUNT,recover_password,,
can you help me to restore my access key?,account_access,ds2_bitext,ACCOUNT,recover_password,,
i have got to reset my account pwd,account_access,ds2_bitext,ACCOUNT,recover_password,,
I want assistance to reset the PIN ocde of my user profile,account_access,ds2_bitext,ACCOUNT,recover_password,,
I can't retrieve my account PIN,account_access,ds2_bitext,ACCOUNT,recover_password,,
what do I have to do to retrieve my key?,account_access,ds2_bitext,ACCOUNT,recover_password,,
I want assistance restoring my profile PIN code,account_access,ds2_bitext,ACCOUNT,recover_password,,
need assistance retrieving tthe password of my user profile,account_access,ds2_bitext,ACCOUNT,recover_password,,
I don't know how I could recover my user profile access key,account_access,ds2_bitext,ACCOUNT,recover_password,,
I need to retrieve my user account PIN code,account_access,ds2_bitext,ACCOUNT,recover_password,,
help me to reset the pass of my user account,account_access,ds2_bitext,ACCOUNT,recover_password,,
question about the pwd recovery,account_access,ds2_bitext,ACCOUNT,recover_password,,
watn assistance recovering my account pass,account_access,ds2_bitext,ACCOUNT,recover_password,,
"I have lost my account PIN code, how do I restore it?",account_access,ds2_bitext,ACCOUNT,recover_password,,
question about the passowrd reset,account_access,ds2_bitext,ACCOUNT,recover_password,,
how could I get information about forgotten passwords?,account_access,ds2_bitext,ACCOUNT,recover_password,,
"I lost my user PIN code, assistance restoring it",account_access,ds2_bitext,ACCOUNT,recover_password,,
help to retrieve my profile PIN code,account_access,ds2_bitext,ACCOUNT,recover_password,,
I am trying to retrieve the access key of my profile,account_access,ds2_bitext,ACCOUNT,recover_password,,
assistance to recover the key of my user profile,account_access,ds2_bitext,ACCOUNT,recover_password,,
"I have lost my user password, where do I retrieve it?",account_access,ds2_bitext,ACCOUNT,recover_password,,
help me retrieve the fucking PIN code of my account,account_access,ds2_bitext,ACCOUNT,recover_password,,
can you give me information about a password retrieval?,account_access,ds2_bitext,ACCOUNT,recover_password,,
I need help to restore my user key,account_access,ds2_bitext,ACCOUNT,recover_password,,
I don't know how to reset the pwd of my user profile,account_access,ds2_bitext,ACCOUNT,recover_password,,
help to retrieve my user account PIN code,account_access,ds2_bitext,ACCOUNT,recover_password,,
find information about my passreset,account_access,ds2_bitext,ACCOUNT,recover_password,,
I do not know how to reset the pass of my profile,account_access,ds2_bitext,ACCOUNT,recover_password,,
have a problem with tge pin code retrieval,account_access,ds2_bitext,ACCOUNT,recover_password,,
help to reset my user account ipn code,account_access,ds2_bitext,ACCOUNT,recover_password,,
I have problems with the key reset,account_access,ds2_bitext,ACCOUNT,recover_password,,
i dont know what to do to restore the pass of my account,account_access,ds2_bitext,ACCOUNT,recover_password,,
i cant recover the key of my user profile,account_access,ds2_bitext,ACCOUNT,recover_password,,
will you give m information about the PIN retrieval?,account_access,ds2_bitext,ACCOUNT,recover_password,,
I need to recover my profile password,account_access,ds2_bitext,ACCOUNT,recover_password,,
help me to restore the key of my user,account_access,ds2_bitext,ACCOUNT,recover_password,,
want help to recover my user profile password,account_access,ds2_bitext,ACCOUNT,recover_password,,
where can I resety my user profile pwd?,account_access,ds2_bitext,ACCOUNT,recover_password,,
find information about lost access key,account_access,ds2_bitext,ACCOUNT,recover_password,,
I need information about an access key retrieval,account_access,ds2_bitext,ACCOUNT,recover_password,,
I want assistance resetting my key,account_access,ds2_bitext,ACCOUNT,recover_password,,
i dont know what to do to recover my account key,account_access,ds2_bitext,ACCOUNT,recover_password,,
I have to retrieve the key of my user,account_access,ds2_bitext,ACCOUNT,recover_password,,
I want help to recover my user profile access key,account_access,ds2_bitext,ACCOUNT,recover_password,,
I cannot retrieve my account key,account_access,ds2_bitext,ACCOUNT,recover_password,,
help me retrieving the password of my user,account_access,ds2_bitext,ACCOUNT,recover_password,,
help to reset my user account pin,account_access,ds2_bitext,ACCOUNT,recover_password,,
i have to reset my pwd can ya hepl me,account_access,ds2_bitext,ACCOUNT,recover_password,,
"I lost the access key of my account, help me reset it",account_access,ds2_bitext,ACCOUNT,recover_password,,
help to restore my user password,account_access,ds2_bitext,ACCOUNT,recover_password,,
where do I retrieve my user password?,account_access,ds2_bitext,ACCOUNT,recover_password,,
will you give me information about my PIN retrieval?,account_access,ds2_bitext,ACCOUNT,recover_password,,
i have problems with my pwd recovery,account_access,ds2_bitext,ACCOUNT,recover_password,,
I want information about my lost password,account_access,ds2_bitext,ACCOUNT,recover_password,,
"I forgot my user password, help me to reset it",account_access,ds2_bitext,ACCOUNT,recover_password,,
I am looking for information about my password reset,account_access,ds2_bitext,ACCOUNT,recover_password,,
can you help me resetting the pwd of my user?,account_access,ds2_bitext,ACCOUNT,recover_password,,
I have to recover the key of my user account,account_access,ds2_bitext,ACCOUNT,recover_password,,
I try to retrieve the PIN code of my account,account_access,ds2_bitext,ACCOUNT,recover_password,,
"I forgot the fucking pass of my account, I need to reset it",account_access,ds2_bitext,ACCOUNT,recover_password,,
I need help to reset my user PIN code,account_access,ds2_bitext,ACCOUNT,recover_password,,
I don't know how to retrieve my user password,account_access,ds2_bitext,ACCOUNT,recover_password,,
i want assistance to restore the access key of my account,account_access,ds2_bitext,ACCOUNT,recover_password,,
I have to restore my user account key,account_access,ds2_bitext,ACCOUNT,recover_password,,
I have got to restore my password,account_access,ds2_bitext,ACCOUNT,recover_password,,
want assistance to recover my profile pass,account_access,ds2_bitext,ACCOUNT,recover_password,,
i have to retrieve the key of my user how do i do it,account_access,ds2_bitext,ACCOUNT,recover_password,,
I do not know how to restore my user PIN code,account_access,ds2_bitext,ACCOUNT,recover_password,,
can you help me to retrieve my user profile key?,account_access,ds2_bitext,ACCOUNT,recover_password,,
can you help me restore my profile pass ?,account_access,ds2_bitext,ACCOUNT,recover_password,,
I need information abvout lost passwords,account_access,ds2_bitext,ACCOUNT,recover_password,,
i need help to reset my account password,account_access,ds2_bitext,ACCOUNT,recover_password,,
can you help me resetting my user account key?,account_access,ds2_bitext,ACCOUNT,recover_password,,
how do I restore my user profile pass?,account_access,ds2_bitext,ACCOUNT,recover_password,,
can you help me recover my user profile password?,account_access,ds2_bitext,ACCOUNT,recover_password,,
how to reset my user account key?,account_access,ds2_bitext,ACCOUNT,recover_password,,
how do i recover the pin code of my user account,account_access,ds2_bitext,ACCOUNT,recover_password,,
want assistance retrieving my user account PIN,account_access,ds2_bitext,ACCOUNT,recover_password,,
I don't know what I need to do to restore my PIN,account_access,ds2_bitext,ACCOUNT,recover_password,,
"someone stole my profile PIN code, could I restore it?",account_access,ds2_bitext,ACCOUNT,recover_password,,
I do not know how I can restore the PIN code of my profile,account_access,ds2_bitext,ACCOUNT,recover_password,,
where do I restore my user pass?,account_access,ds2_bitext,ACCOUNT,recover_password,,
"someone stole my user key, help me retrieving it",account_access,ds2_bitext,ACCOUNT,recover_password,,
help me to reset my profile pwd,account_access,ds2_bitext,ACCOUNT,recover_password,,
I try to restore my user profile PIN,account_access,ds2_bitext,ACCOUNT,recover_password,,
I want to retrieve my fucking user profile access key,account_access,ds2_bitext,ACCOUNT,recover_password,,
could you help me retrieving my profile password?,account_access,ds2_bitext,ACCOUNT,recover_password,,
how to restore the key of my profile,account_access,ds2_bitext,ACCOUNT,recover_password,,
i want heop to recover my pass,account_access,ds2_bitext,ACCOUNT,recover_password,,
where to restore my account key?,account_access,ds2_bitext,ACCOUNT,recover_password,,
is it possible to retrieve my account PIN?,account_access,ds2_bitext,ACCOUNT,recover_password,,
I want to retrieve my user account key,account_access,ds2_bitext,ACCOUNT,recover_password,,
I need assistance to reset my user profile key,account_access,ds2_bitext,ACCOUNT,recover_password,,
"I lost my access key, help me retrieving it",account_access,ds2_bitext,ACCOUNT,recover_password,,
i dont know how to resetthe damn pwd of my user account,account_access,ds2_bitext,ACCOUNT,recover_password,,
help me to restore the access key of my user profile,account_access,ds2_bitext,ACCOUNT,recover_password,,
what do i have to do to restore the pwd of my user account,account_access,ds2_bitext,ACCOUNT,recover_password,,
assistance restoring the goddamn PIN code of my user account,account_access,ds2_bitext,ACCOUNT,recover_password,,
where to reset the key of my user profile,account_access,ds2_bitext,ACCOUNT,recover_password,,
I want help recovering my PIN code,account_access,ds2_bitext,ACCOUNT,recover_password,,
could I recover my key?,account_access,ds2_bitext,ACCOUNT,recover_password,,
prolblems with my pwd retrieval,account_access,ds2_bitext,ACCOUNT,recover_password,,
I want information about a forgotten PIN code,account_access,ds2_bitext,ACCOUNT,recover_password,,
I need assistance recovering my account access key,account_access,ds2_bitext,ACCOUNT,recover_password,,
is it possible to restore my profile key?,account_access,ds2_bitext,ACCOUNT,recover_password,,
help me retrieve my user account PIN,account_access,ds2_bitext,ACCOUNT,recover_password,,
csn ya help me reset the password of my account,account_access,ds2_bitext,ACCOUNT,recover_password,,
"I can't remember my bloody user key, how to reset it?",account_access,ds2_bitext,ACCOUNT,recover_password,,
"someone stole my PIN, I want assistance to restore it",account_access,ds2_bitext,ACCOUNT,recover_password,,
how could I reset the PIN of my account?,account_access,ds2_bitext,ACCOUNT,recover_password,,
could you help me resetting my key ?,account_access,ds2_bitext,ACCOUNT,recover_password,,
where do I retrieve my profile pwd?,account_access,ds2_bitext,ACCOUNT,recover_password,,
is it possible to reset my user account key?,account_access,ds2_bitext,ACCOUNT,recover_password,,
can I restore my password?,account_access,ds2_bitext,ACCOUNT,recover_password,,
"I have lost the key of my account, I want to reset it",account_access,ds2_bitext,ACCOUNT,recover_password,,
I need information about a key recovery,account_access,ds2_bitext,ACCOUNT,recover_password,,
I want ot retrieve the access key of my user account,account_access,ds2_bitext,ACCOUNT,recover_password,,
I don't know how I can reset my accont pwd,account_access,ds2_bitext,ACCOUNT,recover_password,,
can ya help me recovering my userprofile pass,account_access,ds2_bitext,ACCOUNT,recover_password,,
is it possible to restore my user PIN?,account_access,ds2_bitext,ACCOUNT,recover_password,,
need to reset the password of my user account,account_access,ds2_bitext,ACCOUNT,recover_password,,
can uhelp me retrieving my user password,account_access,ds2_bitext,ACCOUNT,recover_password,,
can you give me information about the PIN code reset?,account_access,ds2_bitext,ACCOUNT,recover_password,,
I want help resetting the PIN code of my user profile,account_access,ds2_bitext,ACCOUNT,recover_password,,
I need assistance resetting the PIN of my profile,account_access,ds2_bitext,ACCOUNT,recover_password,,
would it be possible to retrieve my profile access key?,account_access,ds2_bitext,ACCOUNT,recover_password,,
where do i retrieve my user acount key,account_access,ds2_bitext,ACCOUNT,recover_password,,
help me to restore the password of my user account,account_access,ds2_bitext,ACCOUNT,recover_password,,
where do I retrieve my user access key?,account_access,ds2_bitext,ACCOUNT,recover_password,,
i have a question about the forgotten pin code,account_access,ds2_bitext,ACCOUNT,recover_password,,
I need help retrieving the PIN of my user profile,account_access,ds2_bitext,ACCOUNT,recover_password,,
want help to retrieve my user account key,account_access,ds2_bitext,ACCOUNT,recover_password,,
I can't reset my account access key,account_access,ds2_bitext,ACCOUNT,recover_password,,
need help retrieving my profile pin,account_access,ds2_bitext,ACCOUNT,recover_password,,
help to reset my account PIN,account_access,ds2_bitext,ACCOUNT,recover_password,,
assistance to restore the PIN of my account,account_access,ds2_bitext,ACCOUNT,recover_password,,
I would like information about an access key retrieval,account_access,ds2_bitext,ACCOUNT,recover_password,,
can I restore my access key?,account_access,ds2_bitext,ACCOUNT,recover_password,,
where to recover the key of my profile?,account_access,ds2_bitext,ACCOUNT,recover_password,,
where do I reset the password fo my user profile?,account_access,ds2_bitext,ACCOUNT,recover_password,,
i dont know how to restore the pin of myuser account,account_access,ds2_bitext,ACCOUNT,recover_password,,
help me reset my profile key,account_access,ds2_bitext,ACCOUNT,recover_password,,
"I forgot the bloody key of my account, where to retrieve it?",account_access,ds2_bitext,ACCOUNT,recover_password,,
is it possible to recover my account pwd,account_access,ds2_bitext,ACCOUNT,recover_password,,
"I have lost my password, oculd you help me to recover it?",account_access,ds2_bitext,ACCOUNT,recover_password,,
I don't know how to retrieve my goddamn user PIN code,account_access,ds2_bitext,ACCOUNT,recover_password,,
I am oloking for information about the pass reset,account_access,ds2_bitext,ACCOUNT,recover_password,,
I donot know how to recover my pwd,account_access,ds2_bitext,ACCOUNT,recover_password,,
what do I need to do to restore my user account access key ?,account_access,ds2_bitext,ACCOUNT,recover_password,,
I need to reocver my pass,account_access,ds2_bitext,ACCOUNT,recover_password,,
I want to restore my user profkle pwd,account_access,ds2_bitext,ACCOUNT,recover_password,,
I do not know what to do to reset the key of my user profile,account_access,ds2_bitext,ACCOUNT,recover_password,,
can uhelp me retrieving my account pin,account_access,ds2_bitext,ACCOUNT,recover_password,,
I do not know what I need to do to recover my account PIN,account_access,ds2_bitext,ACCOUNT,recover_password,,
help me reset my PIN,account_access,ds2_bitext,ACCOUNT,recover_password,,
wany help to reset the access key of my account,account_access,ds2_bitext,ACCOUNT,recover_password,,
I need assistance to restore the password of my profile,account_access,ds2_bitext,ACCOUNT,recover_password,,
i have problems with the pin reset,account_access,ds2_bitext,ACCOUNT,recover_password,,
ineed help to restore the access key of my account,account_access,ds2_bitext,ACCOUNT,recover_password,,
where do I retrieve the key of my user profile?,account_access,ds2_bitext,ACCOUNT,recover_password,,
where do I restore my PIN code?,account_access,ds2_bitext,ACCOUNT,recover_password,,
I don't know how I could restore my user key,account_access,ds2_bitext,ACCOUNT,recover_password,,
assistance recovering my user account PIN,account_access,ds2_bitext,ACCOUNT,recover_password,,
i want information about my access key recovery,account_access,ds2_bitext,ACCOUNT,recover_password,,
"I have got to restore the PIN of my user, how to do it?",account_access,ds2_bitext,ACCOUNT,recover_password,,
where can I get information about my lost PIN code?,account_access,ds2_bitext,ACCOUNT,recover_password,,
how acn i get information about forgotten access keys,account_access,ds2_bitext,ACCOUNT,recover_password,,
"I cannot remember my damn profile key, how to restore it?",account_access,ds2_bitext,ACCOUNT,recover_password,,
i dont know what to do to restore my profile password,account_access,ds2_bitext,ACCOUNT,recover_password,,
I don't know how I can reset my user PIN code,account_access,ds2_bitext,ACCOUNT,recover_password,,
I want help to restore my user account access key,account_access,ds2_bitext,ACCOUNT,recover_password,,
I don't know what I need to do to reset my account password,account_access,ds2_bitext,ACCOUNT,recover_password,,
I want assistance to reset my pwd,account_access,ds2_bitext,ACCOUNT,recover_password,,
I have got to retrieve my PIN code,account_access,ds2_bitext,ACCOUNT,recover_password,,
I have gotto retrieve my user pwd,account_access,ds2_bitext,ACCOUNT,recover_password,,
where do I recover the access key of my user account?,account_access,ds2_bitext,ACCOUNT,recover_password,,
I need assistance retrieving the access key of my account,account_access,ds2_bitext,ACCOUNT,recover_password,,
need assistance to restore the pin of my profile,account_access,ds2_bitext,ACCOUNT,recover_password,,
want help retrieving the pwd of my user account,account_access,ds2_bitext,ACCOUNT,recover_password,,
"I have forgotten my PIN, could I reset it?",account_access,ds2_bitext,ACCOUNT,recover_password,,
can you help me to recober the PIN of my account?,account_access,ds2_bitext,ACCOUNT,recover_password,,
I have a question about a lost PIN code,account_access,ds2_bitext,ACCOUNT,recover_password,,
help me resetting my user PIN,account_access,ds2_bitext,ACCOUNT,recover_password,,
can uhelp me to retrieve the pass of my account,account_access,ds2_bitext,ACCOUNT,recover_password,,
I need help retrieving my goddamn account password,account_access,ds2_bitext,ACCOUNT,recover_password,,
"someoe stole my account PIN code, where could I retrieve it?",account_access,ds2_bitext,ACCOUNT,recover_password,,
I waant help resetting my user profile pwd,account_access,ds2_bitext,ACCOUNT,recover_password,,
where can I get information about the forgotten PIN code?,account_access,ds2_bitext,ACCOUNT,recover_password,,
have a problem with a forgotten password,account_access,ds2_bitext,ACCOUNT,recover_password,,
is it possible to reset the keyof my user account,account_access,ds2_bitext,ACCOUNT,recover_password,,
have a question about my pin code recovery,account_access,ds2_bitext,ACCOUNT,recover_password,,
"I can't remember the PIN of my account, how do I reset it?",account_access,ds2_bitext,ACCOUNT,recover_password,,
where do I recover the PIN of my account?,account_access,ds2_bitext,ACCOUNT,recover_password,,
how to recove the pin of my profile,account_access,ds2_bitext,ACCOUNT,recover_password,,
i dont know what to do to reset my account key,account_access,ds2_bitext,ACCOUNT,recover_password,,
can you help me to retrieve the PIN of my user account?,account_access,ds2_bitext,ACCOUNT,recover_password,,
where can I find information about a password retrieval?,account_access,ds2_bitext,ACCOUNT,recover_password,,
"I cannot remember my account PIN, I haved to reset it",account_access,ds2_bitext,ACCOUNT,recover_password,,
"I want to restore my profile PIN code, I need help",account_access,ds2_bitext,ACCOUNT,recover_password,,
could I reset my account PIN?,account_access,ds2_bitext,ACCOUNT,recover_password,,
"I have lost my user account password, how can I reset it?",account_access,ds2_bitext,ACCOUNT,recover_password,,
I have a problem with my PIN ertrieval,account_access,ds2_bitext,ACCOUNT,recover_password,,
where can i find information about a lost pwd,account_access,ds2_bitext,ACCOUNT,recover_password,,
i dont know how i could reset the pin of my profile,account_access,ds2_bitext,ACCOUNT,recover_password,,
i need assistance restorng the key of my profile,account_access,ds2_bitext,ACCOUNT,recover_password,,
I need assistance to recover the key of my user account,account_access,ds2_bitext,ACCOUNT,recover_password,,
i need assistance to reset the pin code of my account,account_access,ds2_bitext,ACCOUNT,recover_password,,
assistance to recover my user profile access key,account_access,ds2_bitext,ACCOUNT,recover_password,,
"I forgot my user account access key, help me recover it",account_access,ds2_bitext,ACCOUNT,recover_password,,
need assistance recovering the PIN of my account,account_access,ds2_bitext,ACCOUNT,recover_password,,
"I cannot remember my PIN, help me recovering it",account_access,ds2_bitext,ACCOUNT,recover_password,,
si it possible to reset my user account access key,account_access,ds2_bitext,ACCOUNT,recover_password,,
how can i find information about my access key recovery,account_access,ds2_bitext,ACCOUNT,recover_password,,
"someone stole my profile PIN, how can I reset it?",account_access,ds2_bitext,ACCOUNT,recover_password,,
where to recover the PIN of my user?,account_access,ds2_bitext,ACCOUNT,recover_password,,
I need assistance reecovering my profile PIN code,account_access,ds2_bitext,ACCOUNT,recover_password,,
i have got to reset the pwd of my user,account_access,ds2_bitext,ACCOUNT,recover_password,,
I need help resetting the keyof my user profile,account_access,ds2_bitext,ACCOUNT,recover_password,,
want assistance to retrieve the PIN code of my user account,account_access,ds2_bitext,ACCOUNT,recover_password,,
I need assistance to reset my user profile password,account_access,ds2_bitext,ACCOUNT,recover_password,,
I can't retrieve my key,account_access,ds2_bitext,ACCOUNT,recover_password,,
I do not know how to reset my profile key,account_access,ds2_bitext,ACCOUNT,recover_password,,
i do not know how i can recover my user pin,account_access,ds2_bitext,ACCOUNT,recover_password,,
help recovering thr PIN of my profile,account_access,ds2_bitext,ACCOUNT,recover_password,,
"I forgot the PIN of my user, I need help to retrieve it",account_access,ds2_bitext,ACCOUNT,recover_password,,
find information about a PIN code reset,account_access,ds2_bitext,ACCOUNT,recover_password,,
is it possible to retrieve the pin code of my account,account_access,ds2_bitext,ACCOUNT,recover_password,,
question about the lost password,account_access,ds2_bitext,ACCOUNT,recover_password,,
question about a lost PIN,account_access,ds2_bitext,ACCOUNT,recover_password,,
information about a PIN recovery,account_access,ds2_bitext,ACCOUNT,recover_password,,
I want assistance to restore my user access key,account_access,ds2_bitext,ACCOUNT,recover_password,,
I need assistance retrieving the PIN of my account,account_access,ds2_bitext,ACCOUNT,recover_password,,
i need assistance restoring the key of my profile,account_access,ds2_bitext,ACCOUNT,recover_password,,
can you help me retrieve the access key of my user account?,account_access,ds2_bitext,ACCOUNT,recover_password,,
can you help me to retrieve my account pwd?,account_access,ds2_bitext,ACCOUNT,recover_password,,
what do I have to do to restore my account key?,account_access,ds2_bitext,ACCOUNT,recover_password,,
i ned help to reset the pin of my profile,account_access,ds2_bitext,ACCOUNT,recover_password,,
I do not know how to recover the PIN code of my user account,account_access,ds2_bitext,ACCOUNT,recover_password,,
want help restoring the pin code of my user,account_access,ds2_bitext,ACCOUNT,recover_password,,
i need help to retrieve my user pin code,account_access,ds2_bitext,ACCOUNT,recover_password,,
problems with my pass reset,account_access,ds2_bitext,ACCOUNT,recover_password,,
I need assistance to recover my user profile PIN code,account_access,ds2_bitext,ACCOUNT,recover_password,,
I need to reset the password of my user profile,account_access,ds2_bitext,ACCOUNT,recover_password,,
I don't know what to do to reset my access key,account_access,ds2_bitext,ACCOUNT,recover_password,,
I want to retrieve the pw of my user account,account_access,ds2_bitext,ACCOUNT,recover_password,,
I have to reset my user profile key,account_access,ds2_bitext,ACCOUNT,recover_password,,
can you help me resetting my user profile PIN?,account_access,ds2_bitext,ACCOUNT,recover_password,,
assistance retrieving the access key of my user account,account_access,ds2_bitext,ACCOUNT,recover_password,,
I need to recover my account PIN,account_access,ds2_bitext,ACCOUNT,recover_password,,
I'm trying to find information about my pin recovery,account_access,ds2_bitext,ACCOUNT,recover_password,,
I want to restore the key of my account,account_access,ds2_bitext,ACCOUNT,recover_password,,
can you help me to retrieve the access key of my user?,account_access,ds2_bitext,ACCOUNT,recover_password,,
I want assistance to reset the PIN of my profile,account_access,ds2_bitext,ACCOUNT,recover_password,,
help me recovering the password of my account,account_access,ds2_bitext,ACCOUNT,recover_password,,
how to restore my profile access key?,account_access,ds2_bitext,ACCOUNT,recover_password,,
help me to retrieve the pwd of my account,account_access,ds2_bitext,ACCOUNT,recover_password,,
can you help me retrieving my user profile password?,account_access,ds2_bitext,ACCOUNT,recover_password,,
I can't recover my user account access key,account_access,ds2_bitext,ACCOUNT,recover_password,,
"someone stole my PIN code, assistance restoring it",account_access,ds2_bitext,ACCOUNT,recover_password,,
"I want to recover my user profile key, can you help me?",account_access,ds2_bitext,ACCOUNT,recover_password,,
"I have lost my profile access key, where can I recover it?",account_access,ds2_bitext,ACCOUNT,recover_password,,
I do not know how I can restore the apss of my user profile,account_access,ds2_bitext,ACCOUNT,recover_password,,
help me reset my user pwd,account_access,ds2_bitext,ACCOUNT,recover_password,,
help recovering my profile access key,account_access,ds2_bitext,ACCOUNT,recover_password,,
what do I have to do to restore the key of my user profile?,account_access,ds2_bitext,ACCOUNT,recover_password,,
I want help to recover the PIN of my user profile,account_access,ds2_bitext,ACCOUNT,recover_password,,
I am trying to find information about my lost access key,account_access,ds2_bitext,ACCOUNT,recover_password,,
what do I have to do to recover my user PIN?,account_access,ds2_bitext,ACCOUNT,recover_password,,
"I forgot the PIN of my profile, can I retrieve it?",account_access,ds2_bitext,ACCOUNT,recover_password,,
"I have forgotten my user profile pwd, where to reset it?",account_access,ds2_bitext,ACCOUNT,recover_password,,
I don't know what to do to recover my account key,account_access,ds2_bitext,ACCOUNT,recover_password,,
I'm trying to retrieve the password of my profile,account_access,ds2_bitext,ACCOUNT,recover_password,,
can you help me resetting the access key of my account?,account_access,ds2_bitext,ACCOUNT,recover_password,,
I do not know how to reset my user password,account_access,ds2_bitext,ACCOUNT,recover_password,,
I do not know how to reset my goddamn user account PIN code,account_access,ds2_bitext,ACCOUNT,recover_password,,
I don't know what to do to restore my user profikle PIN,account_access,ds2_bitext,ACCOUNT,recover_password,,
"I cannot remember my user key, I want to reset it",account_access,ds2_bitext,ACCOUNT,recover_password,,
i dont know how to recover my user account access key,account_access,ds2_bitext,ACCOUNT,recover_password,,
I need to retrieve my PIN,account_access,ds2_bitext,ACCOUNT,recover_password,,
"I have lost my account access key, I need help to reset it",account_access,ds2_bitext,ACCOUNT,recover_password,,
how can I find informnation about a key retrieval?,account_access,ds2_bitext,ACCOUNT,recover_password,,
want assistance retrieving the password of my user,account_access,ds2_bitext,ACCOUNT,recover_password,,
i want information about my password retrieval,account_access,ds2_bitext,ACCOUNT,recover_password,,
help me reset my use pin,account_access,ds2_bitext,ACCOUNT,recover_password,,
I'm trying to recover the pwd of my use,account_access,ds2_bitext,ACCOUNT,recover_password,,
information about a pwd recovery,account_access,ds2_bitext,ACCOUNT,recover_password,,
I want help restoring my PIN code,account_access,ds2_bitext,ACCOUNT,recover_password,,
i want assistance to restore my user account key,account_access,ds2_bitext,ACCOUNT,recover_password,,
where do I reset my user key?,account_access,ds2_bitext,ACCOUNT,recover_password,,
"I need to retrieve my user PIN, could you help me?",account_access,ds2_bitext,ACCOUNT,recover_password,,
i do not know what to do to retrieve my profile access key,account_access,ds2_bitext,ACCOUNT,recover_password,,
could I retrieve the access key of my profile?,account_access,ds2_bitext,ACCOUNT,recover_password,,
where do I restore my pass?,account_access,ds2_bitext,ACCOUNT,recover_password,,
how do I reset the PIN of my user?,account_access,ds2_bitext,ACCOUNT,recover_password,,
I don't know what I have to do to reset the pass of my user,account_access,ds2_bitext,ACCOUNT,recover_password,,
isit possible to recover my user pin code,account_access,ds2_bitext,ACCOUNT,recover_password,,
need to retrioeve my pin,account_access,ds2_bitext,ACCOUNT,recover_password,,
find information about the lost access key,account_access,ds2_bitext,ACCOUNT,recover_password,,
problem with my forgotten pin,account_access,ds2_bitext,ACCOUNT,recover_password,,
is it possible to reset my pass,account_access,ds2_bitext,ACCOUNT,recover_password,,
where do I restore the password of my user profile?,account_access,ds2_bitext,ACCOUNT,recover_password,,
helpme resetting the pass of my profile,account_access,ds2_bitext,ACCOUNT,recover_password,,
I am trying to retrieve the password of my account,account_access,ds2_bitext,ACCOUNT,recover_password,,
need to restore my user profile pass,account_access,ds2_bitext,ACCOUNT,recover_password,,
information about a forgotten access key,account_access,ds2_bitext,ACCOUNT,recover_password,,
i need information about the pwd retrieval,account_access,ds2_bitext,ACCOUNT,recover_password,,
reset the key of my profile,account_access,ds2_bitext,ACCOUNT,recover_password,,
need assistance resetting my account pin code,account_access,ds2_bitext,ACCOUNT,recover_password,,
wherer to restore the pwd of my user profile,account_access,ds2_bitext,ACCOUNT,recover_password,,
I need help recovering my user key,account_access,ds2_bitext,ACCOUNT,recover_password,,
I don't know how I can restore my user access key,account_access,ds2_bitext,ACCOUNT,recover_password,,
I have to reset the key of my user,account_access,ds2_bitext,ACCOUNT,recover_password,,
help to restore my access key,account_access,ds2_bitext,ACCOUNT,recover_password,,
I want to retrieve my user account PIN,account_access,ds2_bitext,ACCOUNT,recover_password,,
i try to recover my account pass,account_access,ds2_bitext,ACCOUNT,recover_password,,
i have to reset my user account pwd how cn i do it,account_access,ds2_bitext,ACCOUNT,recover_password,,
I am trying to restore my user profile key,account_access,ds2_bitext,ACCOUNT,recover_password,,
"someone has stolen my PIN code, how could I retrieve it?",account_access,ds2_bitext,ACCOUNT,recover_password,,
how do i restore my account passwodr,account_access,ds2_bitext,ACCOUNT,recover_password,,
I want help to reset the password of my user,account_access,ds2_bitext,ACCOUNT,recover_password,,
help me retrieving my user profile PIN,account_access,ds2_bitext,ACCOUNT,recover_password,,
how too recover the key of my user account,account_access,ds2_bitext,ACCOUNT,recover_password,,
i have an problem with the pass recovery,account_access,ds2_bitext,ACCOUNT,recover_password,,
I cannot recover my user PIN,account_access,ds2_bitext,ACCOUNT,recover_password,,
problem with an access key reset,account_access,ds2_bitext,ACCOUNT,recover_password,,
I cannot recover my account PIN code,account_access,ds2_bitext,ACCOUNT,recover_password,,
I am trying to restore the pwd of my user profile,account_access,ds2_bitext,ACCOUNT,recover_password,,
help me retrieve the key of my account,account_access,ds2_bitext,ACCOUNT,recover_password,,
assistance to reset my password,account_access,ds2_bitext,ACCOUNT,recover_password,,
"I lost my PIN code, I want assistance retrieving it",account_access,ds2_bitext,ACCOUNT,recover_password,,
i have got to retrieve the pass of my user prodile,account_access,ds2_bitext,ACCOUNT,recover_password,,
assistance resetting the key of my user account,account_access,ds2_bitext,ACCOUNT,recover_password,,
I want help to recover my damn user profile key,account_access,ds2_bitext,ACCOUNT,recover_password,,
I want help recovering the key of my profile,account_access,ds2_bitext,ACCOUNT,recover_password,,
question about my lost access key,account_access,ds2_bitext,ACCOUNT,recover_password,,
need help to retrieve my profile pin,account_access,ds2_bitext,ACCOUNT,recover_password,,
i have problesm with my forgotten pwd,account_access,ds2_bitext,ACCOUNT,recover_password,,
want assistance to retrieve the pin code of my user profile,account_access,ds2_bitext,ACCOUNT,recover_password,,
need help retrieving my user account pin code,account_access,ds2_bitext,ACCOUNT,recover_password,,
i have a probelm with the password retrieval,account_access,ds2_bitext,ACCOUNT,recover_password,,
have a problem with my kiey reset,account_access,ds2_bitext,ACCOUNT,recover_password,,
I need assistance recovering the PIN code of my account,account_access,ds2_bitext,ACCOUNT,recover_password,,
i have to reset the pin code of my profile,account_access,ds2_bitext,ACCOUNT,recover_password,,
i need help to reset the pass of my account,account_access,ds2_bitext,ACCOUNT,recover_password,,
can I restore my user pwd?,account_access,ds2_bitext,ACCOUNT,recover_password,,
can ya help me retrieving my user pin code,account_access,ds2_bitext,ACCOUNT,recover_password,,
I need help retrieving the access key of my account,account_access,ds2_bitext,ACCOUNT,recover_password,,
can you help me to retrieve the password of my account?,account_access,ds2_bitext,ACCOUNT,recover_password,,
I would like information about the lost PIN,account_access,ds2_bitext,ACCOUNT,recover_password,,
I want assistance to retrieve my profile PIN code,account_access,ds2_bitext,ACCOUNT,recover_password,,
want assistance to retrieve the PIN of my account,account_access,ds2_bitext,ACCOUNT,recover_password,,
can uhelp me to restore the access key ofmy account,account_access,ds2_bitext,ACCOUNT,recover_password,,
question about the pin reset,account_access,ds2_bitext,ACCOUNT,recover_password,,
need assistance to restore my user account PIN code,account_access,ds2_bitext,ACCOUNT,recover_password,,
what do I have to do to restore my user account pwd?,account_access,ds2_bitext,ACCOUNT,recover_password,,
i dont kow how to retrieve my profile key,account_access,ds2_bitext,ACCOUNT,recover_password,,
I don't know what I have to do to reset the PIN of my user,account_access,ds2_bitext,ACCOUNT,recover_password,,
I want to retrieve the password of my user account,account_access,ds2_bitext,ACCOUNT,recover_password,,
where do I restore the password of my account?,account_access,ds2_bitext,ACCOUNT,recover_password,,
I want assistance to retrieve my access key,account_access,ds2_bitext,ACCOUNT,recover_password,,
I want to retrieve my key,account_access,ds2_bitext,ACCOUNT,recover_password,,
help me to retrieve the PIN of my user profile,account_access,ds2_bitext,ACCOUNT,recover_password,,
where can i find information about a pwd reset,account_access,ds2_bitext,ACCOUNT,recover_password,,
can I reset m user pass?,account_access,ds2_bitext,ACCOUNT,recover_password,,
"I lost my account PIN code, assistance to reset it",account_access,ds2_bitext,ACCOUNT,recover_password,,
I need help retrieving my user pwd,account_access,ds2_bitext,ACCOUNT,recover_password,,
I want help resetting my profile access key,account_access,ds2_bitext,ACCOUNT,recover_password,,
"I want to reset the bloody key of my user, will you help me?",account_access,ds2_bitext,ACCOUNT,recover_password,,
i dont know how to recover the key of my user,account_access,ds2_bitext,ACCOUNT,recover_password,,
i want help retrieving the pin code of my user profile,account_access,ds2_bitext,ACCOUNT,recover_password,,
where do i restore the password ofmy account,account_access,ds2_bitext,ACCOUNT,recover_password,,
want help to restore my pwd,account_access,ds2_bitext,ACCOUNT,recover_password,,
i have got to restore my user pwd,account_access,ds2_bitext,ACCOUNT,recover_password,,
problems with a PIN reset,account_access,ds2_bitext,ACCOUNT,recover_password,,
I can't retrieve my user account key,account_access,ds2_bitext,ACCOUNT,recover_password,,
I do not know what to do to retrieve the key of my profile,account_access,ds2_bitext,ACCOUNT,recover_password,,
can uhelp me resetting the access key of my user profile,account_access,ds2_bitext,ACCOUNT,recover_password,,
someone stole my user pass i want assistance to recover it,account_access,ds2_bitext,ACCOUNT,recover_password,,
I want assistance retrieving the password of my account,account_access,ds2_bitext,ACCOUNT,recover_password,,
have problems with my pin retrieval,account_access,ds2_bitext,ACCOUNT,recover_password,,
assistance recovering the access key of my user profile,account_access,ds2_bitext,ACCOUNT,recover_password,,
help retrieving the password of my account,account_access,ds2_bitext,ACCOUNT,recover_password,,
i dont know what to do to recover the pwd of my profile,account_access,ds2_bitext,ACCOUNT,recover_password,,
"I lost my password, I need help recovering it",account_access,ds2_bitext,ACCOUNT,recover_password,,
wluld you give me information about the key retrieval?,account_access,ds2_bitext,ACCOUNT,recover_password,,
i need help restoreing the pin of my user profile,account_access,ds2_bitext,ACCOUNT,recover_password,,
i need assistance restoring the pass of my profile,account_access,ds2_bitext,ACCOUNT,recover_password,,
i olst my pin code can ya help me retrieve it,account_access,ds2_bitext,ACCOUNT,recover_password,,
I try to restore the access key of my account,account_access,ds2_bitext,ACCOUNT,recover_password,,
I'm trying to rset the pwd of my user profile,account_access,ds2_bitext,ACCOUNT,recover_password,,
I have got to rfetrieve the key of my account,account_access,ds2_bitext,ACCOUNT,recover_password,,
I need sasistance recovering the PIN of my profile,account_access,ds2_bitext,ACCOUNT,recover_password,,
i need help restoring myt user profile pin code,account_access,ds2_bitext,ACCOUNT,recover_password,,
I need assistance to reset the pass of my profile,account_access,ds2_bitext,ACCOUNT,recover_password,,
I cannot reset my profile PIN,account_access,ds2_bitext,ACCOUNT,recover_password,,
how to reset my profile pin,account_access,ds2_bitext,ACCOUNT,recover_password,,
I need assistance to retrieve the password of my account,account_access,ds2_bitext,ACCOUNT,recover_password,,
give me infrmation about my access key retrieval,account_access,ds2_bitext,ACCOUNT,recover_password,,
I am trying to retrieve the PIN of my user profile,account_access,ds2_bitext,ACCOUNT,recover_password,,
assistance to retrieve the key of my account,account_access,ds2_bitext,ACCOUNT,recover_password,,
is it possible to reset my account PIN code?,account_access,ds2_bitext,ACCOUNT,recover_password,,
help retrieving my account key,account_access,ds2_bitext,ACCOUNT,recover_password,,
I want help to reset my bloody password,account_access,ds2_bitext,ACCOUNT,recover_password,,
I hav a question about a password recovery,account_access,ds2_bitext,ACCOUNT,recover_password,,
help resetting the pin coder of my profile,account_access,ds2_bitext,ACCOUNT,recover_password,,
need assistance to recover my account pass,account_access,ds2_bitext,ACCOUNT,recover_password,,
need assistance to retrieve the pwd of my user,account_access,ds2_bitext,ACCOUNT,recover_password,,
I can't retrieve the password of my user account,account_access,ds2_bitext,ACCOUNT,recover_password,,
I am trying to find information about my access key recovery,account_access,ds2_bitext,ACCOUNT,recover_password,,
can you help me to retrieve the pwd of my profile ?,account_access,ds2_bitext,ACCOUNT,recover_password,,
could you help me retrieving my user profile PIN code?,account_access,ds2_bitext,ACCOUNT,recover_password,,
where do I restore my user account pass?,account_access,ds2_bitext,ACCOUNT,recover_password,,
I'm trying to restore the pwd of my user,account_access,ds2_bitext,ACCOUNT,recover_password,,
someone stole the pin of my user want help restoring it,account_access,ds2_bitext,ACCOUNT,recover_password,,
I need assistance retreiving my profile key,account_access,ds2_bitext,ACCOUNT,recover_password,,
I need help restoring my user key,account_access,ds2_bitext,ACCOUNT,recover_password,,
need assistance to recover my account PIN code,account_access,ds2_bitext,ACCOUNT,recover_password,,
I have got to restore my user access key,account_access,ds2_bitext,ACCOUNT,recover_password,,
where can I restore the PIN of my account?,account_access,ds2_bitext,ACCOUNT,recover_password,,
how can I restore my user PIN code?,account_access,ds2_bitext,ACCOUNT,recover_password,,
where do i recover the pin of my profile,account_access,ds2_bitext,ACCOUNT,recover_password,,
i do not know what to do to resetthe key of my user profile,account_access,ds2_bitext,ACCOUNT,recover_password,,
I need to recover my user account access key,account_access,ds2_bitext,ACCOUNT,recover_password,,
need to restore the pass of my user account,account_access,ds2_bitext,ACCOUNT,recover_password,,
i dont know what to do to reset the key of my user account,account_access,ds2_bitext,ACCOUNT,recover_password,,
I do not know how to retrieve my user account pwd,account_access,ds2_bitext,ACCOUNT,recover_password,,
i dont know how i can recover my account access key,account_access,ds2_bitext,ACCOUNT,recover_password,,
i dont know what i need to do to retrieve my pin,account_access,ds2_bitext,ACCOUNT,recover_password,,
I want help to reset the damn key of my user,account_access,ds2_bitext,ACCOUNT,recover_password,,
I do not know what to do to retrieve thepassword of my user,account_access,ds2_bitext,ACCOUNT,recover_password,,
"I lost the PIN of my user, I want help to retrieve it",account_access,ds2_bitext,ACCOUNT,recover_password,,
I am trying to recover my account access key,account_access,ds2_bitext,ACCOUNT,recover_password,,
can you help me restore my fucking profile password?,account_access,ds2_bitext,ACCOUNT,recover_password,,
I need help restoring the PIN of my profile,account_access,ds2_bitext,ACCOUNT,recover_password,,
would it be possible to recover my profile PIN code?,account_access,ds2_bitext,ACCOUNT,recover_password,,
"someone has stolen my PIN code, could you help me reset it?",account_access,ds2_bitext,ACCOUNT,recover_password,,
what do I need to do to reset my user profile PIN code?,account_access,ds2_bitext,ACCOUNT,recover_password,,
I need assistance to retrieve my user profile pass,account_access,ds2_bitext,ACCOUNT,recover_password,,
need help ot recover the pin of my user,account_access,ds2_bitext,ACCOUNT,recover_password,,
"I cannot remember my user PIN, I would like to restore it",account_access,ds2_bitext,ACCOUNT,recover_password,,
assistance to recover my acconut key,account_access,ds2_bitext,ACCOUNT,recover_password,,
I want to recover the pass of my user account,account_access,ds2_bitext,ACCOUNT,recover_password,,
"I forgot the PIN of my profile, how could I reset it?",account_access,ds2_bitext,ACCOUNT,recover_password,,
"I cannot remember my profile PIN code, how to reset it?",account_access,ds2_bitext,ACCOUNT,recover_password,,
can you help me retrieve my user access key?,account_access,ds2_bitext,ACCOUNT,recover_password,,
want assistance recovering my account PIN code,account_access,ds2_bitext,ACCOUNT,recover_password,,
I want help restoring my user account PIN,account_access,ds2_bitext,ACCOUNT,recover_password,,
I have to retrieve my user PIN,account_access,ds2_bitext,ACCOUNT,recover_password,,
i do not know what to do to reset the password of my profile,account_access,ds2_bitext,ACCOUNT,recover_password,,
help me reset my user access key,account_access,ds2_bitext,ACCOUNT,recover_password,,
I'd like to recover the key of my user account,account_access,ds2_bitext,ACCOUNT,recover_password,,
I cannot reset the key of my account,account_access,ds2_bitext,ACCOUNT,recover_password,,
I am trying to reset my user account access key,account_access,ds2_bitext,ACCOUNT,recover_password,,
retrieve the key of my user account,account_access,ds2_bitext,ACCOUNT,recover_password,,
help me to recover my pin,account_access,ds2_bitext,ACCOUNT,recover_password,,
I want assistance to reset the PIN code of my account,account_access,ds2_bitext,ACCOUNT,recover_password,,
i have lost my access key can i recover it,account_access,ds2_bitext,ACCOUNT,recover_password,,
can youhelp me recover the PIN code of my user account?,account_access,ds2_bitext,ACCOUNT,recover_password,,
I need to recover my pssword,account_access,ds2_bitext,ACCOUNT,recover_password,,
what do i need to do to restore my account pin,account_access,ds2_bitext,ACCOUNT,recover_password,,
I can't redtore my bloody user pwd,account_access,ds2_bitext,ACCOUNT,recover_password,,
problem with a forgotten access key,account_access,ds2_bitext,ACCOUNT,recover_password,,
could i recover my damn profile key,account_access,ds2_bitext,ACCOUNT,recover_password,,
I have a question about the PIN recovery,account_access,ds2_bitext,ACCOUNT,recover_password,,
I don't know how I can recover the password of my profile,account_access,ds2_bitext,ACCOUNT,recover_password,,
can you help me retrieving my user password?,account_access,ds2_bitext,ACCOUNT,recover_password,,
i try to rettieve my profile access key,account_access,ds2_bitext,ACCOUNT,recover_password,,
information about the password retrieval,account_access,ds2_bitext,ACCOUNT,recover_password,,
i cantretrieve my user account pwd,account_access,ds2_bitext,ACCOUNT,recover_password,,
want help recovering the key of my account,account_access,ds2_bitext,ACCOUNT,recover_password,,
how do i retrieve the pin code of myaccount,account_access,ds2_bitext,ACCOUNT,recover_password,,
"I lost the access key of my user profile, help to recover it",account_access,ds2_bitext,ACCOUNT,recover_password,,
I cannot retrieve the password of my user account,account_access,ds2_bitext,ACCOUNT,recover_password,,
i need assistance to reset my pwd,account_access,ds2_bitext,ACCOUNT,recover_password,,
where can i get information about the pwd reset,account_access,ds2_bitext,ACCOUNT,recover_password,,
I try to retrieve my fucking profile password,account_access,ds2_bitext,ACCOUNT,recover_password,,
what do I need to do to recover the pwd of my profile?,account_access,ds2_bitext,ACCOUNT,recover_password,,
how do I recover my account PIN code?,account_access,ds2_bitext,ACCOUNT,recover_password,,
I need assistanec retrieving my account key,account_access,ds2_bitext,ACCOUNT,recover_password,,
could you help me retrieve the password of my user account?,account_access,ds2_bitext,ACCOUNT,recover_password,,
need to recover my user account pwd,account_access,ds2_bitext,ACCOUNT,recover_password,,
where can I recover the pwd of my user?,account_access,ds2_bitext,ACCOUNT,recover_password,,
I need help to reset the password of my profile,account_access,ds2_bitext,ACCOUNT,recover_password,,
i want help to recover the access key of my user account,account_access,ds2_bitext,ACCOUNT,recover_password,,
i dont know what i need to do to recover my account password,account_access,ds2_bitext,ACCOUNT,recover_password,,
I want help resetting the access key of my user account,account_access,ds2_bitext,ACCOUNT,recover_password,,
I need help to retrieev my user PIN,account_access,ds2_bitext,ACCOUNT,recover_password,,
can you help me to retrieve the PIN of my profile?,account_access,ds2_bitext,ACCOUNT,recover_password,,
can you help me restoring myPIN code?,account_access,ds2_bitext,ACCOUNT,recover_password,,
canyou help me reset the access key of my user account?,account_access,ds2_bitext,ACCOUNT,recover_password,,
I do not know what I need to do to restore my PIN code,account_access,ds2_bitext,ACCOUNT,recover_password,,
I want assistance retrieving my user profile key,account_access,ds2_bitext,ACCOUNT,recover_password,,
have problems wkth a forgotten password,account_access,ds2_bitext,ACCOUNT,recover_password,,
ius it possible to recover my user account key?,account_access,ds2_bitext,ACCOUNT,recover_password,,
how do I retrieve the password of my account?,account_access,ds2_bitext,ACCOUNT,recover_password,,
"I want to retrieve the damn key of my user, I need help",account_access,ds2_bitext,ACCOUNT,recover_password,,
I have to retrieve the key of my user account,account_access,ds2_bitext,ACCOUNT,recover_password,,
"I lost my profile PIN, where do I restore it?",account_access,ds2_bitext,ACCOUNT,recover_password,,
could I retrieve my user account password?,account_access,ds2_bitext,ACCOUNT,recover_password,,
help me to restore my account PIN,account_access,ds2_bitext,ACCOUNT,recover_password,,
recover the PIN code of my account,account_access,ds2_bitext,ACCOUNT,recover_password,,
what do I have to do to restore my user account key?,account_access,ds2_bitext,ACCOUNT,recover_password,,
retrieve the key of my user,account_access,ds2_bitext,ACCOUNT,recover_password,,
how do I retrieve the password of my user profile?,account_access,ds2_bitext,ACCOUNT,recover_password,,
want help recovering the pass of my profile,account_access,ds2_bitext,ACCOUNT,recover_password,,
what do i need to do to restore my user profile access key,account_access,ds2_bitext,ACCOUNT,recover_password,,
I try to restore my account PIN,account_access,ds2_bitext,ACCOUNT,recover_password,,
what do i have to do to retrieve my account pin,account_access,ds2_bitext,ACCOUNT,recover_password,,
where can i get information about lost pin,account_access,ds2_bitext,ACCOUNT,recover_password,,
how can I recover the key of my user?,account_access,ds2_bitext,ACCOUNT,recover_password,,
I don't know what to do to reset my user PIN code,account_access,ds2_bitext,ACCOUNT,recover_password,,
I have got to retrieve the PIN of my account,account_access,ds2_bitext,ACCOUNT,recover_password,,
help to recover my profile PIN,account_access,ds2_bitext,ACCOUNT,recover_password,,
how do I restore the password of my account?,account_access,ds2_bitext,ACCOUNT,recover_password,,
have problems with the lost PIN code,account_access,ds2_bitext,ACCOUNT,recover_password,,
problems with my PIN retrieval,account_access,ds2_bitext,ACCOUNT,recover_password,,
i cant retrieve my pass,account_access,ds2_bitext,ACCOUNT,recover_password,,
assistance to retrieve my user PIN,account_access,ds2_bitext,ACCOUNT,recover_password,,
can uhelp me to recover te pwd of my user,account_access,ds2_bitext,ACCOUNT,recover_password,,
where can I restore the PIN of my user?,account_access,ds2_bitext,ACCOUNT,recover_password,,
i have lost my pwd could i reset it,account_access,ds2_bitext,ACCOUNT,recover_password,,
could I retrieve the password of my user account?,account_access,ds2_bitext,ACCOUNT,recover_password,,
I don't know how to restore my user account pwd,account_access,ds2_bitext,ACCOUNT,recover_password,,
I need assistance to recover the PIN code of my account,account_access,ds2_bitext,ACCOUNT,recover_password,,
where do I reset my user account key?,account_access,ds2_bitext,ACCOUNT,recover_password,,
can you help me reset my profile access key?,account_access,ds2_bitext,ACCOUNT,recover_password,,
I need to retrieve the key of my profile,account_access,ds2_bitext,ACCOUNT,recover_password,,
is it possible to recover my profile pin code,account_access,ds2_bitext,ACCOUNT,recover_password,,
"I have lost my user account PIN, I need help resetting it",account_access,ds2_bitext,ACCOUNT,recover_password,,
I have a question about a forgotten access key,account_access,ds2_bitext,ACCOUNT,recover_password,,
i have got to restore my user acxcount pin code,account_access,ds2_bitext,ACCOUNT,recover_password,,
help me recover my user password,account_access,ds2_bitext,ACCOUNT,recover_password,,
"I can't remember my user profile PIN, I have got to reset it",account_access,ds2_bitext,ACCOUNT,recover_password,,
I would like to retrieve the goddamn PIN code of my profile,account_access,ds2_bitext,ACCOUNT,recover_password,,
can you help me restoring the password of my account?,account_access,ds2_bitext,ACCOUNT,recover_password,,
can ya help me retrieve the pin code of my acocunt,account_access,ds2_bitext,ACCOUNT,recover_password,,
assistance restoring my user account access key,account_access,ds2_bitext,ACCOUNT,recover_password,,
I don't know how to retrieve the pass of ym account,account_access,ds2_bitext,ACCOUNT,recover_password,,
how can I recover my account password?,account_access,ds2_bitext,ACCOUNT,recover_password,,
i have to resdet my user pin code,account_access,ds2_bitext,ACCOUNT,recover_password,,
I want help resetting my access key,account_access,ds2_bitext,ACCOUNT,recover_password,,
help resetting the PIN code of my user,account_access,ds2_bitext,ACCOUNT,recover_password,,
i do not know how to retrieve the pass of my user,account_access,ds2_bitext,ACCOUNT,recover_password,,
help to reset my profile password,account_access,ds2_bitext,ACCOUNT,recover_password,,
assistance to retrieve my account pin,account_access,ds2_bitext,ACCOUNT,recover_password,,
I have to retrieve the PIN cpde of my account,account_access,ds2_bitext,ACCOUNT,recover_password,,
how can i get information about my pass reset,account_access,ds2_bitext,ACCOUNT,recover_password,,
give me information about a lost PIN,account_access,ds2_bitext,ACCOUNT,recover_password,,
help restoring the password of my user account,account_access,ds2_bitext,ACCOUNT,recover_password,,
i cant reset the passwodr of my profile,account_access,ds2_bitext,ACCOUNT,recover_password,,
want help to restore my pi code,account_access,ds2_bitext,ACCOUNT,recover_password,,
restore the password of my user profile,account_access,ds2_bitext,ACCOUNT,recover_password,,
I cannot reset my damn account PIN code,account_access,ds2_bitext,ACCOUNT,recover_password,,
want help to reset my pwd,account_access,ds2_bitext,ACCOUNT,recover_password,,
I don't know how to retrieve the PIN code of my user,account_access,ds2_bitext,ACCOUNT,recover_password,,
need assistance retrievign my user password,account_access,ds2_bitext,ACCOUNT,recover_password,,
could I restore the access key of my profile?,account_access,ds2_bitext,ACCOUNT,recover_password,,
can you help me to restore the pass of my account?,account_access,ds2_bitext,ACCOUNT,recover_password,,
what do i need to do to reset the access key of my user,account_access,ds2_bitext,ACCOUNT,recover_password,,
"I lost the PIN of my profile, I want help restoring it",account_access,ds2_bitext,ACCOUNT,recover_password,,
is it possible to recover my profile access key?,account_access,ds2_bitext,ACCOUNT,recover_password,,
i need help rstoring the key of my profile,account_access,ds2_bitext,ACCOUNT,recover_password,,
help me retrieve my account password,account_access,ds2_bitext,ACCOUNT,recover_password,,
I am looking for information about a forgotten key,account_access,ds2_bitext,ACCOUNT,recover_password,,
"I have lost the PIN of my user, how do I recover it?",account_access,ds2_bitext,ACCOUNT,recover_password,,
i want help to restor my pwd,account_access,ds2_bitext,ACCOUNT,recover_password,,
i want help retrieving my pin code,account_access,ds2_bitext,ACCOUNT,recover_password,,
I need information about my access key retrieval,account_access,ds2_bitext,ACCOUNT,recover_password,,
I ened help to recover the access key of my user profile,account_access,ds2_bitext,ACCOUNT,recover_password,,
how cab i find information about my key recovery,account_access,ds2_bitext,ACCOUNT,recover_password,,
I want to restore the PIN code of my account,account_access,ds2_bitext,ACCOUNT,recover_password,,
I need assistance to restore the password of my user account,account_access,ds2_bitext,ACCOUNT,recover_password,,
help me retrieving my account PIN code,account_access,ds2_bitext,ACCOUNT,recover_password,,
"I lost the password of my user, assistance resetting it",account_access,ds2_bitext,ACCOUNT,recover_password,,
help to retrieve the password of my profile,account_access,ds2_bitext,ACCOUNT,recover_password,,
i try to restore the pwd of my user profile,account_access,ds2_bitext,ACCOUNT,recover_password,,
"I have got to reset my profile access key, can you help me?",account_access,ds2_bitext,ACCOUNT,recover_password,,
I'm looking for information about thbe forgotten access key,account_access,ds2_bitext,ACCOUNT,recover_password,,
I try to retrieve my profile access key,account_access,ds2_bitext,ACCOUNT,recover_password,,
can you help me reset my profile PIN?,account_access,ds2_bitext,ACCOUNT,recover_password,,
I cannot recover my pwd,account_access,ds2_bitext,ACCOUNT,recover_password,,
I am looking for information about a password retrieval,account_access,ds2_bitext,ACCOUNT,recover_password,,
i cannot reset my profile access key,account_access,ds2_bitext,ACCOUNT,recover_password,,
I do not know what I have to do to reset my profile pwd,account_access,ds2_bitext,ACCOUNT,recover_password,,
I cannot retrieve the bloody PIN code of my profile,account_access,ds2_bitext,ACCOUNT,recover_password,,
i have got to retrieve the pwd of my user account,account_access,ds2_bitext,ACCOUNT,recover_password,,
I'm trying to recover my account key,account_access,ds2_bitext,ACCOUNT,recover_password,,
I do not know what I need to do to retrieve my user pass,account_access,ds2_bitext,ACCOUNT,recover_password,,
want help to retrieve my pin,account_access,ds2_bitext,ACCOUNT,recover_password,,
I want assistance to reset the PIN of my user,account_access,ds2_bitext,ACCOUNT,recover_password,,
I do not know what I need to do to retrieve my PIN code,account_access,ds2_bitext,ACCOUNT,recover_password,,
I want help resetting the password of my user profile,account_access,ds2_bitext,ACCOUNT,recover_password,,
give me information about my forgotten PIN,account_access,ds2_bitext,ACCOUNT,recover_password,,
how to reset the apssword of my account,account_access,ds2_bitext,ACCOUNT,recover_password,,
where can I retrieve my user pwd ?,account_access,ds2_bitext,ACCOUNT,recover_password,,
I don't know how to recover the PIN of my profile,account_access,ds2_bitext,ACCOUNT,recover_password,,
i need assistance restoring my pin,account_access,ds2_bitext,ACCOUNT,recover_password,,
"I have got to recover my account key, help me",account_access,ds2_bitext,ACCOUNT,recover_password,,
I can't reset the PIN code of my profile,account_access,ds2_bitext,ACCOUNT,recover_password,,
I am looking for information about the access key retrieval,account_access,ds2_bitext,ACCOUNT,recover_password,,
"I forgot my profile key, help me retrieving it",account_access,ds2_bitext,ACCOUNT,recover_password,,
I don't know what to do to ertrieve the PIN of my user,account_access,ds2_bitext,ACCOUNT,recover_password,,
i want help recovering the access key of my profile,account_access,ds2_bitext,ACCOUNT,recover_password,,
i have got to reset mny access key,account_access,ds2_bitext,ACCOUNT,recover_password,,
can i retrieve my prfile pin code,account_access,ds2_bitext,ACCOUNT,recover_password,,
"I forgot my damn user PIN, help resetting it",account_access,ds2_bitext,ACCOUNT,recover_password,,
sasistance resetting the PIN code of my account,account_access,ds2_bitext,ACCOUNT,recover_password,,
I can't reset my user PIN,account_access,ds2_bitext,ACCOUNT,recover_password,,
I am trying to recover my user profile PIN,account_access,ds2_bitext,ACCOUNT,recover_password,,
can uhelp me restore the password of my user profile,account_access,ds2_bitext,ACCOUNT,recover_password,,
how could I find information about lost PIN?,account_access,ds2_bitext,ACCOUNT,recover_password,,
I need help to recover my profile key,account_access,ds2_bitext,ACCOUNT,recover_password,,
I'm looking for information about lost passwords,account_access,ds2_bitext,ACCOUNT,recover_password,,
I'm tryimg to reset my user account pin code,account_access,ds2_bitext,ACCOUNT,recover_password,,
i habe a problem with my pin retrieval,account_access,ds2_bitext,ACCOUNT,recover_password,,
find information about a lost password,account_access,ds2_bitext,ACCOUNT,recover_password,,
help me retrieve the key of my user proflie,account_access,ds2_bitext,ACCOUNT,recover_password,,
I do not know what I need too do to reset my user PIN,account_access,ds2_bitext,ACCOUNT,recover_password,,
i need help to reset the pwd of m account,account_access,ds2_bitext,ACCOUNT,recover_password,,
I have got to retrieve my user profile password,account_access,ds2_bitext,ACCOUNT,recover_password,,
need assistance resetting the access key of my user account,account_access,ds2_bitext,ACCOUNT,recover_password,,
i have problems with a forgotten password,account_access,ds2_bitext,ACCOUNT,recover_password,,
I need to retrieve my user accountPIN,account_access,ds2_bitext,ACCOUNT,recover_password,,
where can I findinformation about my PIN code reset?,account_access,ds2_bitext,ACCOUNT,recover_password,,
help restoring my PIN code,account_access,ds2_bitext,ACCOUNT,recover_password,,
"I cannot remember my user account password, help me reset it",account_access,ds2_bitext,ACCOUNT,recover_password,,
"someone stole my password, help retrieving it",account_access,ds2_bitext,ACCOUNT,recover_password,,
how to reset my profile password?,account_access,ds2_bitext,ACCOUNT,recover_password,,
can ya give me information about a forgotten access key,account_access,ds2_bitext,ACCOUNT,recover_password,,
wanna recover the pin code of my profile,account_access,ds2_bitext,ACCOUNT,recover_password,,
i do not know what to do to reset my access key,account_access,ds2_bitext,ACCOUNT,recover_password,,
I have got to recover the PIN of my user,account_access,ds2_bitext,ACCOUNT,recover_password,,
i cant retrieve my account eky,account_access,ds2_bitext,ACCOUNT,recover_password,,
I don't know how I can retrieve my account PIN,account_access,ds2_bitext,ACCOUNT,recover_password,,
I have got to restore the password of my account,account_access,ds2_bitext,ACCOUNT,recover_password,,
"I have lost my user profile PIN, I have to restore it",account_access,ds2_bitext,ACCOUNT,recover_password,,
how can I recover my user account PIN?,account_access,ds2_bitext,ACCOUNT,recover_password,,
I need help retrieving the key of my user profile,account_access,ds2_bitext,ACCOUNT,recover_password,,
what do i need to do to reset my user cacount pwd,account_access,ds2_bitext,ACCOUNT,recover_password,,
I have got to retrieve my user account PIN,account_access,ds2_bitext,ACCOUNT,recover_password,,
ihave a question about my pin recovery,account_access,ds2_bitext,ACCOUNT,recover_password,,
help me retrieve the password of my user profile,account_access,ds2_bitext,ACCOUNT,recover_password,,
how to retrieve my password?,account_access,ds2_bitext,ACCOUNT,recover_password,,
I do not know how to recover my profile password,account_access,ds2_bitext,ACCOUNT,recover_password,,
question about a forgotten key,account_access,ds2_bitext,ACCOUNT,recover_password,,
is it possible to restore my fucking user key?,account_access,ds2_bitext,ACCOUNT,recover_password,,
how to reset my user profile key?,account_access,ds2_bitext,ACCOUNT,recover_password,,
can you help me retrieve my user PIN code?,account_access,ds2_bitext,ACCOUNT,recover_password,,
"I can't remember my access key, I want to reset it",account_access,ds2_bitext,ACCOUNT,recover_password,,
information about my forgotten PIN code,account_access,ds2_bitext,ACCOUNT,recover_password,,
how can I retrieve the password of my user profile?,account_access,ds2_bitext,ACCOUNT,recover_password,,
"I have lost the password of my user, help me reset it",account_access,ds2_bitext,ACCOUNT,recover_password,,
how do I restore the PIN code of my user account?,account_access,ds2_bitext,ACCOUNT,recover_password,,
how to reset my account pwd,account_access,ds2_bitext,ACCOUNT,recover_password,,
how can I restore the password of my user profile?,account_access,ds2_bitext,ACCOUNT,recover_password,,
"I forgot the damn PIN of my user, I need help recovering it",account_access,ds2_bitext,ACCOUNT,recover_password,,
i have lost my profile pwd help me to recover it,account_access,ds2_bitext,ACCOUNT,recover_password,,
I am looking for information about my lost key,account_access,ds2_bitext,ACCOUNT,recover_password,,
where could I reset my profile PIN code?,account_access,ds2_bitext,ACCOUNT,recover_password,,
where do i retrieve my profile key,account_access,ds2_bitext,ACCOUNT,recover_password,,
I'm trying to reset the pwd of my user,account_access,ds2_bitext,ACCOUNT,recover_password,,
i want assistance to reset my profile password,account_access,ds2_bitext,ACCOUNT,recover_password,,
I am trying to retrieve the key of my user account,account_access,ds2_bitext,ACCOUNT,recover_password,,
I don't know what to do to retrieve the pwd of my profile,account_access,ds2_bitext,ACCOUNT,recover_password,,
I cannot restore the key of my profile,account_access,ds2_bitext,ACCOUNT,recover_password,,
find information about my access key retrieval,account_access,ds2_bitext,ACCOUNT,recover_password,,
I need assistance to recover the PIN code of my profile,account_access,ds2_bitext,ACCOUNT,recover_password,,
I need help to reset the PIN of my user profile,account_access,ds2_bitext,ACCOUNT,recover_password,,
what do i have to do to reset my user account key,account_access,ds2_bitext,ACCOUNT,recover_password,,
want help to restore the password of ym user profile,account_access,ds2_bitext,ACCOUNT,recover_password,,
I do not know how I can retrieve my goddamn user PIN code,account_access,ds2_bitext,ACCOUNT,recover_password,,
"someone stole my goddamn account PIN, want help resyoring it",account_access,ds2_bitext,ACCOUNT,recover_password,,
restore the password of my user,account_access,ds2_bitext,ACCOUNT,recover_password,,
can uhelp me resetting the password of my user profile,account_access,ds2_bitext,ACCOUNT,recover_password,,
help to retrieve my user PIN,account_access,ds2_bitext,ACCOUNT,recover_password,,
I have got to restore the access key of my account,account_access,ds2_bitext,ACCOUNT,recover_password,,
help me retrieve my profile pin code,account_access,ds2_bitext,ACCOUNT,recover_password,,
where can I recover my account password?,account_access,ds2_bitext,ACCOUNT,recover_password,,
i have to rewet my fucking user pin i need assistance,account_access,ds2_bitext,ACCOUNT,recover_password,,
I need information about the access key reset,account_access,ds2_bitext,ACCOUNT,recover_password,,
I don't know what I have to do to reset my user account ppwd,account_access,ds2_bitext,ACCOUNT,recover_password,,
I try to reset the fucking key of my profile,account_access,ds2_bitext,ACCOUNT,recover_password,,
I am trying to recover the pass of my profile,account_access,ds2_bitext,ACCOUNT,recover_password,,
need help recovering the pin of my profile,account_access,ds2_bitext,ACCOUNT,recover_password,,
I have got to reset my user account access key,account_access,ds2_bitext,ACCOUNT,recover_password,,
i need help to reset the key of my account,account_access,ds2_bitext,ACCOUNT,recover_password,,
i want help to reset my user profile pin code,account_access,ds2_bitext,ACCOUNT,recover_password,,
have a problem with a key reset,account_access,ds2_bitext,ACCOUNT,recover_password,,
i have lost my pass what do i need to do to recover it,account_access,ds2_bitext,ACCOUNT,recover_password,,
help retrieving the PIN of my account,account_access,ds2_bitext,ACCOUNT,recover_password,,
I don't know what to do to restore my profile access key,account_access,ds2_bitext,ACCOUNT,recover_password,,
help recovering the password of my profile,account_access,ds2_bitext,ACCOUNT,recover_password,,
where do i retrieve my user key,account_access,ds2_bitext,ACCOUNT,recover_password,,
"I want to retrieve my user PIN, how to do it?",account_access,ds2_bitext,ACCOUNT,recover_password,,
"I forgot my profile access key, help to recover it",account_access,ds2_bitext,ACCOUNT,recover_password,,
I want help resetting the pwd of my account,account_access,ds2_bitext,ACCOUNT,recover_password,,
where can I get information about my forgotten password?,account_access,ds2_bitext,ACCOUNT,recover_password,,
need help to restore my user profile key,account_access,ds2_bitext,ACCOUNT,recover_password,,
"I lost my PIN code, help me resetting it",account_access,ds2_bitext,ACCOUNT,recover_password,,
help to restore the PIN code of my profile,account_access,ds2_bitext,ACCOUNT,recover_password,,
I want help recovering my account access key,account_access,ds2_bitext,ACCOUNT,recover_password,,
problem with my forgotten PIN code,account_access,ds2_bitext,ACCOUNT,recover_password,,
"I can't remembner my pass, can you help me to retrieve it?",account_access,ds2_bitext,ACCOUNT,recover_password,,
want assistance to reset the pin of my account,account_access,ds2_bitext,ACCOUNT,recover_password,,
want help to retrieve the pwd of my prlfile,account_access,ds2_bitext,ACCOUNT,recover_password,,
I need help to restore the access key of my user,account_access,ds2_bitext,ACCOUNT,recover_password,,
can ya help me restore my account pass,account_access,ds2_bitext,ACCOUNT,recover_password,,
I need assistance retsoring the fucking key of my user,account_access,ds2_bitext,ACCOUNT,recover_password,,
I do not know how to recover the access key of my account,account_access,ds2_bitext,ACCOUNT,recover_password,,
I don't know how to reset the PIN of my user account,account_access,ds2_bitext,ACCOUNT,recover_password,,
where do I retrieve the access key of my user?,account_access,ds2_bitext,ACCOUNT,recover_password,,
i want help to recover the password of my user account,account_access,ds2_bitext,ACCOUNT,recover_password,,
I wwant assistance retrieving my profile password,account_access,ds2_bitext,ACCOUNT,recover_password,,
I don't know what to do to restore my PIN code,account_access,ds2_bitext,ACCOUNT,recover_password,,
I don't know what I have to do to reset my pass,account_access,ds2_bitext,ACCOUNT,recover_password,,
i want help retrieving the access key of my account,account_access,ds2_bitext,ACCOUNT,recover_password,,
I need information about the pwd rertieval,account_access,ds2_bitext,ACCOUNT,recover_password,,
help resetting my profile password,account_access,ds2_bitext,ACCOUNT,recover_password,,
where to retreive my key,account_access,ds2_bitext,ACCOUNT,recover_password,,
"I cannot remember my account PIN, I would like to recover it",account_access,ds2_bitext,ACCOUNT,recover_password,,
how can I retrieve the PIN code opf my profile?,account_access,ds2_bitext,ACCOUNT,recover_password,,
help resetting the password of my account,account_access,ds2_bitext,ACCOUNT,recover_password,,
I do not know what I need tp do to recover my user pwd,account_access,ds2_bitext,ACCOUNT,recover_password,,
i dont know how i can reset my profile pin code,account_access,ds2_bitext,ACCOUNT,recover_password,,
I need assistance restoring my user account password,account_access,ds2_bitext,ACCOUNT,recover_password,,
"I forgot my user account PIN code, help me recover it",account_access,ds2_bitext,ACCOUNT,recover_password,,
help me retsore my pass,account_access,ds2_bitext,ACCOUNT,recover_password,,
I have got to reset the PIN of my user,account_access,ds2_bitext,ACCOUNT,recover_password,,
assistance erstoring the PIN of my user profile,account_access,ds2_bitext,ACCOUNT,recover_password,,
where can i gert information about my forgotten password,account_access,ds2_bitext,ACCOUNT,recover_password,,
how can I restore the PIN code of my profile?,account_access,ds2_bitext,ACCOUNT,recover_password,,
have a question about the forgottem PIN,account_access,ds2_bitext,ACCOUNT,recover_password,,
I want help retrieving the password of my account,account_access,ds2_bitext,ACCOUNT,recover_password,,
I need assistance resetting the key of my user account,account_access,ds2_bitext,ACCOUNT,recover_password,,
hve a question about the password recovery,account_access,ds2_bitext,ACCOUNT,recover_password,,
is it possible to retrieve the password of my user profile,account_access,ds2_bitext,ACCOUNT,recover_password,,
I have problems with my key recovery,account_access,ds2_bitext,ACCOUNT,recover_password,,
i dont know how i can recover the key of my account,account_access,ds2_bitext,ACCOUNT,recover_password,,
can you help me resetting my key?,account_access,ds2_bitext,ACCOUNT,recover_password,,
I have a question about a password recovery,account_access,ds2_bitext,ACCOUNT,recover_password,,
i have a problem with a lost pwd,account_access,ds2_bitext,ACCOUNT,recover_password,,
i lost the pass of my user how do i recover it,account_access,ds2_bitext,ACCOUNT,recover_password,,
I don't know what I have to do to erset my user account pass,account_access,ds2_bitext,ACCOUNT,recover_password,,
I am looking for information about the key retrieval,account_access,ds2_bitext,ACCOUNT,recover_password,,
help me retrieve my user account pin,account_access,ds2_bitext,ACCOUNT,recover_password,,
how do I recover the key of my profile?,account_access,ds2_bitext,ACCOUNT,recover_password,,
find informtaion about my forgotten pin,account_access,ds2_bitext,ACCOUNT,recover_password,,
help me to restore my password,account_access,ds2_bitext,ACCOUNT,recover_password,,
i have gog to restore the pin code of my account i need help,account_access,ds2_bitext,ACCOUNT,recover_password,,
i cant restore my user account access key,account_access,ds2_bitext,ACCOUNT,recover_password,,
could you help me reset the PIN of my user profile?,account_access,ds2_bitext,ACCOUNT,recover_password,,
where can i retrieve my fucking accopunt pass,account_access,ds2_bitext,ACCOUNT,recover_password,,
i have got to retrieve my account pin how could i do it,account_access,ds2_bitext,ACCOUNT,recover_password,,
i cant retrieve the pin of my account,account_access,ds2_bitext,ACCOUNT,recover_password,,
I want assistance to recover my user profile PIN,account_access,ds2_bitext,ACCOUNT,recover_password,,
need assistance to reset my user profile PIN code,account_access,ds2_bitext,ACCOUNT,recover_password,,
idont know how i can recover my account access key,account_access,ds2_bitext,ACCOUNT,recover_password,,
how to retrieve the PIN code of myuser?,account_access,ds2_bitext,ACCOUNT,recover_password,,
how to recover my goddamn profile piin code,account_access,ds2_bitext,ACCOUNT,recover_password,,
where to recover the key of my user,account_access,ds2_bitext,ACCOUNT,recover_password,,
how can I reset my profile access key?,account_access,ds2_bitext,ACCOUNT,recover_password,,
I need help to retrieve my pass,account_access,ds2_bitext,ACCOUNT,recover_password,,
i need information about a pwd recovery,account_access,ds2_bitext,ACCOUNT,recover_password,,
find information about my lost PIN,account_access,ds2_bitext,ACCOUNT,recover_password,,
I don't know how to recover my account access key,account_access,ds2_bitext,ACCOUNT,recover_password,,
how to reset the damn password of my user?,account_access,ds2_bitext,ACCOUNT,recover_password,,
i cannot retrieve the passqord of my profile,account_access,ds2_bitext,ACCOUNT,recover_password,,
where can i find information about the access key reset,account_access,ds2_bitext,ACCOUNT,recover_password,,
I try to reset my account access key,account_access,ds2_bitext,ACCOUNT,recover_password,,
how could I reset my user password?,account_access,ds2_bitext,ACCOUNT,recover_password,,
I need help to retrieve my profile PIN code,account_access,ds2_bitext,ACCOUNT,recover_password,,
what do i have to do to recover my profile key,account_access,ds2_bitext,ACCOUNT,recover_password,,
I need to reset my damn PIN code,account_access,ds2_bitext,ACCOUNT,recover_password,,
what do i need to do to reover my account pin,account_access,ds2_bitext,ACCOUNT,recover_password,,
how do I retrieve the password of my user?,account_access,ds2_bitext,ACCOUNT,recover_password,,
give me information about a forgotten key,account_access,ds2_bitext,ACCOUNT,recover_password,,
how to reset the access key of my account,account_access,ds2_bitext,ACCOUNT,recover_password,,
I need help to reset the pwd of my user account,account_access,ds2_bitext,ACCOUNT,recover_password,,
I want to recover the password of my profile,account_access,ds2_bitext,ACCOUNT,recover_password,,
assistance restoring the access key of my profile,account_access,ds2_bitext,ACCOUNT,recover_password,,
i cannotrestore the bloody password of my user account,account_access,ds2_bitext,ACCOUNT,recover_password,,
I want to recover my account password,account_access,ds2_bitext,ACCOUNT,recover_password,,
can you help me to retrieve the key of my user?,account_access,ds2_bitext,ACCOUNT,recover_password,,
"I have lost my user profile password, help me recover it",account_access,ds2_bitext,ACCOUNT,recover_password,,
I have to restore the PIN code of my user,account_access,ds2_bitext,ACCOUNT,recover_password,,
can you help me resetting the password of my profile?,account_access,ds2_bitext,ACCOUNT,recover_password,,
i dont know how i can reset the pass of my account,account_access,ds2_bitext,ACCOUNT,recover_password,,
assistance to retrieve my user account pass,account_access,ds2_bitext,ACCOUNT,recover_password,,
problems with my password recovery,account_access,ds2_bitext,ACCOUNT,recover_password,,
I do not know how to retrieve my key,account_access,ds2_bitext,ACCOUNT,recover_password,,
reset the PIN code of my user,account_access,ds2_bitext,ACCOUNT,recover_password,,
what do i have to do to reset the pwd of my user account,account_access,ds2_bitext,ACCOUNT,recover_password,,
can you help me retrieving my account PIN code?,account_access,ds2_bitext,ACCOUNT,recover_password,,
need help retrieving my profile PIN,account_access,ds2_bitext,ACCOUNT,recover_password,,
I cannot retrieve my user account PIN code,account_access,ds2_bitext,ACCOUNT,recover_password,,
"someone stole my user PIN code, I want help to retrieve it",account_access,ds2_bitext,ACCOUNT,recover_password,,
how can I reset my user profile password?,account_access,ds2_bitext,ACCOUNT,recover_password,,
"I lost my user password, would it be possible to recover it?",account_access,ds2_bitext,ACCOUNT,recover_password,,
I would like information about the key retrieval,account_access,ds2_bitext,ACCOUNT,recover_password,,
I need assistance retrieving the damn PIN code of my profile,account_access,ds2_bitext,ACCOUNT,recover_password,,
I need to restore the password of my account,account_access,ds2_bitext,ACCOUNT,recover_password,,
I need help recoveting my user profile key,account_access,ds2_bitext,ACCOUNT,recover_password,,
i do not know what to do to reset my profile pass,account_access,ds2_bitext,ACCOUNT,recover_password,,
I am trying to reset the PIN code of my user,account_access,ds2_bitext,ACCOUNT,recover_password,,
help me retrieve my user account pin code,account_access,ds2_bitext,ACCOUNT,recover_password,,
reset the access key of my account,account_access,ds2_bitext,ACCOUNT,recover_password,,
i cant restore my key,account_access,ds2_bitext,ACCOUNT,recover_password,,
can you give me information about a pwd reset?,account_access,ds2_bitext,ACCOUNT,recover_password,,
need help to restore my user account password,account_access,ds2_bitext,ACCOUNT,recover_password,,
can you help me to reset the PIN code of my user?,account_access,ds2_bitext,ACCOUNT,recover_password,,
how can I get information about a lost access key?,account_access,ds2_bitext,ACCOUNT,recover_password,,
assistance retrieving the goddamn PIN of my account,account_access,ds2_bitext,ACCOUNT,recover_password,,
where to retrievethe pwd of my account?,account_access,ds2_bitext,ACCOUNT,recover_password,,
I want to reset my goddamn user profile key,account_access,ds2_bitext,ACCOUNT,recover_password,,
i want help resetting my user pass,account_access,ds2_bitext,ACCOUNT,recover_password,,
where to recover the PIN of my user account?,account_access,ds2_bitext,ACCOUNT,recover_password,,
how can i find information about my key recovery,account_access,ds2_bitext,ACCOUNT,recover_password,,
I need help recovering the key of my account,account_access,ds2_bitext,ACCOUNT,recover_password,,
I do not know how to retrieve my bloody account PIN code,account_access,ds2_bitext,ACCOUNT,recover_password,,
need assistance recovering the PIN code of my account,account_access,ds2_bitext,ACCOUNT,recover_password,,
need to reset the pin of my profile,account_access,ds2_bitext,ACCOUNT,recover_password,,
I'm trying to retrieve the access key of my account,account_access,ds2_bitext,ACCOUNT,recover_password,,
I have a question about the lost pass,account_access,ds2_bitext,ACCOUNT,recover_password,,
what do i need to do to restore my pin code,account_access,ds2_bitext,ACCOUNT,recover_password,,
is it possible to retrieve the pass of my user profile?,account_access,ds2_bitext,ACCOUNT,recover_password,,
can you help me recover the key of my profile?,account_access,ds2_bitext,ACCOUNT,recover_password,,
i do not know what to do toreset the pwd of my user,account_access,ds2_bitext,ACCOUNT,recover_password,,
want help to restore my user acocunt pwd,account_access,ds2_bitext,ACCOUNT,recover_password,,
i need assistance to retrieve the pwd of my user profile,account_access,ds2_bitext,ACCOUNT,recover_password,,
I do not know how I can reset my access key,account_access,ds2_bitext,ACCOUNT,recover_password,,
i want help retrieving the pass of my profile,account_access,ds2_bitext,ACCOUNT,recover_password,,
how can I reset the goddamn access key of my profile?,account_access,ds2_bitext,ACCOUNT,recover_password,,
help restoring the password of my profile,account_access,ds2_bitext,ACCOUNT,recover_password,,
can i restoire my pass,account_access,ds2_bitext,ACCOUNT,recover_password,,
help me reset my user profile password,account_access,ds2_bitext,ACCOUNT,recover_password,,
assistance to retrieve the key of my user profile,account_access,ds2_bitext,ACCOUNT,recover_password,,
need help resetting the password of my user account,account_access,ds2_bitext,ACCOUNT,recover_password,,
"I can't remember my bloody access key, can I restore it?",account_access,ds2_bitext,ACCOUNT,recover_password,,
I can't restore my user profile PIN,account_access,ds2_bitext,ACCOUNT,recover_password,,
I do not know how I can recover my user key,account_access,ds2_bitext,ACCOUNT,recover_password,,
help me to retrieve the access key of my user,account_access,ds2_bitext,ACCOUNT,recover_password,,
I cannot restore my user account pwd,account_access,ds2_bitext,ACCOUNT,recover_password,,
I want assistance retrieving my user access key,account_access,ds2_bitext,ACCOUNT,recover_password,,
can you help me to restore my damn user account access key?,account_access,ds2_bitext,ACCOUNT,recover_password,,
"I forgot my account password, how t reset it?",account_access,ds2_bitext,ACCOUNT,recover_password,,
help to restore my profile password,account_access,ds2_bitext,ACCOUNT,recover_password,,
assistance to reset the pin of my account,account_access,ds2_bitext,ACCOUNT,recover_password,,
where can I get information about the lost PIN code?,account_access,ds2_bitext,ACCOUNT,recover_password,,
what do I have to do to recover the PIN of my account?,account_access,ds2_bitext,ACCOUNT,recover_password,,
where to reset my fucking account pass ?,account_access,ds2_bitext,ACCOUNT,recover_password,,
how to recover the key of my user account?,account_access,ds2_bitext,ACCOUNT,recover_password,,
problem with the pass recovery,account_access,ds2_bitext,ACCOUNT,recover_password,,
what do i need to do to recover my user account pin code,account_access,ds2_bitext,ACCOUNT,recover_password,,
I am trying to find information about my password recovery,account_access,ds2_bitext,ACCOUNT,recover_password,,
"I cannot remember the key of my profile, help me recover it",account_access,ds2_bitext,ACCOUNT,recover_password,,
what do I need to do to recover my user account PIN code?,account_access,ds2_bitext,ACCOUNT,recover_password,,
i do not know how to recover the pin of my user profile,account_access,ds2_bitext,ACCOUNT,recover_password,,
I don't know how to restore the PIN of my profile,account_access,ds2_bitext,ACCOUNT,recover_password,,
I am looking for information about a key reset,account_access,ds2_bitext,ACCOUNT,recover_password,,
help to retrieve my user profile pass,account_access,ds2_bitext,ACCOUNT,recover_password,,
have a question about forgotten pwd,account_access,ds2_bitext,ACCOUNT,recover_password,,
where do I restore the PIN of my user account?,account_access,ds2_bitext,ACCOUNT,recover_password,,
how do i reset the pin code of my account,account_access,ds2_bitext,ACCOUNT,recover_password,,
assistance recovering the access key of my account,account_access,ds2_bitext,ACCOUNT,recover_password,,
wanna reset the access key of my account,account_access,ds2_bitext,ACCOUNT,recover_password,,
restore the key of my profile,account_access,ds2_bitext,ACCOUNT,recover_password,,
i want help resetting my account access key,account_access,ds2_bitext,ACCOUNT,recover_password,,
can you help me restore the key of my user profile?,account_access,ds2_bitext,ACCOUNT,recover_password,,
want help to reset my user pass,account_access,ds2_bitext,ACCOUNT,recover_password,,
help me to retrieve my profile access key,account_access,ds2_bitext,ACCOUNT,recover_password,,
help me restore the key of my user,account_access,ds2_bitext,ACCOUNT,recover_password,,
I am trying to find information about a forgotten PIN code,account_access,ds2_bitext,ACCOUNT,recover_password,,
"I have forgotten my user account key, help to restore it",account_access,ds2_bitext,ACCOUNT,recover_password,,
I want help restoring the access key of my user,account_access,ds2_bitext,ACCOUNT,recover_password,,
question about the lost pin code,account_access,ds2_bitext,ACCOUNT,recover_password,,
I need assistance retrieving the PIN of my user,account_access,ds2_bitext,ACCOUNT,recover_password,,
would it be possible to retrieve my user account access key?,account_access,ds2_bitext,ACCOUNT,recover_password,,
I do not know how to reset my user profile PIN code,account_access,ds2_bitext,ACCOUNT,recover_password,,
i dont know what to do to recover myuser account pin,account_access,ds2_bitext,ACCOUNT,recover_password,,
want assistance to retrieve my profile pin,account_access,ds2_bitext,ACCOUNT,recover_password,,
need help recovering the pwd of my user,account_access,ds2_bitext,ACCOUNT,recover_password,,
I want help resetting my user profile PIN,account_access,ds2_bitext,ACCOUNT,recover_password,,
I am trying to restore my user profile PIN,account_access,ds2_bitext,ACCOUNT,recover_password,,
where could I retrieve my profile access key?,account_access,ds2_bitext,ACCOUNT,recover_password,,
I want help to reset my user profile PIN code,account_access,ds2_bitext,ACCOUNT,recover_password,,
I try to recover the PIN of my account,account_access,ds2_bitext,ACCOUNT,recover_password,,
how to recover my bloody access key?,account_access,ds2_bitext,ACCOUNT,recover_password,,
where can I restore the PIN code of my user account?,account_access,ds2_bitext,ACCOUNT,recover_password,,
I have got to recover my user pwd,account_access,ds2_bitext,ACCOUNT,recover_password,,
what do I need ot do to reset my user PIN?,account_access,ds2_bitext,ACCOUNT,recover_password,,
how do i retrieve my profile pin,account_access,ds2_bitext,ACCOUNT,recover_password,,
is it possible to retrieve my user account password?,account_access,ds2_bitext,ACCOUNT,recover_password,,
i cannot rettrieve my damn user pass,account_access,ds2_bitext,ACCOUNT,recover_password,,
I am looking for information about my key reset,account_access,ds2_bitext,ACCOUNT,recover_password,,
I want assistance to recover the PIN code of my profile,account_access,ds2_bitext,ACCOUNT,recover_password,,
"I can't remember my account password, where to reset it?",account_access,ds2_bitext,ACCOUNT,recover_password,,
I don't know what to do to recover my profile PIN code,account_access,ds2_bitext,ACCOUNT,recover_password,,
I need assistance resetting my account password,account_access,ds2_bitext,ACCOUNT,recover_password,,
problem with my PIN reset,account_access,ds2_bitext,ACCOUNT,recover_password,,
"someone stole my user profile PIN, how can I reset it?",account_access,ds2_bitext,ACCOUNT,recover_password,,
I need support with my sign-up,account_access,ds2_bitext,ACCOUNT,registration_problems,,
can you help me to report errors with registrations?,account_access,ds2_bitext,ACCOUNT,registration_problems,,
ik do not know how i can notify of a sign-up problem,account_access,ds2_bitext,ACCOUNT,registration_problems,,
I want assistance to notify of an error with sign-up,account_access,ds2_bitext,ACCOUNT,registration_problems,,
notify of problem with signup,account_access,ds2_bitext,ACCOUNT,registration_problems,,
I want assistance to report a problem with signup,account_access,ds2_bitext,ACCOUNT,registration_problems,,
help me report an issue with registrations,account_access,ds2_bitext,ACCOUNT,registration_problems,,
"I cannot create a user, help to inform of a signup problem",account_access,ds2_bitext,ACCOUNT,registration_problems,,
support with my online registration,account_access,ds2_bitext,ACCOUNT,registration_problems,,
assistance reporting problems with signup,account_access,ds2_bitext,ACCOUNT,registration_problems,,
I am trying to report signup problems,account_access,ds2_bitext,ACCOUNT,registration_problems,,
i dont know how i can inform of an problem with sign-up,account_access,ds2_bitext,ACCOUNT,registration_problems,,
I do not know how I can inform of a problem with a signup,account_access,ds2_bitext,ACCOUNT,registration_problems,,
I want assistanceinforming of errors with a registration,account_access,ds2_bitext,ACCOUNT,registration_problems,,
what do i need to do to reportt registration errors,account_access,ds2_bitext,ACCOUNT,registration_problems,,
can i inform of registration issues,account_access,ds2_bitext,ACCOUNT,registration_problems,,
i dont know what to do to inform of problems with a signup,account_access,ds2_bitext,ACCOUNT,registration_problems,,
I can't notify of problems with a registration,account_access,ds2_bitext,ACCOUNT,registration_problems,,
what d i need to do to report a problem with sign-up,account_access,ds2_bitext,ACCOUNT,registration_problems,,
"I can't sign up, I want help to inform of signup issues",account_access,ds2_bitext,ACCOUNT,registration_problems,,
I need help notifying of issues with a sign-up,account_access,ds2_bitext,ACCOUNT,registration_problems,,
assistance to report an error with a signup,account_access,ds2_bitext,ACCOUNT,registration_problems,,
i want assistance to inform of a problem with registrations,account_access,ds2_bitext,ACCOUNT,registration_problems,,
i dont know how i cqn report bloody sign-up issues,account_access,ds2_bitext,ACCOUNT,registration_problems,,
I don't know how to notify of an issue with goddamn sign-up,account_access,ds2_bitext,ACCOUNT,registration_problems,,
I needs to notify of signup issues,account_access,ds2_bitext,ACCOUNT,registration_problems,,
I have to notify of an issue with a signup,account_access,ds2_bitext,ACCOUNT,registration_problems,,
I want to report a problem with registrations,account_access,ds2_bitext,ACCOUNT,registration_problems,,
I am having sign-up errors,account_access,ds2_bitext,ACCOUNT,registration_problems,,
what do I have to do to report signup errors?,account_access,ds2_bitext,ACCOUNT,registration_problems,,
can you help me to report a problem with signup?,account_access,ds2_bitext,ACCOUNT,registration_problems,,
need to inform of issues wiht a signup can ya help me,account_access,ds2_bitext,ACCOUNT,registration_problems,,
"I cannot sign up, how do I inform of a registration problem?",account_access,ds2_bitext,ACCOUNT,registration_problems,,
informing of problem with sign-up,account_access,ds2_bitext,ACCOUNT,registration_problems,,
I want help informing of a signup problem,account_access,ds2_bitext,ACCOUNT,registration_problems,,
I do not know how I can notify of registration issues,account_access,ds2_bitext,ACCOUNT,registration_problems,,
i dont know what to do to notify of sign-up issues,account_access,ds2_bitext,ACCOUNT,registration_problems,,
I can't notify of a sign-up issue,account_access,ds2_bitext,ACCOUNT,registration_problems,,
help to report signup problems,account_access,ds2_bitext,ACCOUNT,registration_problems,,
need assistance reporting an error with a signup,account_access,ds2_bitext,ACCOUNT,registration_problems,,
I am experiencing errors signing up,account_access,ds2_bitext,ACCOUNT,registration_problems,,
informing of issue with sign-up,account_access,ds2_bitext,ACCOUNT,registration_problems,,
I'm experiencing an issue with my online registration,account_access,ds2_bitext,ACCOUNT,registration_problems,,
i do not know how i can report a sign-up error,account_access,ds2_bitext,ACCOUNT,registration_problems,,
"I cannot open a profile, help me to report signup problems",account_access,ds2_bitext,ACCOUNT,registration_problems,,
how do I notify of a signup problem?,account_access,ds2_bitext,ACCOUNT,registration_problems,,
assistanec to notify of signup problems,account_access,ds2_bitext,ACCOUNT,registration_problems,,
I do not know how I can notify of sign-up issues,account_access,ds2_bitext,ACCOUNT,registration_problems,,
i cant open a user profile where do i report sign-u errors,account_access,ds2_bitext,ACCOUNT,registration_problems,,
need to noitify of problems with registrations,account_access,ds2_bitext,ACCOUNT,registration_problems,,
I need support weith my sign-up,account_access,ds2_bitext,ACCOUNT,registration_problems,,
I need help to notiyf of a registration problem,account_access,ds2_bitext,ACCOUNT,registration_problems,,
I'd like to inform of an issue with signup help me,account_access,ds2_bitext,ACCOUNT,registration_problems,,
I need to report problems with a sign-up,account_access,ds2_bitext,ACCOUNT,registration_problems,,
need to infomr of an error with registrations,account_access,ds2_bitext,ACCOUNT,registration_problems,,
"I am experiencing issues trying to sign up, what can I do ?",account_access,ds2_bitext,ACCOUNT,registration_problems,,
i do not know what i need to do to inform of signup erors,account_access,ds2_bitext,ACCOUNT,registration_problems,,
i cant open a profile where do i inform of a sign-up issue,account_access,ds2_bitext,ACCOUNT,registration_problems,,
what do i have to do to report a problem with registrations,account_access,ds2_bitext,ACCOUNT,registration_problems,,
I have to inform of an issue with bloody registrations,account_access,ds2_bitext,ACCOUNT,registration_problems,,
i have to inform of sign-up errrors,account_access,ds2_bitext,ACCOUNT,registration_problems,,
would it be possible to inform of errors with sign-up?,account_access,ds2_bitext,ACCOUNT,registration_problems,,
where could I report a registration error?,account_access,ds2_bitext,ACCOUNT,registration_problems,,
want assistance notifying of issues with a registration,account_access,ds2_bitext,ACCOUNT,registration_problems,,
i do not know how i can report an issue with a sign-up,account_access,ds2_bitext,ACCOUNT,registration_problems,,
could you help me notify of problems with a sign-up?,account_access,ds2_bitext,ACCOUNT,registration_problems,,
assistance reporting issues with sign-up,account_access,ds2_bitext,ACCOUNT,registration_problems,,
"I cannot create a user, help informing of a signup problem",account_access,ds2_bitext,ACCOUNT,registration_problems,,
help reporting fucking signup problems,account_access,ds2_bitext,ACCOUNT,registration_problems,,
i cant create a user need help reportinga sign-up problem,account_access,ds2_bitext,ACCOUNT,registration_problems,,
i want help to inform of a registration issue,account_access,ds2_bitext,ACCOUNT,registration_problems,,
i cant open a user i wanna report signup issues,account_access,ds2_bitext,ACCOUNT,registration_problems,,
help to inform of issues with signu,account_access,ds2_bitext,ACCOUNT,registration_problems,,
I want assistance to inform of a sign-up problem,account_access,ds2_bitext,ACCOUNT,registration_problems,,
where to notify of an issue with a sign-up,account_access,ds2_bitext,ACCOUNT,registration_problems,,
I need help to report an issue with signup,account_access,ds2_bitext,ACCOUNT,registration_problems,,
I have top report errors with sign-up,account_access,ds2_bitext,ACCOUNT,registration_problems,,
want assistance to report a sign-up error,account_access,ds2_bitext,ACCOUNT,registration_problems,,
inform of error opening profile,account_access,ds2_bitext,ACCOUNT,registration_problems,,
I don't know how to inform of an issue with sign-up,account_access,ds2_bitext,ACCOUNT,registration_problems,,
i want assistance to notify of a signup error,account_access,ds2_bitext,ACCOUNT,registration_problems,,
how to notify of registration issues?,account_access,ds2_bitext,ACCOUNT,registration_problems,,
I want help informing of errors with a registration,account_access,ds2_bitext,ACCOUNT,registration_problems,,
i have an error with my sign-up,account_access,ds2_bitext,ACCOUNT,registration_problems,,
I want assistance to notify of a sign-up error,account_access,ds2_bitext,ACCOUNT,registration_problems,,
i need help informing of registration errors,account_access,ds2_bitext,ACCOUNT,registration_problems,,
I want help to inform of an issuewith signup,account_access,ds2_bitext,ACCOUNT,registration_problems,,
I have a question about opening user profiles,account_access,ds2_bitext,ACCOUNT,registration_problems,,
I have to report a problem with signup,account_access,ds2_bitext,ACCOUNT,registration_problems,,
I want help to notify of a registration error,account_access,ds2_bitext,ACCOUNT,registration_problems,,
what do i have to do to inform of a signup error,account_access,ds2_bitext,ACCOUNT,registration_problems,,
can you help me informing of a registration error?,account_access,ds2_bitext,ACCOUNT,registration_problems,,
need help to rport issues with goddamn sign-up,account_access,ds2_bitext,ACCOUNT,registration_problems,,
notify of issue with ergistration,account_access,ds2_bitext,ACCOUNT,registration_problems,,
"I cannot create an account, I want to report a sign-up issue",account_access,ds2_bitext,ACCOUNT,registration_problems,,
i want help to notify of registration problems,account_access,ds2_bitext,ACCOUNT,registration_problems,,
want assistance to notify of an issue with sign-up,account_access,ds2_bitext,ACCOUNT,registration_problems,,
can I notify of problems with a sign-up?,account_access,ds2_bitext,ACCOUNT,registration_problems,,
inform of a registration problem,account_access,ds2_bitext,ACCOUNT,registration_problems,,
need assistance to notify of an issue with sign-up,account_access,ds2_bitext,ACCOUNT,registration_problems,,
I cannot notify of an issue with registrations,account_access,ds2_bitext,ACCOUNT,registration_problems,,
"I can't open an account, where do I report a signup issue?",account_access,ds2_bitext,ACCOUNT,registration_problems,,
want hepl regarding my signup,account_access,ds2_bitext,ACCOUNT,registration_problems,,
I need assistance to report issues with signup,account_access,ds2_bitext,ACCOUNT,registration_problems,,
I don't know what to do to inform of a registration error,account_access,ds2_bitext,ACCOUNT,registration_problems,,
how to inform of an issue with a registration?,account_access,ds2_bitext,ACCOUNT,registration_problems,,
where could I inform of issues with a signup?,account_access,ds2_bitext,ACCOUNT,registration_problems,,
I want help informing of an issue with a sign-up,account_access,ds2_bitext,ACCOUNT,registration_problems,,
i want assistance informing of a sign-up issue,account_access,ds2_bitext,ACCOUNT,registration_problems,,
i dont kno how to inform of an error with a registration,account_access,ds2_bitext,ACCOUNT,registration_problems,,
i want assistance to inform of problems with sign-up,account_access,ds2_bitext,ACCOUNT,registration_problems,,
i cant open an accojnt help me to notify of a sign-up issue,account_access,ds2_bitext,ACCOUNT,registration_problems,,
I want assistance to notify of a problem with a registration,account_access,ds2_bitext,ACCOUNT,registration_problems,,
help me informing of a problem with signup,account_access,ds2_bitext,ACCOUNT,registration_problems,,
I want help reporting sign-up issues,account_access,ds2_bitext,ACCOUNT,registration_problems,,
I have to notify of problems with a registration,account_access,ds2_bitext,ACCOUNT,registration_problems,,
I do not know what to do to inform of an issue with a signup,account_access,ds2_bitext,ACCOUNT,registration_problems,,
notify of a signup issue,account_access,ds2_bitext,ACCOUNT,registration_problems,,
i cant sign up i need to inform of signup erroprs,account_access,ds2_bitext,ACCOUNT,registration_problems,,
how do i notify of a sign-up isse,account_access,ds2_bitext,ACCOUNT,registration_problems,,
i do not know how i can inform of a problem with a signup,account_access,ds2_bitext,ACCOUNT,registration_problems,,
can I report a problem with a signup?,account_access,ds2_bitext,ACCOUNT,registration_problems,,
I don't know what I need to do to report registration errors,account_access,ds2_bitext,ACCOUNT,registration_problems,,
how can I notify of issues with a sign-up?,account_access,ds2_bitext,ACCOUNT,registration_problems,,
I try to inform of problems with a signup,account_access,ds2_bitext,ACCOUNT,registration_problems,,
i do not know how i could report signup issues,account_access,ds2_bitext,ACCOUNT,registration_problems,,
I have issues trying to register,account_access,ds2_bitext,ACCOUNT,registration_problems,,
I need assistance informing of signup problems,account_access,ds2_bitext,ACCOUNT,registration_problems,,
want help to report fucking sign-up errors,account_access,ds2_bitext,ACCOUNT,registration_problems,,
I need help to report problems with a registration,account_access,ds2_bitext,ACCOUNT,registration_problems,,
I do not know what to do to notify of a signup error,account_access,ds2_bitext,ACCOUNT,registration_problems,,
I need assistance informing of sign-up problems,account_access,ds2_bitext,ACCOUNT,registration_problems,,
I need to notify of a bloody signup problem,account_access,ds2_bitext,ACCOUNT,registration_problems,,
want help to inform of errors wwith registrations,account_access,ds2_bitext,ACCOUNT,registration_problems,,
i cannot notify of a problem with a sign-up,account_access,ds2_bitext,ACCOUNT,registration_problems,,
I do not know how to notify of a sign-up error,account_access,ds2_bitext,ACCOUNT,registration_problems,,
i do not know what to do to notify of registration issues,account_access,ds2_bitext,ACCOUNT,registration_problems,,
i want help to report sign-up errors,account_access,ds2_bitext,ACCOUNT,registration_problems,,
I need assistance to inform of a registration problem,account_access,ds2_bitext,ACCOUNT,registration_problems,,
I need help to inform of problems with a sign-up,account_access,ds2_bitext,ACCOUNT,registration_problems,,
how to inform of issues with a sign-up?,account_access,ds2_bitext,ACCOUNT,registration_problems,,
i dont know how i can notify of an issue with sign-up,account_access,ds2_bitext,ACCOUNT,registration_problems,,
"I can't register, how could I report signup problems?",account_access,ds2_bitext,ACCOUNT,registration_problems,,
want assistance to inform of a problem with signup,account_access,ds2_bitext,ACCOUNT,registration_problems,,
I have to notify of a sign-up error,account_access,ds2_bitext,ACCOUNT,registration_problems,,
i dont know how to inform od an error with signup,account_access,ds2_bitext,ACCOUNT,registration_problems,,
help me to notify of issues with a signup,account_access,ds2_bitext,ACCOUNT,registration_problems,,
I try to report a sign-up problem,account_access,ds2_bitext,ACCOUNT,registration_problems,,
help toinform of registration issues,account_access,ds2_bitext,ACCOUNT,registration_problems,,
what do I have to do to report a problem with sign-up?,account_access,ds2_bitext,ACCOUNT,registration_problems,,
i dont know what i have to do to inform of a sign-up error,account_access,ds2_bitext,ACCOUNT,registration_problems,,
can ya help me to inform of problems with sign-up,account_access,ds2_bitext,ACCOUNT,registration_problems,,
is it possible to notify of a registration error?,account_access,ds2_bitext,ACCOUNT,registration_problems,,
I cannot inform of an error with sign-up,account_access,ds2_bitext,ACCOUNT,registration_problems,,
how do I notify of issues with registrations ?,account_access,ds2_bitext,ACCOUNT,registration_problems,,
I don't know how I can notify of issues with a registration,account_access,ds2_bitext,ACCOUNT,registration_problems,,
I need help to inform of sign-up problems,account_access,ds2_bitext,ACCOUNT,registration_problems,,
where can I notify of a registration issue?,account_access,ds2_bitext,ACCOUNT,registration_problems,,
I do not know what to do to inform of a signup problem,account_access,ds2_bitext,ACCOUNT,registration_problems,,
I don't know how to report a problem with an sign-up,account_access,ds2_bitext,ACCOUNT,registration_problems,,
"I cannot sign up, I need to notify of registration issues",account_access,ds2_bitext,ACCOUNT,registration_problems,,
assistance to inform of problems with sign-up,account_access,ds2_bitext,ACCOUNT,registration_problems,,
need to inform of a registration issue,account_access,ds2_bitext,ACCOUNT,registration_problems,,
where can I report sign-up problems?,account_access,ds2_bitext,ACCOUNT,registration_problems,,
where could I inform of errors with a registration?,account_access,ds2_bitext,ACCOUNT,registration_problems,,
I do notg know how I can inform of a problem with signup,account_access,ds2_bitext,ACCOUNT,registration_problems,,
I have got to notify of aproblem with signup,account_access,ds2_bitext,ACCOUNT,registration_problems,,
I can't report errors with signup,account_access,ds2_bitext,ACCOUNT,registration_problems,,
I am experiencing a problem signing up,account_access,ds2_bitext,ACCOUNT,registration_problems,,
i want assistance reporfting an error with signup,account_access,ds2_bitext,ACCOUNT,registration_problems,,
help me informing of sign-up issues,account_access,ds2_bitext,ACCOUNT,registration_problems,,
how to notify of a problem with a registration,account_access,ds2_bitext,ACCOUNT,registration_problems,,
is it possible to inform of errors with a registration?,account_access,ds2_bitext,ACCOUNT,registration_problems,,
i cant sign up want assistance to report a signup issue,account_access,ds2_bitext,ACCOUNT,registration_problems,,
can you help me inform of an problem with sign-up?,account_access,ds2_bitext,ACCOUNT,registration_problems,,
"I cannot register, where do I report damn sign-up problems?",account_access,ds2_bitext,ACCOUNT,registration_problems,,
where do i inform of problems with a registration,account_access,ds2_bitext,ACCOUNT,registration_problems,,
"I can't open a profile, I want to report signup problems",account_access,ds2_bitext,ACCOUNT,registration_problems,,
I'm trying to report problems with a signup,account_access,ds2_bitext,ACCOUNT,registration_problems,,
I want to notify of registration errors,account_access,ds2_bitext,ACCOUNT,registration_problems,,
i need help notifying of registration errors,account_access,ds2_bitext,ACCOUNT,registration_problems,,
I want to inform of problems with a signup,account_access,ds2_bitext,ACCOUNT,registration_problems,,
assistance informing of a signup problem,account_access,ds2_bitext,ACCOUNT,registration_problems,,
assistance to inform of registration problems,account_access,ds2_bitext,ACCOUNT,registration_problems,,
need help reporting errors with registratons,account_access,ds2_bitext,ACCOUNT,registration_problems,,
help me notifying of a sign-up problem,account_access,ds2_bitext,ACCOUNT,registration_problems,,
i cannot notify of errors with sign-up,account_access,ds2_bitext,ACCOUNT,registration_problems,,
where can I report a problem with a signup?,account_access,ds2_bitext,ACCOUNT,registration_problems,,
how could I inform of errors with a signup?,account_access,ds2_bitext,ACCOUNT,registration_problems,,
can you help me to report a problem with a registration?,account_access,ds2_bitext,ACCOUNT,registration_problems,,
is it possible to report an error with registrations,account_access,ds2_bitext,ACCOUNT,registration_problems,,
help me reporting a sign-up problem,account_access,ds2_bitext,ACCOUNT,registration_problems,,
how do I inform of a issue with a sign-up?,account_access,ds2_bitext,ACCOUNT,registration_problems,,
i do not know how to inform of problems with a signup,account_access,ds2_bitext,ACCOUNT,registration_problems,,
I need help reporting errors with a signup,account_access,ds2_bitext,ACCOUNT,registration_problems,,
I do not know how to inform of a sign-up problem,account_access,ds2_bitext,ACCOUNT,registration_problems,,
i cant notifyof a registration issue,account_access,ds2_bitext,ACCOUNT,registration_problems,,
help me notify of errors with registrations,account_access,ds2_bitext,ACCOUNT,registration_problems,,
how do i inform of a problem with a signup,account_access,ds2_bitext,ACCOUNT,registration_problems,,
need assistance to notify of errors with a registration,account_access,ds2_bitext,ACCOUNT,registration_problems,,
help to report an error with signup,account_access,ds2_bitext,ACCOUNT,registration_problems,,
I want help notifying of a error with a signup,account_access,ds2_bitext,ACCOUNT,registration_problems,,
I don't know how to inform of problems with a signup,account_access,ds2_bitext,ACCOUNT,registration_problems,,
can I notify of an error with registrations?,account_access,ds2_bitext,ACCOUNT,registration_problems,,
help notifying of signup problems,account_access,ds2_bitext,ACCOUNT,registration_problems,,
I have got to inform of signup issues,account_access,ds2_bitext,ACCOUNT,registration_problems,,
need to notify of a signup issue,account_access,ds2_bitext,ACCOUNT,registration_problems,,
informing of issues creating user account,account_access,ds2_bitext,ACCOUNT,registration_problems,,
were do I report an issue with a registration?,account_access,ds2_bitext,ACCOUNT,registration_problems,,
i dont know how i could inform of a problem with a sign-up,account_access,ds2_bitext,ACCOUNT,registration_problems,,
i cant inform of sign-up errors,account_access,ds2_bitext,ACCOUNT,registration_problems,,
notifying of errors creating user,account_access,ds2_bitext,ACCOUNT,registration_problems,,
how colud I notify of registration problems?,account_access,ds2_bitext,ACCOUNT,registration_problems,,
"I have got to report an issue with a signup, I need help",account_access,ds2_bitext,ACCOUNT,registration_problems,,
i need assiustance reporting an issue with a registration,account_access,ds2_bitext,ACCOUNT,registration_problems,,
I am experiencing a registration issue,account_access,ds2_bitext,ACCOUNT,registration_problems,,
I don't know what I need to do to notify of a sign-up issue,account_access,ds2_bitext,ACCOUNT,registration_problems,,
where do i report a registration problem,account_access,ds2_bitext,ACCOUNT,registration_problems,,
i want assistance reporting issues with sign-up,account_access,ds2_bitext,ACCOUNT,registration_problems,,
i have an issue with my signup,account_access,ds2_bitext,ACCOUNT,registration_problems,,
i want assistance to notify of a goddamn signup problem,account_access,ds2_bitext,ACCOUNT,registration_problems,,
i cannot sign up need helpto report sign-up problems,account_access,ds2_bitext,ACCOUNT,registration_problems,,
how to inform of an error with a signup,account_access,ds2_bitext,ACCOUNT,registration_problems,,
I am experiencing an problem registering,account_access,ds2_bitext,ACCOUNT,registration_problems,,
i do not know how i can report an error with signup,account_access,ds2_bitext,ACCOUNT,registration_problems,,
what do i have to do to report an issue with a registration,account_access,ds2_bitext,ACCOUNT,registration_problems,,
i cant sign up I'd ilke to inform of a bloody signup problem,account_access,ds2_bitext,ACCOUNT,registration_problems,,
i cant report sign-up problems,account_access,ds2_bitext,ACCOUNT,registration_problems,,
help me to report problems with a signup,account_access,ds2_bitext,ACCOUNT,registration_problems,,
where can I inform of a damn sign-up issue?,account_access,ds2_bitext,ACCOUNT,registration_problems,,
I want help to inform of an issue with a sign-up,account_access,ds2_bitext,ACCOUNT,registration_problems,,
notifying of issue opening user,account_access,ds2_bitext,ACCOUNT,registration_problems,,
I want help informing of signup problems,account_access,ds2_bitext,ACCOUNT,registration_problems,,
I'm trying to notify of errors with registrations,account_access,ds2_bitext,ACCOUNT,registration_problems,,
I do not know what I need to do to inform of a signup issue,account_access,ds2_bitext,ACCOUNT,registration_problems,,
assistance to report an error with a registration,account_access,ds2_bitext,ACCOUNT,registration_problems,,
I am trying to inform of an issue with registrations,account_access,ds2_bitext,ACCOUNT,registration_problems,,
can I notify of problems with signup?,account_access,ds2_bitext,ACCOUNT,registration_problems,,
I have to report signup issues,account_access,ds2_bitext,ACCOUNT,registration_problems,,
i want help notifying of signup errors,account_access,ds2_bitext,ACCOUNT,registration_problems,,
need assistance notifying of an issue with sign-up,account_access,ds2_bitext,ACCOUNT,registration_problems,,
I don't know how I can inform of errors with sign-up,account_access,ds2_bitext,ACCOUNT,registration_problems,,
how do i inform of issues with a signup,account_access,ds2_bitext,ACCOUNT,registration_problems,,
I don't know what I have to do to inform of sign-up issues,account_access,ds2_bitext,ACCOUNT,registration_problems,,
I do not know how to notify of issues with a signup,account_access,ds2_bitext,ACCOUNT,registration_problems,,
I'm trying to notify of errors with signup,account_access,ds2_bitext,ACCOUNT,registration_problems,,
can you help me report problems with a sign-up?,account_access,ds2_bitext,ACCOUNT,registration_problems,,
notifying of problems creating user account,account_access,ds2_bitext,ACCOUNT,registration_problems,,
where to notify of an issue with a registration,account_access,ds2_bitext,ACCOUNT,registration_problems,,
need help to notify of a problem with a registration,account_access,ds2_bitext,ACCOUNT,registration_problems,,
how to inform of problems with signup?,account_access,ds2_bitext,ACCOUNT,registration_problems,,
where to notify of errors with sign-up?,account_access,ds2_bitext,ACCOUNT,registration_problems,,
help me to report damn sign-up erors,account_access,ds2_bitext,ACCOUNT,registration_problems,,
where do I report an issue wiht signup?,account_access,ds2_bitext,ACCOUNT,registration_problems,,
I don't know how I could report issues with a sign-up,account_access,ds2_bitext,ACCOUNT,registration_problems,,
there is an issue with my online registration,account_access,ds2_bitext,ACCOUNT,registration_problems,,
I am having an isuse with my signup,account_access,ds2_bitext,ACCOUNT,registration_problems,,
is it possible to notify of a problem with a signup?,account_access,ds2_bitext,ACCOUNT,registration_problems,,
I want to inform of an error with a damn signup,account_access,ds2_bitext,ACCOUNT,registration_problems,,
i need help notifying of registration issues,account_access,ds2_bitext,ACCOUNT,registration_problems,,
I need assistance reporting a problem with a sign-up,account_access,ds2_bitext,ACCOUNT,registration_problems,,
I don't know what to do to report problems witha sign-up,account_access,ds2_bitext,ACCOUNT,registration_problems,,
need aasistance reporting a problem with goddamn sign-up,account_access,ds2_bitext,ACCOUNT,registration_problems,,
"I want to report a problem with a sign-up, how do I do it?",account_access,ds2_bitext,ACCOUNT,registration_problems,,
i need help notifying of a problem with a signup,account_access,ds2_bitext,ACCOUNT,registration_problems,,
wanna notify of errors with sign-up,account_access,ds2_bitext,ACCOUNT,registration_problems,,
can i inform of an issue with a registration,account_access,ds2_bitext,ACCOUNT,registration_problems,,
I need to inform of an error with registrations,account_access,ds2_bitext,ACCOUNT,registration_problems,,
how could I notify of errors with a sign-up?,account_access,ds2_bitext,ACCOUNT,registration_problems,,
I can't notify of errors with a signup,account_access,ds2_bitext,ACCOUNT,registration_problems,,
i dont know how to report an issue with an signup,account_access,ds2_bitext,ACCOUNT,registration_problems,,
where to inform of issues with a signup?,account_access,ds2_bitext,ACCOUNT,registration_problems,,
how can I notify of an error with a registration?,account_access,ds2_bitext,ACCOUNT,registration_problems,,
i do not know how i can report an issue with sign-up,account_access,ds2_bitext,ACCOUNT,registration_problems,,
I do not know how to report a signup error,account_access,ds2_bitext,ACCOUNT,registration_problems,,
i have got to notify of ah issue with a registration,account_access,ds2_bitext,ACCOUNT,registration_problems,,
I do not know what to do to report an error with sign-up,account_access,ds2_bitext,ACCOUNT,registration_problems,,
what do i need to do to inform of an error with a isgnup,account_access,ds2_bitext,ACCOUNT,registration_problems,,
I want assistance reporting issues with a sign-up,account_access,ds2_bitext,ACCOUNT,registration_problems,,
i cant notify of errors with a registration,account_access,ds2_bitext,ACCOUNT,registration_problems,,
I want help reporting sign-up errors,account_access,ds2_bitext,ACCOUNT,registration_problems,,
"I cannot open a profile, can I report bloody signup errors?",account_access,ds2_bitext,ACCOUNT,registration_problems,,
i have to notify of problems with registrations,account_access,ds2_bitext,ACCOUNT,registration_problems,,
hw can I notify of errors with a signup?,account_access,ds2_bitext,ACCOUNT,registration_problems,,
"I am experiencing issues trying to sign up, can you help me?",account_access,ds2_bitext,ACCOUNT,registration_problems,,
need assistance to report registration issues,account_access,ds2_bitext,ACCOUNT,registration_problems,,
where to notify of sign-up errors?,account_access,ds2_bitext,ACCOUNT,registration_problems,,
i dont know how tl inform of signup errors,account_access,ds2_bitext,ACCOUNT,registration_problems,,
want assistance informing of sign-up errors,account_access,ds2_bitext,ACCOUNT,registration_problems,,
i do not know what i have to do to notify of a sign-up error,account_access,ds2_bitext,ACCOUNT,registration_problems,,
where do i report an error with sign-up,account_access,ds2_bitext,ACCOUNT,registration_problems,,
help me to reporty sign-up issues,account_access,ds2_bitext,ACCOUNT,registration_problems,,
i dont know how i could inform of an error with signup,account_access,ds2_bitext,ACCOUNT,registration_problems,,
what do I have to do to inform of problems with sign-up?,account_access,ds2_bitext,ACCOUNT,registration_problems,,
help to inform of a problem with a registration,account_access,ds2_bitext,ACCOUNT,registration_problems,,
I am having an error trying to register,account_access,ds2_bitext,ACCOUNT,registration_problems,,
need to notify of an issue with registrations,account_access,ds2_bitext,ACCOUNT,registration_problems,,
I have issues trying to register,account_access,ds2_bitext,ACCOUNT,registration_problems,,
can you help me to report issues with registrations?,account_access,ds2_bitext,ACCOUNT,registration_problems,,
I want to inform of a registration issue,account_access,ds2_bitext,ACCOUNT,registration_problems,,
"I can't open an account, help me report bloody signup issues",account_access,ds2_bitext,ACCOUNT,registration_problems,,
I cannot report errors with a registration,account_access,ds2_bitext,ACCOUNT,registration_problems,,
is it possible to inform of a sign-up issue,account_access,ds2_bitext,ACCOUNT,registration_problems,,
can you help me notify of errors with sign-up?,account_access,ds2_bitext,ACCOUNT,registration_problems,,
I don't know how I could report errors with a registration,account_access,ds2_bitext,ACCOUNT,registration_problems,,
i dont know what to do to inform of a bloody signup problem,account_access,ds2_bitext,ACCOUNT,registration_problems,,
can ya help me report an issue with signup,account_access,ds2_bitext,ACCOUNT,registration_problems,,
I have got to inform of an error with registrations,account_access,ds2_bitext,ACCOUNT,registration_problems,,
I can't notify of issues with a registration,account_access,ds2_bitext,ACCOUNT,registration_problems,,
I want assistance to notify of an error with a registration,account_access,ds2_bitext,ACCOUNT,registration_problems,,
what do i needto do to inform of registration issues,account_access,ds2_bitext,ACCOUNT,registration_problems,,
can i inform of rwgistration errors,account_access,ds2_bitext,ACCOUNT,registration_problems,,
I would like to report a fucking registration error,account_access,ds2_bitext,ACCOUNT,registration_problems,,
i od not know what i need to do to report a sign-up issue,account_access,ds2_bitext,ACCOUNT,registration_problems,,
were to inform of a registration error,account_access,ds2_bitext,ACCOUNT,registration_problems,,
I want to notify of problems with signup,account_access,ds2_bitext,ACCOUNT,registration_problems,,
I am tryign to inform of an error with a registration,account_access,ds2_bitext,ACCOUNT,registration_problems,,
"I can't open an account, reportregistration issues",account_access,ds2_bitext,ACCOUNT,registration_problems,,
what do I have to do to inform of an issue with sign-up?,account_access,ds2_bitext,ACCOUNT,registration_problems,,
I cannot notify of issues with signup,account_access,ds2_bitext,ACCOUNT,registration_problems,,
I do not know how I can reoprt signup errors,account_access,ds2_bitext,ACCOUNT,registration_problems,,
i dont know how to report an error with sign-up,account_access,ds2_bitext,ACCOUNT,registration_problems,,
i want assistance with my onlinhe registration,account_access,ds2_bitext,ACCOUNT,registration_problems,,
I am experiencing a problem with the signup,account_access,ds2_bitext,ACCOUNT,registration_problems,,
how can i notify of errors with a sign-up,account_access,ds2_bitext,ACCOUNT,registration_problems,,
need assistance to inofrm of issues with a sign-up,account_access,ds2_bitext,ACCOUNT,registration_problems,,
what do i have to do to notify of a problem with a sign-up,account_access,ds2_bitext,ACCOUNT,registration_problems,,
is it possible to notify of an error with signup?,account_access,ds2_bitext,ACCOUNT,registration_problems,,
what do i need to do to report an issue with a signup,account_access,ds2_bitext,ACCOUNT,registration_problems,,
help me inform of a sign-up problem,account_access,ds2_bitext,ACCOUNT,registration_problems,,
need assistance to inform of an issue with signup,account_access,ds2_bitext,ACCOUNT,registration_problems,,
I want assistance informing of issues with sign-up,account_access,ds2_bitext,ACCOUNT,registration_problems,,
I don't know how I could notify of a problem with a sign-up,account_access,ds2_bitext,ACCOUNT,registration_problems,,
i cant open a user account help me report sign-up errors,account_access,ds2_bitext,ACCOUNT,registration_problems,,
is it possible to report an error with a signup,account_access,ds2_bitext,ACCOUNT,registration_problems,,
I don't know how to inform of an issue with registrations,account_access,ds2_bitext,ACCOUNT,registration_problems,,
i try to reoprt issues with sign-up,account_access,ds2_bitext,ACCOUNT,registration_problems,,
I do not know how to report issues with signup,account_access,ds2_bitext,ACCOUNT,registration_problems,,
wanna inform of registration issues,account_access,ds2_bitext,ACCOUNT,registration_problems,,
can you help me informing of an issue with signup?,account_access,ds2_bitext,ACCOUNT,registration_problems,,
I want help informing of an issue with a signup,account_access,ds2_bitext,ACCOUNT,registration_problems,,
I need assistance reporting an issue with bloody signup,account_access,ds2_bitext,ACCOUNT,registration_problems,,
I do not know how to notify of signup errors,account_access,ds2_bitext,ACCOUNT,registration_problems,,
I need help to report signup issues,account_access,ds2_bitext,ACCOUNT,registration_problems,,
where can I report a problem with sign-up?,account_access,ds2_bitext,ACCOUNT,registration_problems,,
i want assistance to notify of an error with signup,account_access,ds2_bitext,ACCOUNT,registration_problems,,
help me inform of a problem with signup,account_access,ds2_bitext,ACCOUNT,registration_problems,,
i need assistance to notify of a registration problem,account_access,ds2_bitext,ACCOUNT,registration_problems,,
where to report a problem with signup,account_access,ds2_bitext,ACCOUNT,registration_problems,,
help to report registration errors,account_access,ds2_bitext,ACCOUNT,registration_problems,,
help to report issues with an sign-up,account_access,ds2_bitext,ACCOUNT,registration_problems,,
I do not know how I can report issues with a sign-up,account_access,ds2_bitext,ACCOUNT,registration_problems,,
notifying of issues creating user,account_access,ds2_bitext,ACCOUNT,registration_problems,,
I am trying to inform of a problem with a signup,account_access,ds2_bitext,ACCOUNT,registration_problems,,
I have errors signing up,account_access,ds2_bitext,ACCOUNT,registration_problems,,
I need help to report a problem with a registration,account_access,ds2_bitext,ACCOUNT,registration_problems,,
"I cannot sign up, inform of sign-up problems",account_access,ds2_bitext,ACCOUNT,registration_problems,,
notifying of problem creating user profile,account_access,ds2_bitext,ACCOUNT,registration_problems,,
I am having an online registration error,account_access,ds2_bitext,ACCOUNT,registration_problems,,
I want assistance to inform of a problem with registrations,account_access,ds2_bitext,ACCOUNT,registration_problems,,
i have an error with my signup,account_access,ds2_bitext,ACCOUNT,registration_problems,,
I need help reporting a problem iwth signup,account_access,ds2_bitext,ACCOUNT,registration_problems,,
I cannot report a registration error,account_access,ds2_bitext,ACCOUNT,registration_problems,,
i ahve to report problems with signup,account_access,ds2_bitext,ACCOUNT,registration_problems,,
help me reporting an issue with a registration,account_access,ds2_bitext,ACCOUNT,registration_problems,,
I want assistance to inform of problems with a registration,account_access,ds2_bitext,ACCOUNT,registration_problems,,
can you help me notify of a problem with registrations?,account_access,ds2_bitext,ACCOUNT,registration_problems,,
i need assistance to notify of an error with registrations,account_access,ds2_bitext,ACCOUNT,registration_problems,,
i cant open a rpofile want help notifying of a signup error,account_access,ds2_bitext,ACCOUNT,registration_problems,,
"I can't register, help to inform of a signup issue",account_access,ds2_bitext,ACCOUNT,registration_problems,,
I want help informing of sign-up errors,account_access,ds2_bitext,ACCOUNT,registration_problems,,
"I cannot open a user account, can I report a sign-up error?",account_access,ds2_bitext,ACCOUNT,registration_problems,,
notify of errorw with online registration,account_access,ds2_bitext,ACCOUNT,registration_problems,,
how do i inform of problems with registrations,account_access,ds2_bitext,ACCOUNT,registration_problems,,
I do not know how I can inform of problems with signuo,account_access,ds2_bitext,ACCOUNT,registration_problems,,
i dont know how i can report an error with registrations,account_access,ds2_bitext,ACCOUNT,registration_problems,,
I have to notify of an issue with sign-up,account_access,ds2_bitext,ACCOUNT,registration_problems,,
"I can't create an account, how to notify of signup issues?",account_access,ds2_bitext,ACCOUNT,registration_problems,,
I need help to notify of problems with sign-up,account_access,ds2_bitext,ACCOUNT,registration_problems,,
can you help me notify of registration problems?,account_access,ds2_bitext,ACCOUNT,registration_problems,,
I want to inform of problems with sign-up,account_access,ds2_bitext,ACCOUNT,registration_problems,,
help to report problems with registrations,account_access,ds2_bitext,ACCOUNT,registration_problems,,
I don't know how to notify of a problem with sign-up,account_access,ds2_bitext,ACCOUNT,registration_problems,,
assistance to report an error with signup,account_access,ds2_bitext,ACCOUNT,registration_problems,,
informing of errors opening user profile,account_access,ds2_bitext,ACCOUNT,registration_problems,,
can i notify of problems with a signup,account_access,ds2_bitext,ACCOUNT,registration_problems,,
can i notify of errors with sign-up,account_access,ds2_bitext,ACCOUNT,registration_problems,,
assistance notifying of a signup problem,account_access,ds2_bitext,ACCOUNT,registration_problems,,
i want assistance to notify of an issue with reegistrations,account_access,ds2_bitext,ACCOUNT,registration_problems,,
assistance to inform of issues with a sign-up,account_access,ds2_bitext,ACCOUNT,registration_problems,,
i need assistance reporting issues with signup,account_access,ds2_bitext,ACCOUNT,registration_problems,,
need support with my signup,account_access,ds2_bitext,ACCOUNT,registration_problems,,
I don't know what to do to notiyf of registration errors,account_access,ds2_bitext,ACCOUNT,registration_problems,,
i cannot inform of errors wiht a signup,account_access,ds2_bitext,ACCOUNT,registration_problems,,
"I need to notify of errors with signup, will you help me?",account_access,ds2_bitext,ACCOUNT,registration_problems,,
I don't know how to report problems with sign-up,account_access,ds2_bitext,ACCOUNT,registration_problems,,
i want help to inform of a problem with registrations,account_access,ds2_bitext,ACCOUNT,registration_problems,,
I want help to report registration errors,account_access,ds2_bitext,ACCOUNT,registration_problems,,
I can't notify of issues with a sign-up,account_access,ds2_bitext,ACCOUNT,registration_problems,,
i need help to notify of errors with a signup,account_access,ds2_bitext,ACCOUNT,registration_problems,,
what do I have to do to notify of registration issues?,account_access,ds2_bitext,ACCOUNT,registration_problems,,
where to reoort a problem with a signup,account_access,ds2_bitext,ACCOUNT,registration_problems,,
I need to inform of a sign-up problem,account_access,ds2_bitext,ACCOUNT,registration_problems,,
"I cannot create a user profile, help reporting signup issues",account_access,ds2_bitext,ACCOUNT,registration_problems,,
i canno notify of errors with a sign-up,account_access,ds2_bitext,ACCOUNT,registration_problems,,
what do i need to do to notify of an issue with a sign-up,account_access,ds2_bitext,ACCOUNT,registration_problems,,
I have to notify of issues with a signup,account_access,ds2_bitext,ACCOUNT,registration_problems,,
informing of error opening user account,account_access,ds2_bitext,ACCOUNT,registration_problems,,
need to report issues with registrations,account_access,ds2_bitext,ACCOUNT,registration_problems,,
I can't inform of an issue with signup,account_access,ds2_bitext,ACCOUNT,registration_problems,,
I have to inform of a signup issue,account_access,ds2_bitext,ACCOUNT,registration_problems,,
want assistance reporting a sign-up issue,account_access,ds2_bitext,ACCOUNT,registration_problems,,
i dont know how to notify of a registration problem,account_access,ds2_bitext,ACCOUNT,registration_problems,,
where to inform of registration issues,account_access,ds2_bitext,ACCOUNT,registration_problems,,
assistance informing of an error with a signup,account_access,ds2_bitext,ACCOUNT,registration_problems,,
how to inform of an error with a signup?,account_access,ds2_bitext,ACCOUNT,registration_problems,,
I am experiencing an issue with the signup,account_access,ds2_bitext,ACCOUNT,registration_problems,,
I want help to inform of problems with a sign-up,account_access,ds2_bitext,ACCOUNT,registration_problems,,
what do i need to do to notify fo an issue with sign-up,account_access,ds2_bitext,ACCOUNT,registration_problems,,
i cant register how could i notify of sign-up issues,account_access,ds2_bitext,ACCOUNT,registration_problems,,
I try to inform of registration issues,account_access,ds2_bitext,ACCOUNT,registration_problems,,
want help to inform of errors with a signup,account_access,ds2_bitext,ACCOUNT,registration_problems,,
could ya help me notifying of problems with a registration,account_access,ds2_bitext,ACCOUNT,registration_problems,,
i want assistance notifying of an registration issue,account_access,ds2_bitext,ACCOUNT,registration_problems,,
I have got to inform of errors with a sign-up,account_access,ds2_bitext,ACCOUNT,registration_problems,,
I'm trying to report a probloem with a fucking signup,account_access,ds2_bitext,ACCOUNT,registration_problems,,
what d I have to do to notify of an issue with a signup?,account_access,ds2_bitext,ACCOUNT,registration_problems,,
assistance to inform of problems with signup,account_access,ds2_bitext,ACCOUNT,registration_problems,,
where to inform of a fucking sign-up problem?,account_access,ds2_bitext,ACCOUNT,registration_problems,,
I don't know what to do to notify fo sign-up problems,account_access,ds2_bitext,ACCOUNT,registration_problems,,
i dont know how to report signup issues,account_access,ds2_bitext,ACCOUNT,registration_problems,,
I want help informing of a problem with signup,account_access,ds2_bitext,ACCOUNT,registration_problems,,
need to inform o a signup error,account_access,ds2_bitext,ACCOUNT,registration_problems,,
I don't know how to notify of an error with a sign-up,account_access,ds2_bitext,ACCOUNT,registration_problems,,
"I have got to report issues with signup, help me",account_access,ds2_bitext,ACCOUNT,registration_problems,,
"I cannot open an account, how to inform of sign-up errors?",account_access,ds2_bitext,ACCOUNT,registration_problems,,
i do not know what to do to notify of a sign-up issue,account_access,ds2_bitext,ACCOUNT,registration_problems,,
I'm having issues trying to register,account_access,ds2_bitext,ACCOUNT,registration_problems,,
can i inform of a signup problem,account_access,ds2_bitext,ACCOUNT,registration_problems,,
how can i notify of an issue with a signup,account_access,ds2_bitext,ACCOUNT,registration_problems,,
i habe issues registering how do i do it,account_access,ds2_bitext,ACCOUNT,registration_problems,,
i want help to notify of a problem with sign-up,account_access,ds2_bitext,ACCOUNT,registration_problems,,
wanna notify of an signup issue can uhelp me,account_access,ds2_bitext,ACCOUNT,registration_problems,,
I need to notify of an error with a signup,account_access,ds2_bitext,ACCOUNT,registration_problems,,
how to notify of problems with sign-up?,account_access,ds2_bitext,ACCOUNT,registration_problems,,
is it possible to notify of problems with sign-up?,account_access,ds2_bitext,ACCOUNT,registration_problems,,
I am experiencing registration issues,account_access,ds2_bitext,ACCOUNT,registration_problems,,
is it possible to inform of sign-up problems?,account_access,ds2_bitext,ACCOUNT,registration_problems,,
is it possible to notify of issues with a registration?,account_access,ds2_bitext,ACCOUNT,registration_problems,,
i want assistance to inform of issues with registrations,account_access,ds2_bitext,ACCOUNT,registration_problems,,
i do nog know how to notify of a problem with a signup,account_access,ds2_bitext,ACCOUNT,registration_problems,,
where to report issues with a sign-up?,account_access,ds2_bitext,ACCOUNT,registration_problems,,
want assistance to notify of a registration issue,account_access,ds2_bitext,ACCOUNT,registration_problems,,
I am trying to notify of issues with registrations,account_access,ds2_bitext,ACCOUNT,registration_problems,,
where to notify of issues with a registration,account_access,ds2_bitext,ACCOUNT,registration_problems,,
I don't know how I can notify of issues with damn sign-up,account_access,ds2_bitext,ACCOUNT,registration_problems,,
would it be possible to notify of sign-up issues?,account_access,ds2_bitext,ACCOUNT,registration_problems,,
"I cannot open an account, help to inform of signup issues",account_access,ds2_bitext,ACCOUNT,registration_problems,,
how do I notify of a signup error ?,account_access,ds2_bitext,ACCOUNT,registration_problems,,
I do not know what to do to inform of a sign-up issue,account_access,ds2_bitext,ACCOUNT,registration_problems,,
I don't know how to inhform of a problem with sign-up,account_access,ds2_bitext,ACCOUNT,registration_problems,,
i need help reporting issues with a registration,account_access,ds2_bitext,ACCOUNT,registration_problems,,
how can I report a sign-up problem?,account_access,ds2_bitext,ACCOUNT,registration_problems,,
assistance reporting a registration error,account_access,ds2_bitext,ACCOUNT,registration_problems,,
where do I inform of an issue with a signup?,account_access,ds2_bitext,ACCOUNT,registration_problems,,
I want to notify of goddamn registration errors,account_access,ds2_bitext,ACCOUNT,registration_problems,,
need help to report problems with a registratoon,account_access,ds2_bitext,ACCOUNT,registration_problems,,
i want assistance reporting sign-up issues,account_access,ds2_bitext,ACCOUNT,registration_problems,,
I have to report issuse with a sign-up,account_access,ds2_bitext,ACCOUNT,registration_problems,,
can you help me to inform of signup errors?,account_access,ds2_bitext,ACCOUNT,registration_problems,,
can i notify of an error with registrations,account_access,ds2_bitext,ACCOUNT,registration_problems,,
assistance to inform of an error with a registration,account_access,ds2_bitext,ACCOUNT,registration_problems,,
i cannot sign up i need to notify of signup proiblems,account_access,ds2_bitext,ACCOUNT,registration_problems,,
I need help to report errors with a signup,account_access,ds2_bitext,ACCOUNT,registration_problems,,
I want assistance to notify of problems with an sign-up,account_access,ds2_bitext,ACCOUNT,registration_problems,,
help to notify of an error with bloody registrations,account_access,ds2_bitext,ACCOUNT,registration_problems,,
how do I report signup problems?,account_access,ds2_bitext,ACCOUNT,registration_problems,,
can you help me inform of a fucking signup issue?,account_access,ds2_bitext,ACCOUNT,registration_problems,,
help informing of a problem with sign-up,account_access,ds2_bitext,ACCOUNT,registration_problems,,
want help to inform of issues with a registration,account_access,ds2_bitext,ACCOUNT,registration_problems,,
I want to inform of problems with a registration,account_access,ds2_bitext,ACCOUNT,registration_problems,,
I would like to report issues with sign-up,account_access,ds2_bitext,ACCOUNT,registration_problems,,
can ya help me to inform of an issue with a signup,account_access,ds2_bitext,ACCOUNT,registration_problems,,
i cant report a problem with registrations,account_access,ds2_bitext,ACCOUNT,registration_problems,,
help me informing of signup errors,account_access,ds2_bitext,ACCOUNT,registration_problems,,
what do i have to do to notify of signup errors,account_access,ds2_bitext,ACCOUNT,registration_problems,,
can uhelp me informing of problems with sign-up,account_access,ds2_bitext,ACCOUNT,registration_problems,,
"I cannot sign up, assistance reporting fucking signup issues",account_access,ds2_bitext,ACCOUNT,registration_problems,,
I want help reporting issues with a registration,account_access,ds2_bitext,ACCOUNT,registration_problems,,
"I am having errors registering , what could I do?",account_access,ds2_bitext,ACCOUNT,registration_problems,,
want help to inform of errors with signup,account_access,ds2_bitext,ACCOUNT,registration_problems,,
i want assistance reporting errors with a signup,account_access,ds2_bitext,ACCOUNT,registration_problems,,
can you help me reporting a registration issue?,account_access,ds2_bitext,ACCOUNT,registration_problems,,
i cannot create a profile where to notify of signup issues,account_access,ds2_bitext,ACCOUNT,registration_problems,,
i have got to reeport issues with signup,account_access,ds2_bitext,ACCOUNT,registration_problems,,
i have to notify of sign-up issues,account_access,ds2_bitext,ACCOUNT,registration_problems,,
I need assistance to notify of problems with a sign-up,account_access,ds2_bitext,ACCOUNT,registration_problems,,
I have to notify of registration errors,account_access,ds2_bitext,ACCOUNT,registration_problems,,
assistance to inform of an issue with registrations,account_access,ds2_bitext,ACCOUNT,registration_problems,,
what do I need to do to notify of an issue with a signup?,account_access,ds2_bitext,ACCOUNT,registration_problems,,
help me notifying of signup errors,account_access,ds2_bitext,ACCOUNT,registration_problems,,
I have got to notify of a problem with a sign-up,account_access,ds2_bitext,ACCOUNT,registration_problems,,
"I cannot register, how do I notify of signup errors?",account_access,ds2_bitext,ACCOUNT,registration_problems,,
can I report issues with sign-up?,account_access,ds2_bitext,ACCOUNT,registration_problems,,
help me inform of issues with a sign-up,account_access,ds2_bitext,ACCOUNT,registration_problems,,
I want assistance notifying of a sign-up error,account_access,ds2_bitext,ACCOUNT,registration_problems,,
is it possible to report problems with sign-up?,account_access,ds2_bitext,ACCOUNT,registration_problems,,
i cant open an account need help informingof signup issues,account_access,ds2_bitext,ACCOUNT,registration_problems,,
i have got to notify of problems with a registration,account_access,ds2_bitext,ACCOUNT,registration_problems,,
i cannot open an acconut help me inform of a signup issue,account_access,ds2_bitext,ACCOUNT,registration_problems,,
"I can't sign up, I need help to notify of signup issues",account_access,ds2_bitext,ACCOUNT,registration_problems,,
where do I notify of an error with signup?,account_access,ds2_bitext,ACCOUNT,registration_problems,,
assistance informing of an issue with a sign-up,account_access,ds2_bitext,ACCOUNT,registration_problems,,
I have errors with the registration,account_access,ds2_bitext,ACCOUNT,registration_problems,,
can you help me to report an issue with signup?,account_access,ds2_bitext,ACCOUNT,registration_problems,,
"I cannot register, inform of a signup issue",account_access,ds2_bitext,ACCOUNT,registration_problems,,
inform of a problem with sign-up,account_access,ds2_bitext,ACCOUNT,registration_problems,,
i want help regarding my sign-up,account_access,ds2_bitext,ACCOUNT,registration_problems,,
where to inform of errors with registrations?,account_access,ds2_bitext,ACCOUNT,registration_problems,,
need to inform of a sign-up error,account_access,ds2_bitext,ACCOUNT,registration_problems,,
how do i notify of a sign-up error,account_access,ds2_bitext,ACCOUNT,registration_problems,,
I don't know what I have to do to notify of a signup issue,account_access,ds2_bitext,ACCOUNT,registration_problems,,
"I have to report a sign-up issue, can you help me?",account_access,ds2_bitext,ACCOUNT,registration_problems,,
notify of errors with registrations,account_access,ds2_bitext,ACCOUNT,registration_problems,,
is it possible to notify of an error with signup,account_access,ds2_bitext,ACCOUNT,registration_problems,,
"I can't register, inform of signup problems",account_access,ds2_bitext,ACCOUNT,registration_problems,,
where to reoprt errors with signup?,account_access,ds2_bitext,ACCOUNT,registration_problems,,
I want to inform of registration issues,account_access,ds2_bitext,ACCOUNT,registration_problems,,
I want assistance reporting a problem with sign-up,account_access,ds2_bitext,ACCOUNT,registration_problems,,
notifying o issues with signup,account_access,ds2_bitext,ACCOUNT,registration_problems,,
how do I inform of an issue with a signup?,account_access,ds2_bitext,ACCOUNT,registration_problems,,
"I have to report a sign-up error, how to do it?",account_access,ds2_bitext,ACCOUNT,registration_problems,,
how to inform of an error with signup?,account_access,ds2_bitext,ACCOUNT,registration_problems,,
I have to notify of issues with a registration,account_access,ds2_bitext,ACCOUNT,registration_problems,,
I need help to inform of an error with a signup,account_access,ds2_bitext,ACCOUNT,registration_problems,,
i want assistance informing of an error with bloody sign-up,account_access,ds2_bitext,ACCOUNT,registration_problems,,
I want help to notify of problems with a sign-up,account_access,ds2_bitext,ACCOUNT,registration_problems,,
i od not know how to notify of signup issues,account_access,ds2_bitext,ACCOUNT,registration_problems,,
help me notify of an sign-up error,account_access,ds2_bitext,ACCOUNT,registration_problems,,
"I cannot sign up, can I inform of a damn signup error?",account_access,ds2_bitext,ACCOUNT,registration_problems,,
inform of errors with signup,account_access,ds2_bitext,ACCOUNT,registration_problems,,
whre do I inform of problems with sign-up?,account_access,ds2_bitext,ACCOUNT,registration_problems,,
i have to notify of errors with signup,account_access,ds2_bitext,ACCOUNT,registration_problems,,
can I notify of a problem with registrations?,account_access,ds2_bitext,ACCOUNT,registration_problems,,
is it possible to notify of a registration problem?,account_access,ds2_bitext,ACCOUNT,registration_problems,,
where can i report registration errors,account_access,ds2_bitext,ACCOUNT,registration_problems,,
have a questoon about creating user profiles,account_access,ds2_bitext,ACCOUNT,registration_problems,,
I want to inform of a sign-up error,account_access,ds2_bitext,ACCOUNT,registration_problems,,
help me to inform of a registration issue,account_access,ds2_bitext,ACCOUNT,registration_problems,,
how do i report sign-up problems,account_access,ds2_bitext,ACCOUNT,registration_problems,,
"I can't create a user, where to notify of sign-up errors?",account_access,ds2_bitext,ACCOUNT,registration_problems,,
I want assistance to inform of an issue with a signup,account_access,ds2_bitext,ACCOUNT,registration_problems,,
I do not know what to do to inform of errors with signup,account_access,ds2_bitext,ACCOUNT,registration_problems,,
I need assistance informing of a problem with sign-up,account_access,ds2_bitext,ACCOUNT,registration_problems,,
is it possible to inform of a signup issue?,account_access,ds2_bitext,ACCOUNT,registration_problems,,
want help reporting issues with signup,account_access,ds2_bitext,ACCOUNT,registration_problems,,
I do not know how to report issues with registrations,account_access,ds2_bitext,ACCOUNT,registration_problems,,
I want to report a signup error,account_access,ds2_bitext,ACCOUNT,registration_problems,,
want assistance to inform of problems with a registration,account_access,ds2_bitext,ACCOUNT,registration_problems,,
I need assistance reporting a registration issue,account_access,ds2_bitext,ACCOUNT,registration_problems,,
i need help to notify of sign-up problems,account_access,ds2_bitext,ACCOUNT,registration_problems,,
I am trying to inform of errors with registrations,account_access,ds2_bitext,ACCOUNT,registration_problems,,
i do not know how i can report a registration problem,account_access,ds2_bitext,ACCOUNT,registration_problems,,
I don't know what to do to notify of an sisue with sign-up,account_access,ds2_bitext,ACCOUNT,registration_problems,,
what do I need to do to notify of an error with a signup?,account_access,ds2_bitext,ACCOUNT,registration_problems,,
where to inform of an issue with a sign-up?,account_access,ds2_bitext,ACCOUNT,registration_problems,,
assistance informing of an issue with registrations,account_access,ds2_bitext,ACCOUNT,registration_problems,,
need help notifying of issues wiht a sign-up,account_access,ds2_bitext,ACCOUNT,registration_problems,,
can I notify of a registration error?,account_access,ds2_bitext,ACCOUNT,registration_problems,,
need help to report problems with sign-up,account_access,ds2_bitext,ACCOUNT,registration_problems,,
would it be possible to notify of a fucking signup error?,account_access,ds2_bitext,ACCOUNT,registration_problems,,
can I report an issue with signup?,account_access,ds2_bitext,ACCOUNT,registration_problems,,
help to report a registration problem,account_access,ds2_bitext,ACCOUNT,registration_problems,,
"I cannot open a profile, I have to report a signup error",account_access,ds2_bitext,ACCOUNT,registration_problems,,
need help regadring my sign-up,account_access,ds2_bitext,ACCOUNT,registration_problems,,
I want help to notify of an issue with goddamn sign-up,account_access,ds2_bitext,ACCOUNT,registration_problems,,
i have to notify of errors with registrations,account_access,ds2_bitext,ACCOUNT,registration_problems,,
I want support with my sign-up,account_access,ds2_bitext,ACCOUNT,registration_problems,,
is it possible to notify of signup problems?,account_access,ds2_bitext,ACCOUNT,registration_problems,,
where do I inform of problems with registrations?,account_access,ds2_bitext,ACCOUNT,registration_problems,,
assistance to report errors with sign-up,account_access,ds2_bitext,ACCOUNT,registration_problems,,
I have to inform of sign-up problems,account_access,ds2_bitext,ACCOUNT,registration_problems,,
I have to report a problem with a registration,account_access,ds2_bitext,ACCOUNT,registration_problems,,
I have got to notify of an issue with signup,account_access,ds2_bitext,ACCOUNT,registration_problems,,
"I am experiencing problems trying to sign up, help me",account_access,ds2_bitext,ACCOUNT,registration_problems,,
"I cannot sign up, I would like to report a sign-up issue",account_access,ds2_bitext,ACCOUNT,registration_problems,,
i need assistance to report isues with a signup,account_access,ds2_bitext,ACCOUNT,registration_problems,,
I do not know how to report problems with registrations,account_access,ds2_bitext,ACCOUNT,registration_problems,,
could you help me notifying of problems with a signup?,account_access,ds2_bitext,ACCOUNT,registration_problems,,
assistance informing of problems with sign-up,account_access,ds2_bitext,ACCOUNT,registration_problems,,
I do not know what to do to report errors with registrations,account_access,ds2_bitext,ACCOUNT,registration_problems,,
i cannot inform of a isgnup issue,account_access,ds2_bitext,ACCOUNT,registration_problems,,
wanna inform of a damn signup problem could uhelp me,account_access,ds2_bitext,ACCOUNT,registration_problems,,
I do not know how I can report an error with registrations,account_access,ds2_bitext,ACCOUNT,registration_problems,,
i have top inform of goddamn sign-up problems could uhelp me,account_access,ds2_bitext,ACCOUNT,registration_problems,,
could I report a signup issue?,account_access,ds2_bitext,ACCOUNT,registration_problems,,
is it possible to notify of registration problems,account_access,ds2_bitext,ACCOUNT,registration_problems,,
I do not know how to inofrm of registration problems,account_access,ds2_bitext,ACCOUNT,registration_problems,,
can ya help me notifying of an issue with a sign-up,account_access,ds2_bitext,ACCOUNT,registration_problems,,
i dont know how i can report an issue with signup,account_access,ds2_bitext,ACCOUNT,registration_problems,,
where to inform of errors with sign-up?,account_access,ds2_bitext,ACCOUNT,registration_problems,,
want assistance to inform of registration problems,account_access,ds2_bitext,ACCOUNT,registration_problems,,
notifying of issues with sign-up,account_access,ds2_bitext,ACCOUNT,registration_problems,,
I do not know how I can notify of registration problems,account_access,ds2_bitext,ACCOUNT,registration_problems,,
I have to inform of issues with a registration,account_access,ds2_bitext,ACCOUNT,registration_problems,,
how do i inform of a problem with registrations,account_access,ds2_bitext,ACCOUNT,registration_problems,,
help me inform of a problem with sign-up,account_access,ds2_bitext,ACCOUNT,registration_problems,,
help me informing of a sign-up error,account_access,ds2_bitext,ACCOUNT,registration_problems,,
could you help me inform of a problem with registrations?,account_access,ds2_bitext,ACCOUNT,registration_problems,,
I do not know how I can inform of an error with signjp,account_access,ds2_bitext,ACCOUNT,registration_problems,,
want assistance notifying of problems with a registration,account_access,ds2_bitext,ACCOUNT,registration_problems,,
where to inform of a sign-up error?,account_access,ds2_bitext,ACCOUNT,registration_problems,,
i try to niform of issues with a signup,account_access,ds2_bitext,ACCOUNT,registration_problems,,
i cant create an account were can i report a sign-up problem,account_access,ds2_bitext,ACCOUNT,registration_problems,,
I cannot inform of sign-up issues,account_access,ds2_bitext,ACCOUNT,registration_problems,,
I do not know what to do to inform of issues with a sign-up,account_access,ds2_bitext,ACCOUNT,registration_problems,,
what do I have to do to report errors with a registration?,account_access,ds2_bitext,ACCOUNT,registration_problems,,
howto inform of problems with signup?,account_access,ds2_bitext,ACCOUNT,registration_problems,,
where can i report a sign-up issue,account_access,ds2_bitext,ACCOUNT,registration_problems,,
I need to report an issue with a registration,account_access,ds2_bitext,ACCOUNT,registration_problems,,
notify of issues with signup,account_access,ds2_bitext,ACCOUNT,registration_problems,,
I'm trying to report errors with signup,account_access,ds2_bitext,ACCOUNT,registration_problems,,
"I can't open a user , want help reporting a signup problem",account_access,ds2_bitext,ACCOUNT,registration_problems,,
how can I notify of an error with goddamn sign-up?,account_access,ds2_bitext,ACCOUNT,registration_problems,,
how can I inform of an error with a signup?,account_access,ds2_bitext,ACCOUNT,registration_problems,,
i want assistance reporting an issue with a registration,account_access,ds2_bitext,ACCOUNT,registration_problems,,
can i inform of sign-up problems,account_access,ds2_bitext,ACCOUNT,registration_problems,,
I have to inform of an issje with a sign-up,account_access,ds2_bitext,ACCOUNT,registration_problems,,
notifying of error opening user profile,account_access,ds2_bitext,ACCOUNT,registration_problems,,
inform of an issue with an registration,account_access,ds2_bitext,ACCOUNT,registration_problems,,
i need assistance to report sign-up problems,account_access,ds2_bitext,ACCOUNT,registration_problems,,
is it possible to inform of an error with registrations,account_access,ds2_bitext,ACCOUNT,registration_problems,,
assistance notifying of issues with a registration,account_access,ds2_bitext,ACCOUNT,registration_problems,,
where can i inform of an error with a signup,account_access,ds2_bitext,ACCOUNT,registration_problems,,
I want assistance to notify of a problem with sign-up,account_access,ds2_bitext,ACCOUNT,registration_problems,,
need to inform of problems with registrations,account_access,ds2_bitext,ACCOUNT,registration_problems,,
I don't know how I could report a problem with registrations,account_access,ds2_bitext,ACCOUNT,registration_problems,,
where can I inform of errors with a bloody signup?,account_access,ds2_bitext,ACCOUNT,registration_problems,,
question about opening user profiles,account_access,ds2_bitext,ACCOUNT,registration_problems,,
informing of online registration problem,account_access,ds2_bitext,ACCOUNT,registration_problems,,
I don't know how to inform of a signup problem,account_access,ds2_bitext,ACCOUNT,registration_problems,,
I want assistance to inform of an issue with a registration,account_access,ds2_bitext,ACCOUNT,registration_problems,,
what do i have to do to notify of a registration problem,account_access,ds2_bitext,ACCOUNT,registration_problems,,
notifying of errors creating profile,account_access,ds2_bitext,ACCOUNT,registration_problems,,
help me to informof an issue with a registration,account_access,ds2_bitext,ACCOUNT,registration_problems,,
I try to inform of errors with a signup,account_access,ds2_bitext,ACCOUNT,registration_problems,,
"I want to inform of a registration error, how can I do it?",account_access,ds2_bitext,ACCOUNT,registration_problems,,
i want assistance to inform of sign-up issues,account_access,ds2_bitext,ACCOUNT,registration_problems,,
"I can't sign up, I have to report a sign-up error",account_access,ds2_bitext,ACCOUNT,registration_problems,,
I need help notifying of registration errors,account_access,ds2_bitext,ACCOUNT,registration_problems,,
I'm trying to report a problem with registrations,account_access,ds2_bitext,ACCOUNT,registration_problems,,
I want assistance to notify of issues with sign-up,account_access,ds2_bitext,ACCOUNT,registration_problems,,
i have got to notify of problems with an signup,account_access,ds2_bitext,ACCOUNT,registration_problems,,
"I cannot create a user, notify of a sign-up error",account_access,ds2_bitext,ACCOUNT,registration_problems,,
i cant register how to inform of a damn sign-up issue,account_access,ds2_bitext,ACCOUNT,registration_problems,,
assistance to notify of a problem with registrations,account_access,ds2_bitext,ACCOUNT,registration_problems,,
I don't know how I can inform of problems with sign-up,account_access,ds2_bitext,ACCOUNT,registration_problems,,
need help informing of rergistration errors,account_access,ds2_bitext,ACCOUNT,registration_problems,,
I do not know how to notify of a signup error,account_access,ds2_bitext,ACCOUNT,registration_problems,,
I want assistance to notify of problems with a signup,account_access,ds2_bitext,ACCOUNT,registration_problems,,
i do not know what i need to do to report errors with signup,account_access,ds2_bitext,ACCOUNT,registration_problems,,
"I cannot sign up, I need to notify of a registration problem",account_access,ds2_bitext,ACCOUNT,registration_problems,,
I have to inform of na issue with signup,account_access,ds2_bitext,ACCOUNT,registration_problems,,
I try to notify of errors with a sign-up,account_access,ds2_bitext,ACCOUNT,registration_problems,,
i do not knwo what to do to inform of issues with a signup,account_access,ds2_bitext,ACCOUNT,registration_problems,,
i dont know what to do to notify of an issue with a sign-up,account_access,ds2_bitext,ACCOUNT,registration_problems,,
I need help to notify of sign-up problems,account_access,ds2_bitext,ACCOUNT,registration_problems,,
i have to inform of registration errors,account_access,ds2_bitext,ACCOUNT,registration_problems,,
could y help me notifying of an issue with sign-up,account_access,ds2_bitext,ACCOUNT,registration_problems,,
I don't know what to do to inform of an issue with a signup,account_access,ds2_bitext,ACCOUNT,registration_problems,,
want assistance reportingan issue with a sign-up,account_access,ds2_bitext,ACCOUNT,registration_problems,,
I don't know how I can report registration errors,account_access,ds2_bitext,ACCOUNT,registration_problems,,
where to inform of an error with a registration?,account_access,ds2_bitext,ACCOUNT,registration_problems,,
can I report a signup issue ?,account_access,ds2_bitext,ACCOUNT,registration_problems,,
i need help notifying of problems with a signup,account_access,ds2_bitext,ACCOUNT,registration_problems,,
I need to notify of sign-up errors,account_access,ds2_bitext,ACCOUNT,registration_problems,,
notify of issues with online registration,account_access,ds2_bitext,ACCOUNT,registration_problems,,
I need to report a sign-up error,account_access,ds2_bitext,ACCOUNT,registration_problems,,
I have an issue with my registration,account_access,ds2_bitext,ACCOUNT,registration_problems,,
i need assistance to notofy of sign-up errors,account_access,ds2_bitext,ACCOUNT,registration_problems,,
iu want assistance reporting an issue with a sign-up,account_access,ds2_bitext,ACCOUNT,registration_problems,,
"I am having an error signing up, can I get some help?",account_access,ds2_bitext,ACCOUNT,registration_problems,,
I can't inform of prblems with sign-up,account_access,ds2_bitext,ACCOUNT,registration_problems,,
how do I report an error with sign-up?,account_access,ds2_bitext,ACCOUNT,registration_problems,,
where do i notify of issuse with signup,account_access,ds2_bitext,ACCOUNT,registration_problems,,
how do i infoem of a problem with sign-up,account_access,ds2_bitext,ACCOUNT,registration_problems,,
want help notifying of a registration issue,account_access,ds2_bitext,ACCOUNT,registration_problems,,
what do I have to do to inform of a registration problem?,account_access,ds2_bitext,ACCOUNT,registration_problems,,
I need to inform of sign-up issues,account_access,ds2_bitext,ACCOUNT,registration_problems,,
I have got to report problems with a signup,account_access,ds2_bitext,ACCOUNT,registration_problems,,
want help reporting errors with sign-up,account_access,ds2_bitext,ACCOUNT,registration_problems,,
I don't know what to do to notify of registration issues,account_access,ds2_bitext,ACCOUNT,registration_problems,,
can ya help me to inform of errors with signup,account_access,ds2_bitext,ACCOUNT,registration_problems,,
I want assistance informing of a problem with bloody sign-up,account_access,ds2_bitext,ACCOUNT,registration_problems,,
want help to report issues with signup,account_access,ds2_bitext,ACCOUNT,registration_problems,,
i want assistance notifying of sign-up errors,account_access,ds2_bitext,ACCOUNT,registration_problems,,
is it possible to report signup errors?,account_access,ds2_bitext,ACCOUNT,registration_problems,,
where to inform of a problem with fucking signup,account_access,ds2_bitext,ACCOUNT,registration_problems,,
help to report a sign-up error,account_access,ds2_bitext,ACCOUNT,registration_problems,,
is it possible to notify of sign-up errors?,account_access,ds2_bitext,ACCOUNT,registration_problems,,
i want help notifying of errors with a signup,account_access,ds2_bitext,ACCOUNT,registration_problems,,
i dont know how i can inform of sign-up problems,account_access,ds2_bitext,ACCOUNT,registration_problems,,
I cannot report problems with sign-up,account_access,ds2_bitext,ACCOUNT,registration_problems,,
I need assistance to report an error with registrations,account_access,ds2_bitext,ACCOUNT,registration_problems,,
"I cannot open a user, I have to inform of a signup issue",account_access,ds2_bitext,ACCOUNT,registration_problems,,
is it possible to report an sign-up issue,account_access,ds2_bitext,ACCOUNT,registration_problems,,
where do I inform of signup issues?,account_access,ds2_bitext,ACCOUNT,registration_problems,,
assistance informing of problems with registrations,account_access,ds2_bitext,ACCOUNT,registration_problems,,
I do not know what I need to do to notify of sign-up issues,account_access,ds2_bitext,ACCOUNT,registration_problems,,
need assistance to notify of issues with a sign-up,account_access,ds2_bitext,ACCOUNT,registration_problems,,
want assistance to notify of problemswith a sign-up,account_access,ds2_bitext,ACCOUNT,registration_problems,,
I am experiencing problems with my online registration,account_access,ds2_bitext,ACCOUNT,registration_problems,,
I have an issue with the online registration,account_access,ds2_bitext,ACCOUNT,registration_problems,,
want assistance informing of sign-up issuues,account_access,ds2_bitext,ACCOUNT,registration_problems,,
i need assistance to inform of errors with signup,account_access,ds2_bitext,ACCOUNT,registration_problems,,
how can I notify of sign-up issues?,account_access,ds2_bitext,ACCOUNT,registration_problems,,
could you help me notify of an issue with a registration?,account_access,ds2_bitext,ACCOUNT,registration_problems,,
"I can't create a profile, I want to inform of signup issues",account_access,ds2_bitext,ACCOUNT,registration_problems,,
i dont know what i have to do to inform of signup issues,account_access,ds2_bitext,ACCOUNT,registration_problems,,
i do not know how to report an issue wiht a sign-up,account_access,ds2_bitext,ACCOUNT,registration_problems,,
I want to report signup errors,account_access,ds2_bitext,ACCOUNT,registration_problems,,
I cannot inform of an issue with a signup,account_access,ds2_bitext,ACCOUNT,registration_problems,,
need help notifying of issueswith sign-up,account_access,ds2_bitext,ACCOUNT,registration_problems,,
I don't know how I can notify of an issue with sign-up,account_access,ds2_bitext,ACCOUNT,registration_problems,,
I am having an error with the registration,account_access,ds2_bitext,ACCOUNT,registration_problems,,
where do I inform of an error with sign-up?,account_access,ds2_bitext,ACCOUNT,registration_problems,,
how to report a problem with registrations?,account_access,ds2_bitext,ACCOUNT,registration_problems,,
I need help to report problems with registrations,account_access,ds2_bitext,ACCOUNT,registration_problems,,
can uhelp me to inform of errors with a sign-up,account_access,ds2_bitext,ACCOUNT,registration_problems,,
where can I report issues with goddamn sign-up?,account_access,ds2_bitext,ACCOUNT,registration_problems,,
would it be possible to report problems with a sign-up?,account_access,ds2_bitext,ACCOUNT,registration_problems,,
i do not know how to inform of issues with a registration,account_access,ds2_bitext,ACCOUNT,registration_problems,,
I need assistance to report a problem with a sign-up,account_access,ds2_bitext,ACCOUNT,registration_problems,,
I can't report an error with a sign-up,account_access,ds2_bitext,ACCOUNT,registration_problems,,
I'm experiencing a registration error,account_access,ds2_bitext,ACCOUNT,registration_problems,,
i try to report a problem with a registration,account_access,ds2_bitext,ACCOUNT,registration_problems,,
need to report an issue with signup,account_access,ds2_bitext,ACCOUNT,registration_problems,,
i need assistance notifying of signup problems,account_access,ds2_bitext,ACCOUNT,registration_problems,,
i do not know what to do to notify of a registration error,account_access,ds2_bitext,ACCOUNT,registration_problems,,
is it possible to inmform of errors with a registration,account_access,ds2_bitext,ACCOUNT,registration_problems,,
there is a problem with my registration,account_access,ds2_bitext,ACCOUNT,registration_problems,,
assistance to notify of issues with a sign-up,account_access,ds2_bitext,ACCOUNT,registration_problems,,
i dont know how to inform of sign-up problems,account_access,ds2_bitext,ACCOUNT,registration_problems,,
i want assistance to report signup issues,account_access,ds2_bitext,ACCOUNT,registration_problems,,
i cant register can ya help me to report a signup error,account_access,ds2_bitext,ACCOUNT,registration_problems,,
I do not know how to report signup issues,account_access,ds2_bitext,ACCOUNT,registration_problems,,
can I report errors with a fucking sign-up?,account_access,ds2_bitext,ACCOUNT,registration_problems,,
I cannot report a sign-up error,account_access,ds2_bitext,ACCOUNT,registration_problems,,
I am experiencing a problem with the sign-up,account_access,ds2_bitext,ACCOUNT,registration_problems,,
I want help notifying of issues with a sign-up,account_access,ds2_bitext,ACCOUNT,registration_problems,,
i want assistance notifyin of sign-up problems,account_access,ds2_bitext,ACCOUNT,registration_problems,,
help to report a problem with a registration,account_access,ds2_bitext,ACCOUNT,registration_problems,,
I'd like to notify of a problem with a goddamn signup,account_access,ds2_bitext,ACCOUNT,registration_problems,,
can you help me informing of registration issues?,account_access,ds2_bitext,ACCOUNT,registration_problems,,
where do i notify of issues with signup,account_access,ds2_bitext,ACCOUNT,registration_problems,,
can ya help me notify of registration errors,account_access,ds2_bitext,ACCOUNT,registration_problems,,
help me notify of problems with registrations,account_access,ds2_bitext,ACCOUNT,registration_problems,,
I want help to inform of an error with registrations,account_access,ds2_bitext,ACCOUNT,registration_problems,,
i have got to report an issue with sign-up,account_access,ds2_bitext,ACCOUNT,registration_problems,,
I have errors with my registration,account_access,ds2_bitext,ACCOUNT,registration_problems,,
I don't know whar I need to do to notify of signup errors,account_access,ds2_bitext,ACCOUNT,registration_problems,,
I want help to inform of a sign-up problem,account_access,ds2_bitext,ACCOUNT,registration_problems,,
need assistance to report a problem with signup,account_access,ds2_bitext,ACCOUNT,registration_problems,,
i want assistance to inform of a probelm with a sign-up,account_access,ds2_bitext,ACCOUNT,registration_problems,,
I need help informing of sign-up errors,account_access,ds2_bitext,ACCOUNT,registration_problems,,
notifying of issue creating user account,account_access,ds2_bitext,ACCOUNT,registration_problems,,
"I cannot open an account, I have to inform of a signup issue",account_access,ds2_bitext,ACCOUNT,registration_problems,,
I need to inform of registration problems,account_access,ds2_bitext,ACCOUNT,registration_problems,,
I need assistance informing of an issue with registrations,account_access,ds2_bitext,ACCOUNT,registration_problems,,
assistance to inform of asign-up problem,account_access,ds2_bitext,ACCOUNT,registration_problems,,
I am having problems with my registration,account_access,ds2_bitext,ACCOUNT,registration_problems,,
I'm experiencing a problem with my signup,account_access,ds2_bitext,ACCOUNT,registration_problems,,
I want assistance reporting an issue with a signup,account_access,ds2_bitext,ACCOUNT,registration_problems,,
is it possible to inform of a problem with registrations?,account_access,ds2_bitext,ACCOUNT,registration_problems,,
i have to report issues with signup how to do it,account_access,ds2_bitext,ACCOUNT,registration_problems,,
can I inform of a signup error?,account_access,ds2_bitext,ACCOUNT,registration_problems,,
where to notify of a sign-up problem?,account_access,ds2_bitext,ACCOUNT,registration_problems,,
i need assistance reporting problems with a sign-up,account_access,ds2_bitext,ACCOUNT,registration_problems,,
"I cannot open an account, how to report a sign-up issue?",account_access,ds2_bitext,ACCOUNT,registration_problems,,
"I cannot register,I have got to inform of signup problems",account_access,ds2_bitext,ACCOUNT,registration_problems,,
where to inform of an issue witha sign-up,account_access,ds2_bitext,ACCOUNT,registration_problems,,
"I have to inform of errosr with a sign-up, how can I do it?",account_access,ds2_bitext,ACCOUNT,registration_problems,,
i cant notify of issues with signup,account_access,ds2_bitext,ACCOUNT,registration_problems,,
where to report an error with a signup?,account_access,ds2_bitext,ACCOUNT,registration_problems,,
could you help me report an error with signup?,account_access,ds2_bitext,ACCOUNT,registration_problems,,
"I can't open an account, help reporting a signup issue",account_access,ds2_bitext,ACCOUNT,registration_problems,,
"I have got to notify of registration problems, help me",account_access,ds2_bitext,ACCOUNT,registration_problems,,
"I cannot create an account, notify of registration problems",account_access,ds2_bitext,ACCOUNT,registration_problems,,
I do not know what to do to inform of problems with signup,account_access,ds2_bitext,ACCOUNT,registration_problems,,
help me report signup problems,account_access,ds2_bitext,ACCOUNT,registration_problems,,
how do I notify of problems with sign-up?,account_access,ds2_bitext,ACCOUNT,registration_problems,,
I need to inform of erors with sign-up,account_access,ds2_bitext,ACCOUNT,registration_problems,,
"I need to report a fucking registration error, help me",account_access,ds2_bitext,ACCOUNT,registration_problems,,
i have go to notify of a problem with a signup,account_access,ds2_bitext,ACCOUNT,registration_problems,,
I want to report problems with a damn sign-up,account_access,ds2_bitext,ACCOUNT,registration_problems,,
I have to report signup errors,account_access,ds2_bitext,ACCOUNT,registration_problems,,
I have got to report an error with signup,account_access,ds2_bitext,ACCOUNT,registration_problems,,
I want assistance to notify of problems with signup,account_access,ds2_bitext,ACCOUNT,registration_problems,,
"I cannot open a user, how do I inform of signup problems?",account_access,ds2_bitext,ACCOUNT,registration_problems,,
how could I inform of a sign-up issue?,account_access,ds2_bitext,ACCOUNT,registration_problems,,
neef to notify of signup problems,account_access,ds2_bitext,ACCOUNT,registration_problems,,
want assistance informing of problems with a registration,account_access,ds2_bitext,ACCOUNT,registration_problems,,
can I inform of an error with a sign-up?,account_access,ds2_bitext,ACCOUNT,registration_problems,,
how do i inform of problems with an signup,account_access,ds2_bitext,ACCOUNT,registration_problems,,
need help notifying of a signup error,account_access,ds2_bitext,ACCOUNT,registration_problems,,
would it be possible to report issues with sign-up,account_access,ds2_bitext,ACCOUNT,registration_problems,,
I try to notify of a sign-up error,account_access,ds2_bitext,ACCOUNT,registration_problems,,
can you help me notifying of a problem with bloody signup ?,account_access,ds2_bitext,ACCOUNT,registration_problems,,
i cannot notify of an error with a sign-up,account_access,ds2_bitext,ACCOUNT,registration_problems,,
i need assistance to inform of signup issues,account_access,ds2_bitext,ACCOUNT,registration_problems,,
help me report problems with a signup,account_access,ds2_bitext,ACCOUNT,registration_problems,,
help me nltifying of issues with a sign-up,account_access,ds2_bitext,ACCOUNT,registration_problems,,
i need help to report a registration error,account_access,ds2_bitext,ACCOUNT,registration_problems,,
i have to report sign-up issues,account_access,ds2_bitext,ACCOUNT,registration_problems,,
I need assistance informing of errors with signup,account_access,ds2_bitext,ACCOUNT,registration_problems,,
i have a damn registration issue,account_access,ds2_bitext,ACCOUNT,registration_problems,,
need assistance reporting errors with a registration,account_access,ds2_bitext,ACCOUNT,registration_problems,,
"I cannot sign up, could I inform of a registration issue?",account_access,ds2_bitext,ACCOUNT,registration_problems,,
need help informing of signup issues,account_access,ds2_bitext,ACCOUNT,registration_problems,,
how can I inform of sign-up issues?,account_access,ds2_bitext,ACCOUNT,registration_problems,,
is it possible to report issues with signup?,account_access,ds2_bitext,ACCOUNT,registration_problems,,
I cannot inform of signup errors,account_access,ds2_bitext,ACCOUNT,registration_problems,,
inform of a sign-up issue,account_access,ds2_bitext,ACCOUNT,registration_problems,,
I don't know how to inform of sign-up errrors,account_access,ds2_bitext,ACCOUNT,registration_problems,,
can i report errors with a sign-up,account_access,ds2_bitext,ACCOUNT,registration_problems,,
I do not know how to notify of a sign-up issue,account_access,ds2_bitext,ACCOUNT,registration_problems,,
help me notifying of an error with a sign-up,account_access,ds2_bitext,ACCOUNT,registration_problems,,
inform of an error with a signup,account_access,ds2_bitext,ACCOUNT,registration_problems,,
can you help me notifying of issues with a registration?,account_access,ds2_bitext,ACCOUNT,registration_problems,,
"I can't open a profile, I need help to report sign-up errors",account_access,ds2_bitext,ACCOUNT,registration_problems,,
where cn I notify of an error with registrations?,account_access,ds2_bitext,ACCOUNT,registration_problems,,
would it be possible to notify of signup problems ?,account_access,ds2_bitext,ACCOUNT,registration_problems,,
I am trying to notify of registration issues,account_access,ds2_bitext,ACCOUNT,registration_problems,,
"I can't register, can I notify of registration problems?",account_access,ds2_bitext,ACCOUNT,registration_problems,,
I want assistance to inform of errors with registrations,account_access,ds2_bitext,ACCOUNT,registration_problems,,
is it possible to report issues with sin-up?,account_access,ds2_bitext,ACCOUNT,registration_problems,,
i dont know how to report an issue with a registration,account_access,ds2_bitext,ACCOUNT,registration_problems,,
could you help me notify of an error with signup?,account_access,ds2_bitext,ACCOUNT,registration_problems,,
how can I inform of a problem with a sign-up?,account_access,ds2_bitext,ACCOUNT,registration_problems,,
I want to inform of issues with bloody sign-up,account_access,ds2_bitext,ACCOUNT,registration_problems,,
is it possible to inform of an error with signup,account_access,ds2_bitext,ACCOUNT,registration_problems,,
i do not know what i need to do to report signup errors,account_access,ds2_bitext,ACCOUNT,registration_problems,,
where to notify of problems with sign-up?,account_access,ds2_bitext,ACCOUNT,registration_problems,,
need help reporting a problem with registrations,account_access,ds2_bitext,ACCOUNT,registration_problems,,
can I inform of issues with signup?,account_access,ds2_bitext,ACCOUNT,registration_problems,,
I want to inform of an error with sign-up,account_access,ds2_bitext,ACCOUNT,registration_problems,,
reporting issue opening user profile,account_access,ds2_bitext,ACCOUNT,registration_problems,,
how could I notify of a sign-up issue?,account_access,ds2_bitext,ACCOUNT,registration_problems,,
"I want to notify of sign-up issues , could you help me?",account_access,ds2_bitext,ACCOUNT,registration_problems,,
how to notify of an issue with bloody signup,account_access,ds2_bitext,ACCOUNT,registration_problems,,
i have to inform of errorfs with a signup,account_access,ds2_bitext,ACCOUNT,registration_problems,,
can uhelp me notifying of a registration issue,account_access,ds2_bitext,ACCOUNT,registration_problems,,
i cannot sign up i need to report sign-up problems,account_access,ds2_bitext,ACCOUNT,registration_problems,,
i have to inform of problems with signup can i get some help,account_access,ds2_bitext,ACCOUNT,registration_problems,,
where do i inform of a registration issue,account_access,ds2_bitext,ACCOUNT,registration_problems,,
can ya help me to notify of an error with signup,account_access,ds2_bitext,ACCOUNT,registration_problems,,
can you help me notify of a registration issue?,account_access,ds2_bitext,ACCOUNT,registration_problems,,
could you help me reporting errors with a sign-up?,account_access,ds2_bitext,ACCOUNT,registration_problems,,
could you help me inform of an issue with a signup?,account_access,ds2_bitext,ACCOUNT,registration_problems,,
i do not know how i could notify of a sign-up error,account_access,ds2_bitext,ACCOUNT,registration_problems,,
where to report sign-up problems?,account_access,ds2_bitext,ACCOUNT,registration_problems,,
could ya help me infofming of a sign-up issue,account_access,ds2_bitext,ACCOUNT,registration_problems,,
what do I have to do to report an issue with signup?,account_access,ds2_bitext,ACCOUNT,registration_problems,,
i do not know how to report a sign-up problem,account_access,ds2_bitext,ACCOUNT,registration_problems,,
i want assistance to inform of a problem with a registration,account_access,ds2_bitext,ACCOUNT,registration_problems,,
is it possible to notify of errors with a signup?,account_access,ds2_bitext,ACCOUNT,registration_problems,,
I cannot report a problem with signup,account_access,ds2_bitext,ACCOUNT,registration_problems,,
notify of problems creating user,account_access,ds2_bitext,ACCOUNT,registration_problems,,
notify of online registration issues,account_access,ds2_bitext,ACCOUNT,registration_problems,,
"I have got to inform of problems with registrations, help me",account_access,ds2_bitext,ACCOUNT,registration_problems,,
i want assistance informing of an error with goddamn signup,account_access,ds2_bitext,ACCOUNT,registration_problems,,
help me to report an issue with a sign-up,account_access,ds2_bitext,ACCOUNT,registration_problems,,
where to inform of errorswith registrations?,account_access,ds2_bitext,ACCOUNT,registration_problems,,
need to notify of an error with sign-up,account_access,ds2_bitext,ACCOUNT,registration_problems,,
where do i report an issue with a registration,account_access,ds2_bitext,ACCOUNT,registration_problems,,
what do i need to do to notiyf of problems with a signup,account_access,ds2_bitext,ACCOUNT,registration_problems,,
i have got to report an error with a sign-up,account_access,ds2_bitext,ACCOUNT,registration_problems,,
how do i report problems with a registration,account_access,ds2_bitext,ACCOUNT,registration_problems,,
i want assikstance notifying of problems with a registration,account_access,ds2_bitext,ACCOUNT,registration_problems,,
want assistance to report an issue with sign-up,account_access,ds2_bitext,ACCOUNT,registration_problems,,
where do I report an issue iwth sign-up?,account_access,ds2_bitext,ACCOUNT,registration_problems,,
I try to notify of issues with registrations,account_access,ds2_bitext,ACCOUNT,registration_problems,,
"I cannot open a user, help informing of sign-up problems",account_access,ds2_bitext,ACCOUNT,registration_problems,,
help to notify of an error with signup,account_access,ds2_bitext,ACCOUNT,registration_problems,,
I am trying to notify of sign-up problems,account_access,ds2_bitext,ACCOUNT,registration_problems,,
can ya help me to report problems with signup,account_access,ds2_bitext,ACCOUNT,registration_problems,,
I don't know how to report problems with a registration,account_access,ds2_bitext,ACCOUNT,registration_problems,,
i do not know how i can report a registration issue,account_access,ds2_bitext,ACCOUNT,registration_problems,,
where can I report issues with sign-up?,account_access,ds2_bitext,ACCOUNT,registration_problems,,
can I inform of a problem with registrations?,account_access,ds2_bitext,ACCOUNT,registration_problems,,
i cannot sign up help me reporting sign-up errors,account_access,ds2_bitext,ACCOUNT,registration_problems,,
I have to notify of an registration issue,account_access,ds2_bitext,ACCOUNT,registration_problems,,
I am experiencing an issue trying to sign up,account_access,ds2_bitext,ACCOUNT,registration_problems,,
can ya help me notify of problems with sign-up,account_access,ds2_bitext,ACCOUNT,registration_problems,,
how to inform of an issue wsith a sign-up?,account_access,ds2_bitext,ACCOUNT,registration_problems,,
want help informing of a registration error,account_access,ds2_bitext,ACCOUNT,registration_problems,,
i cannot notify of a error with a goddamn sign-up,account_access,ds2_bitext,ACCOUNT,registration_problems,,
where to notify of problems with an sign-up,account_access,ds2_bitext,ACCOUNT,registration_problems,,
I need assistance informing of bloody registration issues,account_access,ds2_bitext,ACCOUNT,registration_problems,,
can you help me to inform of a problem with a registration?,account_access,ds2_bitext,ACCOUNT,registration_problems,,
how to inform of an sign-up error,account_access,ds2_bitext,ACCOUNT,registration_problems,,
how can I inform of a signup problem?,account_access,ds2_bitext,ACCOUNT,registration_problems,,
"I would like to report errors with sign-up, can you help me?",account_access,ds2_bitext,ACCOUNT,registration_problems,,
I can't report issues with signup,account_access,ds2_bitext,ACCOUNT,registration_problems,,
i want help to report an error with signup,account_access,ds2_bitext,ACCOUNT,registration_problems,,
I don't know what to do to inform of an error with a sign-up,account_access,ds2_bitext,ACCOUNT,registration_problems,,
help me to report an issue with signup,account_access,ds2_bitext,ACCOUNT,registration_problems,,
I want to inform of problems with signup,account_access,ds2_bitext,ACCOUNT,registration_problems,,
need assistance notifying of a signup issue,account_access,ds2_bitext,ACCOUNT,registration_problems,,
I'm experiencing errors registering what do i have to do,account_access,ds2_bitext,ACCOUNT,registration_problems,,
i need help to report problems with registrations,account_access,ds2_bitext,ACCOUNT,registration_problems,,
how can i notify of an issue with registrations,account_access,ds2_bitext,ACCOUNT,registration_problems,,
i dont know what i need to do to report errors with sign-up,account_access,ds2_bitext,ACCOUNT,registration_problems,,
where to inform of registration errors?,account_access,ds2_bitext,ACCOUNT,registration_problems,,
can you help me notifying of a sign-up issue?,account_access,ds2_bitext,ACCOUNT,registration_problems,,
i cant sign up want assistance to report sign-up problems,account_access,ds2_bitext,ACCOUNT,registration_problems,,
what do I have to do to report a sign-up issue?,account_access,ds2_bitext,ACCOUNT,registration_problems,,
I try to notify of an error with registrations,account_access,ds2_bitext,ACCOUNT,registration_problems,,
I try to inform of an error with a sign-up,account_access,ds2_bitext,ACCOUNT,registration_problems,,
is it possible to notify of an issue with signup,account_access,ds2_bitext,ACCOUNT,registration_problems,,
i want assistance reporting a problem with sign-up,account_access,ds2_bitext,ACCOUNT,registration_problems,,
assistance to report an issue with a sign-up,account_access,ds2_bitext,ACCOUNT,registration_problems,,
I do not know what I need to do to report a sign-up issue,account_access,ds2_bitext,ACCOUNT,registration_problems,,
where can i inform of an issue with an signup,account_access,ds2_bitext,ACCOUNT,registration_problems,,
i cannot inform of an issue with signup,account_access,ds2_bitext,ACCOUNT,registration_problems,,
"I cannot create a user, help to report sign-up errors",account_access,ds2_bitext,ACCOUNT,registration_problems,,
can I inform of signup problems?,account_access,ds2_bitext,ACCOUNT,registration_problems,,
where to inform of sign-up issues?,account_access,ds2_bitext,ACCOUNT,registration_problems,,
need help to report a problem with signup,account_access,ds2_bitext,ACCOUNT,registration_problems,,
I have got to notify of an issue with registrtions,account_access,ds2_bitext,ACCOUNT,registration_problems,,
I do not know how I can inform of an issue with a sign-up,account_access,ds2_bitext,ACCOUNT,registration_problems,,
where to inform of a sign-up problem?,account_access,ds2_bitext,ACCOUNT,registration_problems,,
how to reportr an error with signup,account_access,ds2_bitext,ACCOUNT,registration_problems,,
I have got to inform of a problem with a signup,account_access,ds2_bitext,ACCOUNT,registration_problems,,
i cant notify of signup errors,account_access,ds2_bitext,ACCOUNT,registration_problems,,
I would like to notify of sign-up issues,account_access,ds2_bitext,ACCOUNT,registration_problems,,
i want help notifying of a signup problem,account_access,ds2_bitext,ACCOUNT,registration_problems,,
"I am experiencing a problem signing up, can I get some help?",account_access,ds2_bitext,ACCOUNT,registration_problems,,
I'm trying to inform of a error with signup,account_access,ds2_bitext,ACCOUNT,registration_problems,,
where can I notify of problems with sign-up?,account_access,ds2_bitext,ACCOUNT,registration_problems,,
i cannot report issues with signup,account_access,ds2_bitext,ACCOUNT,registration_problems,,
i dont know what to do to notify of an issdue with a sign-up,account_access,ds2_bitext,ACCOUNT,registration_problems,,
"I can't open a profile, I have to report a sign-up issue",account_access,ds2_bitext,ACCOUNT,registration_problems,,
I have got to inform of a problem with a registration,account_access,ds2_bitext,ACCOUNT,registration_problems,,
can you help me inform of a problem with signup?,account_access,ds2_bitext,ACCOUNT,registration_problems,,
I have a question about the online registration,account_access,ds2_bitext,ACCOUNT,registration_problems,,
what do I have to do to report issues with a sign-up?,account_access,ds2_bitext,ACCOUNT,registration_problems,,
how can I report a sign-up error?,account_access,ds2_bitext,ACCOUNT,registration_problems,,
where to notify of an error with signup?,account_access,ds2_bitext,ACCOUNT,registration_problems,,
need help to notify of problems with signup,account_access,ds2_bitext,ACCOUNT,registration_problems,,
i dont know how to change to the business account,account_access,ds2_bitext,ACCOUNT,switch_account,,
i do not know how to switch to the business account,account_access,ds2_bitext,ACCOUNT,switch_account,,
need to change to the goddamn gold account could ya help me,account_access,ds2_bitext,ACCOUNT,switch_account,,
"I have got to use the standard profile, I need help",account_access,ds2_bitext,ACCOUNT,switch_account,,
wanna use the premium profile help me,account_access,ds2_bitext,ACCOUNT,switch_account,,
what do i need to do to use the standard account,account_access,ds2_bitext,ACCOUNT,switch_account,,
I try to change to the business account,account_access,ds2_bitext,ACCOUNT,switch_account,,
I want help to use the standard account,account_access,ds2_bitext,ACCOUNT,switch_account,,
can you help me to use the platinum profile?,account_access,ds2_bitext,ACCOUNT,switch_account,,
wanna switch to th standard account could uhelp me,account_access,ds2_bitext,ACCOUNT,switch_account,,
i dont know what to do to change ot the goddamn gold account,account_access,ds2_bitext,ACCOUNT,switch_account,,
I do not know what to do to change to another user profile,account_access,ds2_bitext,ACCOUNT,switch_account,,
how could I change to the standard account?,account_access,ds2_bitext,ACCOUNT,switch_account,,
i want assistance switching to the pro account,account_access,ds2_bitext,ACCOUNT,switch_account,,
help changing to the business account,account_access,ds2_bitext,ACCOUNT,switch_account,,
what do I ned to do to change to the business account?,account_access,ds2_bitext,ACCOUNT,switch_account,,
help using the freemium profile,account_access,ds2_bitext,ACCOUNT,switch_account,,
i dont know what i have to do to switch to the business account,account_access,ds2_bitext,ACCOUNT,switch_account,,
can you help me to change to the standard account?,account_access,ds2_bitext,ACCOUNT,switch_account,,
I do not know what I have to do to switch to the pro account,account_access,ds2_bitext,ACCOUNT,switch_account,,
assistance using the standard profile,account_access,ds2_bitext,ACCOUNT,switch_account,,
can you help me change to the standard account?,account_access,ds2_bitext,ACCOUNT,switch_account,,
i dont know what to do to change to the standard account,account_access,ds2_bitext,ACCOUNT,switch_account,,
I cannot change to the standard account,account_access,ds2_bitext,ACCOUNT,switch_account,,
I am trying to change to the standard account,account_access,ds2_bitext,ACCOUNT,switch_account,,
I am trying to change to the standard account,account_access,ds2_bitext,ACCOUNT,switch_account,,
i want help to switch to the standard account,account_access,ds2_bitext,ACCOUNT,switch_account,,
"I have to use the premium profile, I need assistance",account_access,ds2_bitext,ACCOUNT,switch_account,,
"I have to use the pro profile, I need assistance",account_access,ds2_bitext,ACCOUNT,switch_account,,
"I have got to use the bloody standard profile, I need help",account_access,ds2_bitext,ACCOUNT,switch_account,,
assistance to use the premium profile,account_access,ds2_bitext,ACCOUNT,switch_account,,
wanna use the gold profile i need help,account_access,ds2_bitext,ACCOUNT,switch_account,,
help me to use the business account,account_access,ds2_bitext,ACCOUNT,switch_account,,
i do not know what to do to switch to the business account,account_access,ds2_bitext,ACCOUNT,switch_account,,
change to the business account,account_access,ds2_bitext,ACCOUNT,switch_account,,
help me using the business profile,account_access,ds2_bitext,ACCOUNT,switch_account,,
help me to use the gold profile,account_access,ds2_bitext,ACCOUNT,switch_account,,
change to the premium account,account_access,ds2_bitext,ACCOUNT,switch_account,,
I need assistance to change to the standard account,account_access,ds2_bitext,ACCOUNT,switch_account,,
help me change to the standard account,account_access,ds2_bitext,ACCOUNT,switch_account,,
I'd like to use the business account could uhelp me,account_access,ds2_bitext,ACCOUNT,switch_account,,
how do i use the premium profile,account_access,ds2_bitext,ACCOUNT,switch_account,,
I want to change to the business account,account_access,ds2_bitext,ACCOUNT,switch_account,,
help me to change to the gold account,account_access,ds2_bitext,ACCOUNT,switch_account,,
can you help me to switch to the standard account?,account_access,ds2_bitext,ACCOUNT,switch_account,,
need help using the freemium account,account_access,ds2_bitext,ACCOUNT,switch_account,,
what do I have to do to change t the pro account?,account_access,ds2_bitext,ACCOUNT,switch_account,,
"I have got to use the business profile, how could I do it?",account_access,ds2_bitext,ACCOUNT,switch_account,,
what do I need to do to switch to the standard account?,account_access,ds2_bitext,ACCOUNT,switch_account,,
I want assistance to change to the standard account,account_access,ds2_bitext,ACCOUNT,switch_account,,
i do not know what to do to switch to the standard account,account_access,ds2_bitext,ACCOUNT,switch_account,,
where to change to the freemium account,account_access,ds2_bitext,ACCOUNT,switch_account,,
acn i switch to the pro account,account_access,ds2_bitext,ACCOUNT,switch_account,,
how do i use the business profile,account_access,ds2_bitext,ACCOUNT,switch_account,,
i need help using the business account,account_access,ds2_bitext,ACCOUNT,switch_account,,
is it possible to change to the standard account,account_access,ds2_bitext,ACCOUNT,switch_account,,
hjow to use the gold profile?,account_access,ds2_bitext,ACCOUNT,switch_account,,
i have to use the standard account,account_access,ds2_bitext,ACCOUNT,switch_account,,
how to use the business account?,account_access,ds2_bitext,ACCOUNT,switch_account,,
help to change to the standard account,account_access,ds2_bitext,ACCOUNT,switch_account,,
hep using the standard profile,account_access,ds2_bitext,ACCOUNT,switch_account,,
what do I need to do to switch to the pro account?,account_access,ds2_bitext,ACCOUNT,switch_account,,
i do not know what to do to swtch to the premium account,account_access,ds2_bitext,ACCOUNT,switch_account,,
I have to change to the gold account,account_access,ds2_bitext,ACCOUNT,switch_account,,
where to change to the business account?,account_access,ds2_bitext,ACCOUNT,switch_account,,
how to use the gold profile?,account_access,ds2_bitext,ACCOUNT,switch_account,,
I want assistance changing to the premium account,account_access,ds2_bitext,ACCOUNT,switch_account,,
i dont know what to do to switch to the business account,account_access,ds2_bitext,ACCOUNT,switch_account,,
help to use the standard profile,account_access,ds2_bitext,ACCOUNT,switch_account,,
how can I use the freemium account?,account_access,ds2_bitext,ACCOUNT,switch_account,,
i do not know what to do to chanfe to the damn gold account,account_access,ds2_bitext,ACCOUNT,switch_account,,
wanna use the standard profile help me,account_access,ds2_bitext,ACCOUNT,switch_account,,
"I have got to use the gold profile, I need assistance",account_access,ds2_bitext,ACCOUNT,switch_account,,
need to use the fucking standard profile can i get some hepl,account_access,ds2_bitext,ACCOUNT,switch_account,,
I need assistance changing to the premium account,account_access,ds2_bitext,ACCOUNT,switch_account,,
"I want to change to the standard account, how could I do it?",account_access,ds2_bitext,ACCOUNT,switch_account,,
could you help me changing to the business account?,account_access,ds2_bitext,ACCOUNT,switch_account,,
I don't know what I need to do to change to the business account,account_access,ds2_bitext,ACCOUNT,switch_account,,
what do i need to do to change to the business account,account_access,ds2_bitext,ACCOUNT,switch_account,,
how to change to the gold account?,account_access,ds2_bitext,ACCOUNT,switch_account,,
what do I need to do to switch to the freemium account?,account_access,ds2_bitext,ACCOUNT,switch_account,,
"I need to change to the pro account, how can I do it?",account_access,ds2_bitext,ACCOUNT,switch_account,,
can you help me using the pro profile?,account_access,ds2_bitext,ACCOUNT,switch_account,,
"I have got to change to the standard account, I need help",account_access,ds2_bitext,ACCOUNT,switch_account,,
I have got to use the business profile,account_access,ds2_bitext,ACCOUNT,switch_account,,
wanna switcj to the pro account i need help,account_access,ds2_bitext,ACCOUNT,switch_account,,
i need assistance to change to the standard account,account_access,ds2_bitext,ACCOUNT,switch_account,,
need help switching to my new profile,account_access,ds2_bitext,ACCOUNT,switch_account,,
is it possible to switch to the freemium account,account_access,ds2_bitext,ACCOUNT,switch_account,,
"I want to change to the gold account, help me",account_access,ds2_bitext,ACCOUNT,switch_account,,
help to use the business profile,account_access,ds2_bitext,ACCOUNT,switch_account,,
need to use the business profioe can ya help me,account_access,ds2_bitext,ACCOUNT,switch_account,,
i ned assistance switching to the business account,account_access,ds2_bitext,ACCOUNT,switch_account,,
i want assistance switching to the gold account,account_access,ds2_bitext,ACCOUNT,switch_account,,
I don't know how I can change to the business account,account_access,ds2_bitext,ACCOUNT,switch_account,,
is it possible to use the gold profile?,account_access,ds2_bitext,ACCOUNT,switch_account,,
I need help to use the standard profile,account_access,ds2_bitext,ACCOUNT,switch_account,,
want help to change to the business account,account_access,ds2_bitext,ACCOUNT,switch_account,,
need help using the platinum profile,account_access,ds2_bitext,ACCOUNT,switch_account,,
assistance using the platinum profile,account_access,ds2_bitext,ACCOUNT,switch_account,,
I want help using the freemium account,account_access,ds2_bitext,ACCOUNT,switch_account,,
help changing to the standard account,account_access,ds2_bitext,ACCOUNT,switch_account,,
I do not know how to switch to the standard account,account_access,ds2_bitext,ACCOUNT,switch_account,,
I don't know how to change to the business account,account_access,ds2_bitext,ACCOUNT,switch_account,,
i want help to use the standard profile,account_access,ds2_bitext,ACCOUNT,switch_account,,
I do not know how I can switch to the pro account,account_access,ds2_bitext,ACCOUNT,switch_account,,
I want help to use the platinum profile,account_access,ds2_bitext,ACCOUNT,switch_account,,
help using the standard account,account_access,ds2_bitext,ACCOUNT,switch_account,,
could I change to the goddamn standard account?,account_access,ds2_bitext,ACCOUNT,switch_account,,
"I have to use the standard profile, how to do it?",account_access,ds2_bitext,ACCOUNT,switch_account,,
can I use the freemium profile?,account_access,ds2_bitext,ACCOUNT,switch_account,,
where do I change to the freemium account?,account_access,ds2_bitext,ACCOUNT,switch_account,,
i need help using the freemium account,account_access,ds2_bitext,ACCOUNT,switch_account,,
can ya help me using the bloody platinum accoiunt,account_access,ds2_bitext,ACCOUNT,switch_account,,
how could I use the gold profile?,account_access,ds2_bitext,ACCOUNT,switch_account,,
how do I use the standard profile?,account_access,ds2_bitext,ACCOUNT,switch_account,,
want help using the business account,account_access,ds2_bitext,ACCOUNT,switch_account,,
I don't know how I can change to the freemium account,account_access,ds2_bitext,ACCOUNT,switch_account,,
help me use the standard profile,account_access,ds2_bitext,ACCOUNT,switch_account,,
help changing to the gold account,account_access,ds2_bitext,ACCOUNT,switch_account,,
can i use the freemium rpofile,account_access,ds2_bitext,ACCOUNT,switch_account,,
i need help to change to the gold account,account_access,ds2_bitext,ACCOUNT,switch_account,,
how do I use the business profile?,account_access,ds2_bitext,ACCOUNT,switch_account,,
is it possible to use the business profile,account_access,ds2_bitext,ACCOUNT,switch_account,,
need assistance to use the platinum profile,account_access,ds2_bitext,ACCOUNT,switch_account,,
I want help to change to the freemium account,account_access,ds2_bitext,ACCOUNT,switch_account,,
how to use the business account,account_access,ds2_bitext,ACCOUNT,switch_account,,
i do not know how i can switch to the platinum account,account_access,ds2_bitext,ACCOUNT,switch_account,,
"I have got to use the business profile, help me",account_access,ds2_bitext,ACCOUNT,switch_account,,
how to use the pro account,account_access,ds2_bitext,ACCOUNT,switch_account,,
assistance to change to the goddamn business account,account_access,ds2_bitext,ACCOUNT,switch_account,,
how do I use the standard account?,account_access,ds2_bitext,ACCOUNT,switch_account,,
can you help me switching to the pro account?,account_access,ds2_bitext,ACCOUNT,switch_account,,
"I want to change to the freemium account, can you help me?",account_access,ds2_bitext,ACCOUNT,switch_account,,
want help switching to the premium account,account_access,ds2_bitext,ACCOUNT,switch_account,,
"I have got to change to the pro account, I need assistance",account_access,ds2_bitext,ACCOUNT,switch_account,,
I need assistance changing to the standard account,account_access,ds2_bitext,ACCOUNT,switch_account,,
wanna use the pro pprofile,account_access,ds2_bitext,ACCOUNT,switch_account,,
want help to use the standard account,account_access,ds2_bitext,ACCOUNT,switch_account,,
what do I have to do to change t the standard account?,account_access,ds2_bitext,ACCOUNT,switch_account,,
wanna use the business profile help me,account_access,ds2_bitext,ACCOUNT,switch_account,,
how to use the standard account,account_access,ds2_bitext,ACCOUNT,switch_account,,
need assistance to switch to the business account,account_access,ds2_bitext,ACCOUNT,switch_account,,
help using the business profile,account_access,ds2_bitext,ACCOUNT,switch_account,,
how to use the standard profile?,account_access,ds2_bitext,ACCOUNT,switch_account,,
want help to use the standard profile,account_access,ds2_bitext,ACCOUNT,switch_account,,
i have to use the standard account i need help,account_access,ds2_bitext,ACCOUNT,switch_account,,
i dont know how to switch to the platinum account,account_access,ds2_bitext,ACCOUNT,switch_account,,
can you help me change to the standard account?,account_access,ds2_bitext,ACCOUNT,switch_account,,
i have got to change to the business account i need help,account_access,ds2_bitext,ACCOUNT,switch_account,,
how do I use the freemium account?,account_access,ds2_bitext,ACCOUNT,switch_account,,
how to use the premium profile?,account_access,ds2_bitext,ACCOUNT,switch_account,,
I don't know what to do to switch to the standard account,account_access,ds2_bitext,ACCOUNT,switch_account,,
help changing to the standard account,account_access,ds2_bitext,ACCOUNT,switch_account,,
I need assistance using the standard profile,account_access,ds2_bitext,ACCOUNT,switch_account,,
what do I have to do to use the standard profile?,account_access,ds2_bitext,ACCOUNT,switch_account,,
assistance changing to the platinum account,account_access,ds2_bitext,ACCOUNT,switch_account,,
I do not know how I can switch to the standard account,account_access,ds2_bitext,ACCOUNT,switch_account,,
how to change to the standard account?,account_access,ds2_bitext,ACCOUNT,switch_account,,
I'd like to change to the standard acconut,account_access,ds2_bitext,ACCOUNT,switch_account,,
i need help to use the fucking business profile,account_access,ds2_bitext,ACCOUNT,switch_account,,
switch to the standard account,account_access,ds2_bitext,ACCOUNT,switch_account,,
assistance to use the standard profile,account_access,ds2_bitext,ACCOUNT,switch_account,,
could you help me to use the standard profile?,account_access,ds2_bitext,ACCOUNT,switch_account,,
I have got to use the premium profile,account_access,ds2_bitext,ACCOUNT,switch_account,,
want assistance to change to the freemium account,account_access,ds2_bitext,ACCOUNT,switch_account,,
I don't know what I have to do to switch to the business account,account_access,ds2_bitext,ACCOUNT,switch_account,,
help me to change to the standard account,account_access,ds2_bitext,ACCOUNT,switch_account,,
i dont know what i have to do to switch to the gold account,account_access,ds2_bitext,ACCOUNT,switch_account,,
i do not know what i need to do to switch to the pro account,account_access,ds2_bitext,ACCOUNT,switch_account,,
i cannot switch to the premium account,account_access,ds2_bitext,ACCOUNT,switch_account,,
I need assistance to use the premium profile,account_access,ds2_bitext,ACCOUNT,switch_account,,
what do I need to do to change to the business account?,account_access,ds2_bitext,ACCOUNT,switch_account,,
help me use the business profile,account_access,ds2_bitext,ACCOUNT,switch_account,,
I do not know what I have to do to change to the pro account,account_access,ds2_bitext,ACCOUNT,switch_account,,
I don't know what to do to switch to the premium account,account_access,ds2_bitext,ACCOUNT,switch_account,,
how to use the platinum profile,account_access,ds2_bitext,ACCOUNT,switch_account,,
i want help to change to the standard account,account_access,ds2_bitext,ACCOUNT,switch_account,,
I try to switch to the standard account,account_access,ds2_bitext,ACCOUNT,switch_account,,
I don't know how to switch to the platinum account,account_access,ds2_bitext,ACCOUNT,switch_account,,
I don't know what I have to do to wsitch to the business account,account_access,ds2_bitext,ACCOUNT,switch_account,,
help me use the standard profile,account_access,ds2_bitext,ACCOUNT,switch_account,,
i have to use the standard profile,account_access,ds2_bitext,ACCOUNT,switch_account,,
how to switch to the business account,account_access,ds2_bitext,ACCOUNT,switch_account,,
assistance using the business account,account_access,ds2_bitext,ACCOUNT,switch_account,,
i dont know what i have to do to change to the pro account,account_access,ds2_bitext,ACCOUNT,switch_account,,
i want assistance to use the standard account,account_access,ds2_bitext,ACCOUNT,switch_account,,
how do i use the standard account,account_access,ds2_bitext,ACCOUNT,switch_account,,
I'd like to change to the standard account i need assistance,account_access,ds2_bitext,ACCOUNT,switch_account,,
help using the pro profile,account_access,ds2_bitext,ACCOUNT,switch_account,,
how do I change to the standard account?,account_access,ds2_bitext,ACCOUNT,switch_account,,
wanna switch to the platinum accoun,account_access,ds2_bitext,ACCOUNT,switch_account,,
I don't know how to change to the business account,account_access,ds2_bitext,ACCOUNT,switch_account,,
can I change to the premium account?,account_access,ds2_bitext,ACCOUNT,switch_account,,
help touse the standard profile,account_access,ds2_bitext,ACCOUNT,switch_account,,
change to the business account,account_access,ds2_bitext,ACCOUNT,switch_account,,
can you help me using the platinum account?,account_access,ds2_bitext,ACCOUNT,switch_account,,
where can I change to the freemium account?,account_access,ds2_bitext,ACCOUNT,switch_account,,
i dont know how i can switch to the freemium account,account_access,ds2_bitext,ACCOUNT,switch_account,,
need to use the freemium profile can ya help me,account_access,ds2_bitext,ACCOUNT,switch_account,,
I do not know what to do to change to the business account,account_access,ds2_bitext,ACCOUNT,switch_account,,
I want assistance switching to the standard account,account_access,ds2_bitext,ACCOUNT,switch_account,,
I want assistance using the standard account,account_access,ds2_bitext,ACCOUNT,switch_account,,
how do i use the business profile,account_access,ds2_bitext,ACCOUNT,switch_account,,
what do i need to do to change to the standard account,account_access,ds2_bitext,ACCOUNT,switch_account,,
how to use the standard account?,account_access,ds2_bitext,ACCOUNT,switch_account,,
I need to switch to the standard acconut,account_access,ds2_bitext,ACCOUNT,switch_account,,
"I have got to change to the business account, how can I do it?",account_access,ds2_bitext,ACCOUNT,switch_account,,
want assistance using the standard account,account_access,ds2_bitext,ACCOUNT,switch_account,,
i do not know what i need to do to switch to the business account,account_access,ds2_bitext,ACCOUNT,switch_account,,
i dont know what to do to change to the business account,account_access,ds2_bitext,ACCOUNT,switch_account,,
I don't know what I need to do to switch to the business account,account_access,ds2_bitext,ACCOUNT,switch_account,,
I don't know how to change to the pro account,account_access,ds2_bitext,ACCOUNT,switch_account,,
can I change to the standard account?,account_access,ds2_bitext,ACCOUNT,switch_account,,
how do i use the gold profile,account_access,ds2_bitext,ACCOUNT,switch_account,,
help me using the business profile,account_access,ds2_bitext,ACCOUNT,switch_account,,
can I use the gold profile?,account_access,ds2_bitext,ACCOUNT,switch_account,,
help me to use the standard profile,account_access,ds2_bitext,ACCOUNT,switch_account,,
can ya help me to switch to the standard account,account_access,ds2_bitext,ACCOUNT,switch_account,,
I don't know what I need to do to change to the business account,account_access,ds2_bitext,ACCOUNT,switch_account,,
can uhelp me use the standard account,account_access,ds2_bitext,ACCOUNT,switch_account,,
can you help me to change to the business account?,account_access,ds2_bitext,ACCOUNT,switch_account,,
I cannot switch to the business account,account_access,ds2_bitext,ACCOUNT,switch_account,,
i cannot change to the business account,account_access,ds2_bitext,ACCOUNT,switch_account,,
how do i use the standard profile,account_access,ds2_bitext,ACCOUNT,switch_account,,
I don't know what to do to change to the business account,account_access,ds2_bitext,ACCOUNT,switch_account,,
need assistance switching to the business account,account_access,ds2_bitext,ACCOUNT,switch_account,,
help to use the pro profile,account_access,ds2_bitext,ACCOUNT,switch_account,,
can you help me to use the standard profile?,account_access,ds2_bitext,ACCOUNT,switch_account,,
I need assistance to switch to a new account,account_access,ds2_bitext,ACCOUNT,switch_account,,
can uhelp me to use the standard profile,account_access,ds2_bitext,ACCOUNT,switch_account,,
"I have got to use the pro profile, how can I do it?",account_access,ds2_bitext,ACCOUNT,switch_account,,
i do not know wnat i have to do to switch to the pro account,account_access,ds2_bitext,ACCOUNT,switch_account,,
can I use the standard account?,account_access,ds2_bitext,ACCOUNT,switch_account,,
i do not know how i can change to the damn business account,account_access,ds2_bitext,ACCOUNT,switch_account,,
how to use the standard profile?,account_access,ds2_bitext,ACCOUNT,switch_account,,
i do not know what i have to do to switch to the pro account,account_access,ds2_bitext,ACCOUNT,switch_account,,
"I have got to change to the standard account, I need help",account_access,ds2_bitext,ACCOUNT,switch_account,,
can you help me to change to the goddamn business account?,account_access,ds2_bitext,ACCOUNT,switch_account,,
i do not know how to switch to the standard account,account_access,ds2_bitext,ACCOUNT,switch_account,,
what do i need to do to switch to the freemium account,account_access,ds2_bitext,ACCOUNT,switch_account,,
how to use the pro profile,account_access,ds2_bitext,ACCOUNT,switch_account,,
what do i need to do to change to the gold account,account_access,ds2_bitext,ACCOUNT,switch_account,,
i dont know what i need to do to switch to the business account,account_access,ds2_bitext,ACCOUNT,switch_account,,
wanna change to the freemium account help me,account_access,ds2_bitext,ACCOUNT,switch_account,,
assistance changing to the standard account,account_access,ds2_bitext,ACCOUNT,switch_account,,
can you help me using the business profile?,account_access,ds2_bitext,ACCOUNT,switch_account,,
can you help me switching to the standard account?,account_access,ds2_bitext,ACCOUNT,switch_account,,
help me switch to the freemium account,account_access,ds2_bitext,ACCOUNT,switch_account,,
"I have got to change to the standard account, I need help",account_access,ds2_bitext,ACCOUNT,switch_account,,
I need help changing to the platinum account,account_access,ds2_bitext,ACCOUNT,switch_account,,
help to use the platinum profile,account_access,ds2_bitext,ACCOUNT,switch_account,,
I don't know what to do to change to the pro account,account_access,ds2_bitext,ACCOUNT,switch_account,,
i do not know what i have to do to change to the business account,account_access,ds2_bitext,ACCOUNT,switch_account,,
how do I use the premium profile?,account_access,ds2_bitext,ACCOUNT,switch_account,,
how to use the business profile?,account_access,ds2_bitext,ACCOUNT,switch_account,,
I can't change to the damn platinum account,account_access,ds2_bitext,ACCOUNT,switch_account,,
I can't change to the damn gold account,account_access,ds2_bitext,ACCOUNT,switch_account,,
help to use the standard profile,account_access,ds2_bitext,ACCOUNT,switch_account,,
I don't know how I can change to the standard account,account_access,ds2_bitext,ACCOUNT,switch_account,,
wanna change to the business account help me,account_access,ds2_bitext,ACCOUNT,switch_account,,
how do I use the premium account?,account_access,ds2_bitext,ACCOUNT,switch_account,,
wantassistance to change to the business account,account_access,ds2_bitext,ACCOUNT,switch_account,,
how to use the standard account?,account_access,ds2_bitext,ACCOUNT,switch_account,,
where could i switch to the standard account,account_access,ds2_bitext,ACCOUNT,switch_account,,
i dont know how i can change to tye business account,account_access,ds2_bitext,ACCOUNT,switch_account,,
I do not know what I need to do to change to the business account,account_access,ds2_bitext,ACCOUNT,switch_account,,
I would like to change to the business account,account_access,ds2_bitext,ACCOUNT,switch_account,,
I don't know how to switch to the business account,account_access,ds2_bitext,ACCOUNT,switch_account,,
can I use the standard account?,account_access,ds2_bitext,ACCOUNT,switch_account,,
I need assistance to switch to the business account,account_access,ds2_bitext,ACCOUNT,switch_account,,
assistance changing to the business account,account_access,ds2_bitext,ACCOUNT,switch_account,,
"I have got to use the standard profile, can I get some help?",account_access,ds2_bitext,ACCOUNT,switch_account,,
could I change to the gold account?,account_access,ds2_bitext,ACCOUNT,switch_account,,
can you help me changing to the standard account?,account_access,ds2_bitext,ACCOUNT,switch_account,,
i hjave to use the standard profile can i get some help,account_access,ds2_bitext,ACCOUNT,switch_account,,
whta do i need to do to change to the damn gold account,account_access,ds2_bitext,ACCOUNT,switch_account,,
i have to sue the business profile how can i do it,account_access,ds2_bitext,ACCOUNT,switch_account,,
I don't know how I can change to the gold account,account_access,ds2_bitext,ACCOUNT,switch_account,,
what do i have to do to use the business profile,account_access,ds2_bitext,ACCOUNT,switch_account,,
help touse the pro profile,account_access,ds2_bitext,ACCOUNT,switch_account,,
what do I have to do to change to the freemium account?,account_access,ds2_bitext,ACCOUNT,switch_account,,
"I have to use the bloody business profile, can you help me?",account_access,ds2_bitext,ACCOUNT,switch_account,,
how could I use the standard profile?,account_access,ds2_bitext,ACCOUNT,switch_account,,
help me change to the platinum account,account_access,ds2_bitext,ACCOUNT,switch_account,,
can i change to the business account,account_access,ds2_bitext,ACCOUNT,switch_account,,
I want assistance to switch to the gold account,account_access,ds2_bitext,ACCOUNT,switch_account,,
need to use the premium account,account_access,ds2_bitext,ACCOUNT,switch_account,,
I don't know what to do to switch to the standard account,account_access,ds2_bitext,ACCOUNT,switch_account,,
could I use the business profile?,account_access,ds2_bitext,ACCOUNT,switch_account,,
where do i switch to the pro account,account_access,ds2_bitext,ACCOUNT,switch_account,,
I don't know how I could change to the business account,account_access,ds2_bitext,ACCOUNT,switch_account,,
i dont know how to switch to the standard account,account_access,ds2_bitext,ACCOUNT,switch_account,,
how to use the platinum account,account_access,ds2_bitext,ACCOUNT,switch_account,,
want help to switch to the freemium account,account_access,ds2_bitext,ACCOUNT,switch_account,,
can you help me use the pro profile?,account_access,ds2_bitext,ACCOUNT,switch_account,,
can ya help me change to the business account,account_access,ds2_bitext,ACCOUNT,switch_account,,
help using the standard profile,account_access,ds2_bitext,ACCOUNT,switch_account,,
how do i use the platinum account,account_access,ds2_bitext,ACCOUNT,switch_account,,
I want assistance using the standard account,account_access,ds2_bitext,ACCOUNT,switch_account,,
I don't know how to switch to the business account,account_access,ds2_bitext,ACCOUNT,switch_account,,
help using the gold profile,account_access,ds2_bitext,ACCOUNT,switch_account,,
I want assistance to switch to the standard account,account_access,ds2_bitext,ACCOUNT,switch_account,,
how to use the gold account?,account_access,ds2_bitext,ACCOUNT,switch_account,,
how do I use the freemium profile?,account_access,ds2_bitext,ACCOUNT,switch_account,,
help to use the standard account,account_access,ds2_bitext,ACCOUNT,switch_account,,
i do not know how i could switch tto the standard account,account_access,ds2_bitext,ACCOUNT,switch_account,,
how can I use the gold account?,account_access,ds2_bitext,ACCOUNT,switch_account,,
is it possible to use the bloody standard profile?,account_access,ds2_bitext,ACCOUNT,switch_account,,
want assistance switching to the standard account,account_access,ds2_bitext,ACCOUNT,switch_account,,
could you help me to change to the gold account?,account_access,ds2_bitext,ACCOUNT,switch_account,,
need assistance switching to the pro account,account_access,ds2_bitext,ACCOUNT,switch_account,,
what do I need to do to switch to the standard account?,account_access,ds2_bitext,ACCOUNT,switch_account,,
want assistance switching to the premium cacount,account_access,ds2_bitext,ACCOUNT,switch_account,,
I do not know what to do to change to the business account,account_access,ds2_bitext,ACCOUNT,switch_account,,
I don't know what I have to do to change to the pro account,account_access,ds2_bitext,ACCOUNT,switch_account,,
I don't know how I can change to the standard account,account_access,ds2_bitext,ACCOUNT,switch_account,,
I do not know how to change to the standard account,account_access,ds2_bitext,ACCOUNT,switch_account,,
can you help me changing to the gold account?,account_access,ds2_bitext,ACCOUNT,switch_account,,
wanna use the premium account,account_access,ds2_bitext,ACCOUNT,switch_account,,
i dont know what i have to do to change to the business account,account_access,ds2_bitext,ACCOUNT,switch_account,,
can I change to the gold account?,account_access,ds2_bitext,ACCOUNT,switch_account,,
I need assistance changing to the business account,account_access,ds2_bitext,ACCOUNT,switch_account,,
i dont know how to switch to the pro account,account_access,ds2_bitext,ACCOUNT,switch_account,,
want assistance to use the standard account,account_access,ds2_bitext,ACCOUNT,switch_account,,
how do i use the standard account,account_access,ds2_bitext,ACCOUNT,switch_account,,
assistance using the standard profile,account_access,ds2_bitext,ACCOUNT,switch_account,,
is it possible to switch to the standard account,account_access,ds2_bitext,ACCOUNT,switch_account,,
I want help to use the bloody standard profile,account_access,ds2_bitext,ACCOUNT,switch_account,,
can I change to the platinum account?,account_access,ds2_bitext,ACCOUNT,switch_account,,
can you help me using the premium profile?,account_access,ds2_bitext,ACCOUNT,switch_account,,
can ya help me to change to another account,account_access,ds2_bitext,ACCOUNT,switch_account,,
can you help me switching to the business account?,account_access,ds2_bitext,ACCOUNT,switch_account,,
help to use the standard account,account_access,ds2_bitext,ACCOUNT,switch_account,,
I don't know what to do to change to the standard account,account_access,ds2_bitext,ACCOUNT,switch_account,,
I do not know how I can switch to tbe platinum account,account_access,ds2_bitext,ACCOUNT,switch_account,,
howdo i use the gold account,account_access,ds2_bitext,ACCOUNT,switch_account,,
help using the platinum account,account_access,ds2_bitext,ACCOUNT,switch_account,,
where to change to the pro account,account_access,ds2_bitext,ACCOUNT,switch_account,,
what do i need to do to use the premium profile,account_access,ds2_bitext,ACCOUNT,switch_account,,
what do I have to do to use the standard account?,account_access,ds2_bitext,ACCOUNT,switch_account,,
can ya help me change to the platinum account,account_access,ds2_bitext,ACCOUNT,switch_account,,
help to use the bloody gold profile,account_access,ds2_bitext,ACCOUNT,switch_account,,
wanna use thed freemium profile can ya help me,account_access,ds2_bitext,ACCOUNT,switch_account,,
can you help me to use the premium profile?,account_access,ds2_bitext,ACCOUNT,switch_account,,
could you help me to change to the goddamn platinum account?,account_access,ds2_bitext,ACCOUNT,switch_account,,
assistance to change to the freemium account,account_access,ds2_bitext,ACCOUNT,switch_account,,
i have to use the business account will ya help me,account_access,ds2_bitext,ACCOUNT,switch_account,,
where can I change to the goddamn standard account?,account_access,ds2_bitext,ACCOUNT,switch_account,,
can you help me to change to the business account?,account_access,ds2_bitext,ACCOUNT,switch_account,,
I try to change to the standard account,account_access,ds2_bitext,ACCOUNT,switch_account,,
I don't know what I have to do to change to the business account,account_access,ds2_bitext,ACCOUNT,switch_account,,
can i switch to the business account,account_access,ds2_bitext,ACCOUNT,switch_account,,
change to the gold account,account_access,ds2_bitext,ACCOUNT,switch_account,,
how to use the standard profile?,account_access,ds2_bitext,ACCOUNT,switch_account,,
i do not know what to do to switch to the standard account,account_access,ds2_bitext,ACCOUNT,switch_account,,
help using the business account,account_access,ds2_bitext,ACCOUNT,switch_account,,
i have got ot use the freemium account how could i do it,account_access,ds2_bitext,ACCOUNT,switch_account,,
i have to switch to the pro account,account_access,ds2_bitext,ACCOUNT,switch_account,,
i hav to change to the premium account help me,account_access,ds2_bitext,ACCOUNT,switch_account,,
I want assistance to use the business profile,account_access,ds2_bitext,ACCOUNT,switch_account,,
can you help me to use the gold profile?,account_access,ds2_bitext,ACCOUNT,switch_account,,
I don't know what to do to change to the premium account,account_access,ds2_bitext,ACCOUNT,switch_account,,
i have got to use the standard profile,account_access,ds2_bitext,ACCOUNT,switch_account,,
how to use the premium profile,account_access,ds2_bitext,ACCOUNT,switch_account,,
help using the business account,account_access,ds2_bitext,ACCOUNT,switch_account,,
help me use the standard profile,account_access,ds2_bitext,ACCOUNT,switch_account,,
can ya help me using the premium profile,account_access,ds2_bitext,ACCOUNT,switch_account,,
can you help me changing to the platinum account?,account_access,ds2_bitext,ACCOUNT,switch_account,,
i need assistance switching to the standard account,account_access,ds2_bitext,ACCOUNT,switch_account,,
help me to use the platinum profile,account_access,ds2_bitext,ACCOUNT,switch_account,,
help using the business profile,account_access,ds2_bitext,ACCOUNT,switch_account,,
i have got to use the standard profile i need help,account_access,ds2_bitext,ACCOUNT,switch_account,,
what do i have to do to switch to the premium account,account_access,ds2_bitext,ACCOUNT,switch_account,,
i have to use the freemium account could ya help m,account_access,ds2_bitext,ACCOUNT,switch_account,,
I want assistance to change to the gold account,account_access,ds2_bitext,ACCOUNT,switch_account,,
i need assistance to switch to the business account,account_access,ds2_bitext,ACCOUNT,switch_account,,
can you help me to change to the standard account?,account_access,ds2_bitext,ACCOUNT,switch_account,,
i want help to use the business profile,account_access,ds2_bitext,ACCOUNT,switch_account,,
i need help using the business profile,account_access,ds2_bitext,ACCOUNT,switch_account,,
i have ot change to the standard account how do i do it,account_access,ds2_bitext,ACCOUNT,switch_account,,
I need assistance using the standard preofile,account_access,ds2_bitext,ACCOUNT,switch_account,,
help me to use the business profile,account_access,ds2_bitext,ACCOUNT,switch_account,,
I want help using the pro profile,account_access,ds2_bitext,ACCOUNT,switch_account,,
can i use the standard profile,account_access,ds2_bitext,ACCOUNT,switch_account,,
help me use the freemium profile,account_access,ds2_bitext,ACCOUNT,switch_account,,
"I have got to change to the business account, how to do it?",account_access,ds2_bitext,ACCOUNT,switch_account,,
ned assistance to switch to the bloody platinum account,account_access,ds2_bitext,ACCOUNT,switch_account,,
how to use the business profile,account_access,ds2_bitext,ACCOUNT,switch_account,,
i dont know how i can switch to the business acount,account_access,ds2_bitext,ACCOUNT,switch_account,,
I want to change to the premium account,account_access,ds2_bitext,ACCOUNT,switch_account,,
I do not know how I can switch to the standard account,account_access,ds2_bitext,ACCOUNT,switch_account,,
i nee assistance to use the standard profile,account_access,ds2_bitext,ACCOUNT,switch_account,,
can I use the bloody business profile?,account_access,ds2_bitext,ACCOUNT,switch_account,,
I am trying to change to the business account,account_access,ds2_bitext,ACCOUNT,switch_account,,
how do i use the business account,account_access,ds2_bitext,ACCOUNT,switch_account,,
can I use the standard acclunt?,account_access,ds2_bitext,ACCOUNT,switch_account,,
I don't know what I need to do to switch to the pro account,account_access,ds2_bitext,ACCOUNT,switch_account,,
what do i need to do to change to the pro account,account_access,ds2_bitext,ACCOUNT,switch_account,,
need assistance switching to the fucking premium account,account_access,ds2_bitext,ACCOUNT,switch_account,,
help me use the business profile,account_access,ds2_bitext,ACCOUNT,switch_account,,
help changing to the premium account,account_access,ds2_bitext,ACCOUNT,switch_account,,
can ya help me using the standard profile,account_access,ds2_bitext,ACCOUNT,switch_account,,
"I have got to use the gold profile, can you help me?",account_access,ds2_bitext,ACCOUNT,switch_account,,
where to change to the standard accout,account_access,ds2_bitext,ACCOUNT,switch_account,,
change to the standard account,account_access,ds2_bitext,ACCOUNT,switch_account,,
i dont know what to do to switch to the freemium account,account_access,ds2_bitext,ACCOUNT,switch_account,,
help me to use the premium profile,account_access,ds2_bitext,ACCOUNT,switch_account,,
I want assistance changing to the standard account,account_access,ds2_bitext,ACCOUNT,switch_account,,
wana use the standard profile how can i do it,account_access,ds2_bitext,ACCOUNT,switch_account,,
help to use the business account,account_access,ds2_bitext,ACCOUNT,switch_account,,
how could I use the business profile?,account_access,ds2_bitext,ACCOUNT,switch_account,,
I do not know how I can change to the standard account,account_access,ds2_bitext,ACCOUNT,switch_account,,
can I use the premium profile?,account_access,ds2_bitext,ACCOUNT,switch_account,,
I want assistance to change to the standard account,account_access,ds2_bitext,ACCOUNT,switch_account,,
how to use the freemium profile?,account_access,ds2_bitext,ACCOUNT,switch_account,,
"I have got to change to the platinum account, how to do it?",account_access,ds2_bitext,ACCOUNT,switch_account,,
i dont know what i need to do to change to the pro account,account_access,ds2_bitext,ACCOUNT,switch_account,,
I need assistance to use the premium account,account_access,ds2_bitext,ACCOUNT,switch_account,,
assistance using the business profile,account_access,ds2_bitext,ACCOUNT,switch_account,,
I want help to change to the standard account,account_access,ds2_bitext,ACCOUNT,switch_account,,
"I have to change to the platinum account, how do I do it?",account_access,ds2_bitext,ACCOUNT,switch_account,,
is it possible to change to the pro account?,account_access,ds2_bitext,ACCOUNT,switch_account,,
help using the standard profile,account_access,ds2_bitext,ACCOUNT,switch_account,,
I want help changing to the standard account,account_access,ds2_bitext,ACCOUNT,switch_account,,
I don't know what to do to change to the standard account,account_access,ds2_bitext,ACCOUNT,switch_account,,
help me to use the standard profile,account_access,ds2_bitext,ACCOUNT,switch_account,,
I don't know how I can change to the standard account,account_access,ds2_bitext,ACCOUNT,switch_account,,
i dont know how to change to the platinum account,account_access,ds2_bitext,ACCOUNT,switch_account,,
need help to use the business account,account_access,ds2_bitext,ACCOUNT,switch_account,,
change to the platinum account,account_access,ds2_bitext,ACCOUNT,switch_account,,
"I have got to use the standard profile, help me",account_access,ds2_bitext,ACCOUNT,switch_account,,
i need assistance switching to the business account,account_access,ds2_bitext,ACCOUNT,switch_account,,
wznt help to switch to the bloody freemium account,account_access,ds2_bitext,ACCOUNT,switch_account,,
how do I use the standard profile?,account_access,ds2_bitext,ACCOUNT,switch_account,,
need to use the standard profile help me,account_access,ds2_bitext,ACCOUNT,switch_account,,
"I want too use the business account, I need assistance",account_access,ds2_bitext,ACCOUNT,switch_account,,
i want assistance to use th business profile,account_access,ds2_bitext,ACCOUNT,switch_account,,
how to use tye business account?,account_access,ds2_bitext,ACCOUNT,switch_account,,
help me using the business account,account_access,ds2_bitext,ACCOUNT,switch_account,,
I want to use the freemium profile,account_access,ds2_bitext,ACCOUNT,switch_account,,
I do not know how I could change to the goddamn business account,account_access,ds2_bitext,ACCOUNT,switch_account,,
how could i change to the business account,account_access,ds2_bitext,ACCOUNT,switch_account,,
help me to use the business profile,account_access,ds2_bitext,ACCOUNT,switch_account,,
i do not know how i can change to the business account,account_access,ds2_bitext,ACCOUNT,switch_account,,
help to use the freemium profile,account_access,ds2_bitext,ACCOUNT,switch_account,,
i dont know what i have to do to switch to the business account,account_access,ds2_bitext,ACCOUNT,switch_account,,
I need help to change to the business account,account_access,ds2_bitext,ACCOUNT,switch_account,,
I am trying to switch to the standard account,account_access,ds2_bitext,ACCOUNT,switch_account,,
how to use the standard account,account_access,ds2_bitext,ACCOUNT,switch_account,,
cdan uhelp me using the platinum account,account_access,ds2_bitext,ACCOUNT,switch_account,,
want assistance changing to the pro account,account_access,ds2_bitext,ACCOUNT,switch_account,,
would it be possible to sitch to the bloody business account,account_access,ds2_bitext,ACCOUNT,switch_account,,
need hepl switching to the standard account,account_access,ds2_bitext,ACCOUNT,switch_account,,
how to use the business profile?,account_access,ds2_bitext,ACCOUNT,switch_account,,
how to use the standard profile,account_access,ds2_bitext,ACCOUNT,switch_account,,
"I have got to use the damn pro profile, could you help me?",account_access,ds2_bitext,ACCOUNT,switch_account,,
I want assistance changing to the pro account,account_access,ds2_bitext,ACCOUNT,switch_account,,
i do not know what to do to switch to the freemium account,account_access,ds2_bitext,ACCOUNT,switch_account,,
how do I use the pro account?,account_access,ds2_bitext,ACCOUNT,switch_account,,
where to switch to the pro account?,account_access,ds2_bitext,ACCOUNT,switch_account,,
i dont know how to change to the freemium account,account_access,ds2_bitext,ACCOUNT,switch_account,,
help using the business profile,account_access,ds2_bitext,ACCOUNT,switch_account,,
need assistance using the freemium account,account_access,ds2_bitext,ACCOUNT,switch_account,,
assistance using the standard profile,account_access,ds2_bitext,ACCOUNT,switch_account,,
how do I switch to the standard account?,account_access,ds2_bitext,ACCOUNT,switch_account,,
I want assistance to change to the business account,account_access,ds2_bitext,ACCOUNT,switch_account,,
could i sawitch to the pro account,account_access,ds2_bitext,ACCOUNT,switch_account,,
how to change to the business account,account_access,ds2_bitext,ACCOUNT,switch_account,,
I am trying to change to the business account,account_access,ds2_bitext,ACCOUNT,switch_account,,
I want assistnace to use the standard account,account_access,ds2_bitext,ACCOUNT,switch_account,,
where can i switch to the standard account,account_access,ds2_bitext,ACCOUNT,switch_account,,
how to use the business account?,account_access,ds2_bitext,ACCOUNT,switch_account,,
how could i switch to the business account,account_access,ds2_bitext,ACCOUNT,switch_account,,
what do I have to do to change to the business account?,account_access,ds2_bitext,ACCOUNT,switch_account,,
where could i switch to the bloody standard account,account_access,ds2_bitext,ACCOUNT,switch_account,,
help using the platinum profile,account_access,ds2_bitext,ACCOUNT,switch_account,,
I don't know what to do to change to the standard account,account_access,ds2_bitext,ACCOUNT,switch_account,,
can I change to the business account?,account_access,ds2_bitext,ACCOUNT,switch_account,,
need to change to the business account how can i do it,account_access,ds2_bitext,ACCOUNT,switch_account,,
"I want to use the standard profile, help me",account_access,ds2_bitext,ACCOUNT,switch_account,,
I don't know what I need to do to change to the gold account,account_access,ds2_bitext,ACCOUNT,switch_account,,
i weant help using the standard account,account_access,ds2_bitext,ACCOUNT,switch_account,,
I have to change to the business account,account_access,ds2_bitext,ACCOUNT,switch_account,,
I don't know how to change to the standard account,account_access,ds2_bitext,ACCOUNT,switch_account,,
i want assistance using tghe fucking standard account,account_access,ds2_bitext,ACCOUNT,switch_account,,
I don't know how to change to the standard account,account_access,ds2_bitext,ACCOUNT,switch_account,,
"I have got to use the gold account, can I get some help?",account_access,ds2_bitext,ACCOUNT,switch_account,,
want assistance using the standard profile,account_access,ds2_bitext,ACCOUNT,switch_account,,
can you help me using the platinum profile?,account_access,ds2_bitext,ACCOUNT,switch_account,,
help using the premium profile,account_access,ds2_bitext,ACCOUNT,switch_account,,
I have to change to the goddamn standard account,account_access,ds2_bitext,ACCOUNT,switch_account,,
is it possible to change to the standard account?,account_access,ds2_bitext,ACCOUNT,switch_account,,
how can I use the standard account?,account_access,ds2_bitext,ACCOUNT,switch_account,,
"I need to use the gold profile, how can I do it?",account_access,ds2_bitext,ACCOUNT,switch_account,,
I don't know what to do to change to the business account,account_access,ds2_bitext,ACCOUNT,switch_account,,
i dont know how i can change to the business account,account_access,ds2_bitext,ACCOUNT,switch_account,,
can I use the standard profile?,account_access,ds2_bitext,ACCOUNT,switch_account,,
help using the standard cacount,account_access,ds2_bitext,ACCOUNT,switch_account,,
i dont know how to change to the premium account,account_access,ds2_bitext,ACCOUNT,switch_account,,
I want assistance to use the premium account,account_access,ds2_bitext,ACCOUNT,switch_account,,
assistance changing to the premium account,account_access,ds2_bitext,ACCOUNT,switch_account,,
how to use the standard profile?,account_access,ds2_bitext,ACCOUNT,switch_account,,
change to the pro account,account_access,ds2_bitext,ACCOUNT,switch_account,,
how do I use the standard account?,account_access,ds2_bitext,ACCOUNT,switch_account,,
could you help me to change to the standard account?,account_access,ds2_bitext,ACCOUNT,switch_account,,
"I need to use the platinum profile, can you help me?",account_access,ds2_bitext,ACCOUNT,switch_account,,
can ya help me change to the business account,account_access,ds2_bitext,ACCOUNT,switch_account,,
need help touse the freemium account,account_access,ds2_bitext,ACCOUNT,switch_account,,
help me to use the pro profile,account_access,ds2_bitext,ACCOUNT,switch_account,,
could you help me changing to the business account?,account_access,ds2_bitext,ACCOUNT,switch_account,,
I don't know what to do to change to the gold account,account_access,ds2_bitext,ACCOUNT,switch_account,,
how do I use the business profile?,account_access,ds2_bitext,ACCOUNT,switch_account,,
how to switch to the business account?,account_access,ds2_bitext,ACCOUNT,switch_account,,
how do i use the premium account,account_access,ds2_bitext,ACCOUNT,switch_account,,
help using the standard profile,account_access,ds2_bitext,ACCOUNT,switch_account,,
"I want to use the standard profile, how can I do it?",account_access,ds2_bitext,ACCOUNT,switch_account,,
what do i need to do to change to hte business account,account_access,ds2_bitext,ACCOUNT,switch_account,,
I have got to chaneg to the standard account,account_access,ds2_bitext,ACCOUNT,switch_account,,
i need help to use the standard profile,account_access,ds2_bitext,ACCOUNT,switch_account,,
can you help me changing to the goddamn freemium account?,account_access,ds2_bitext,ACCOUNT,switch_account,,
i dont know what i have to do to switch to the business acfcount,account_access,ds2_bitext,ACCOUNT,switch_account,,
what do i have to do to switch to the standard account,account_access,ds2_bitext,ACCOUNT,switch_account,,
i have got to use the goddamn business profile how can i d it,account_access,ds2_bitext,ACCOUNT,switch_account,,
help me use the business profile,account_access,ds2_bitext,ACCOUNT,switch_account,,
can I use the standard profile?,account_access,ds2_bitext,ACCOUNT,switch_account,,
where to change to the freemium accout,account_access,ds2_bitext,ACCOUNT,switch_account,,
I want assistance switching to the standard account,account_access,ds2_bitext,ACCOUNT,switch_account,,
I am trying to change user,account_access,ds2_bitext,ACCOUNT,switch_account,,
I want assistance switching to the premium account,account_access,ds2_bitext,ACCOUNT,switch_account,,
can I change to the freemium account?,account_access,ds2_bitext,ACCOUNT,switch_account,,
help to switch to the premium account,account_access,ds2_bitext,ACCOUNT,switch_account,,
how can i hcange to the business account,account_access,ds2_bitext,ACCOUNT,switch_account,,
help to use the freemium account,account_access,ds2_bitext,ACCOUNT,switch_account,,
where to change to the standard account?,account_access,ds2_bitext,ACCOUNT,switch_account,,
I need to change to the goddamn standard account,account_access,ds2_bitext,ACCOUNT,switch_account,,
I need assistance changing to the standard account,account_access,ds2_bitext,ACCOUNT,switch_account,,
i have to use the freemium profile,account_access,ds2_bitext,ACCOUNT,switch_account,,
can ya help me using the fucking standard profile,account_access,ds2_bitext,ACCOUNT,switch_account,,
I do not know how I can change to the business account,account_access,ds2_bitext,ACCOUNT,switch_account,,
I don't know how I can change to the business account,account_access,ds2_bitext,ACCOUNT,switch_account,,
how could I use the standard profile?,account_access,ds2_bitext,ACCOUNT,switch_account,,
i dont know how to switch to the standard account,account_access,ds2_bitext,ACCOUNT,switch_account,,
help changing to the pro account,account_access,ds2_bitext,ACCOUNT,switch_account,,
I want assistance to use the standard profile,account_access,ds2_bitext,ACCOUNT,switch_account,,
assistance to switch to the pro account,account_access,ds2_bitext,ACCOUNT,switch_account,,
I don't know how I can switch to the business account,account_access,ds2_bitext,ACCOUNT,switch_account,,
I need assistance switching to the business account,account_access,ds2_bitext,ACCOUNT,switch_account,,
wanna use the gold profile how can i do it,account_access,ds2_bitext,ACCOUNT,switch_account,,
need help using the business account,account_access,ds2_bitext,ACCOUNT,switch_account,,
"I have got to change to the freemium account, help me",account_access,ds2_bitext,ACCOUNT,switch_account,,
how can i use the standard proile,account_access,ds2_bitext,ACCOUNT,switch_account,,
where can I change to the pro account?,account_access,ds2_bitext,ACCOUNT,switch_account,,
i want help changing to the gold account,account_access,ds2_bitext,ACCOUNT,switch_account,,
assistance using the platinum account,account_access,ds2_bitext,ACCOUNT,switch_account,,
how can I switch to the business account?,account_access,ds2_bitext,ACCOUNT,switch_account,,
how can I switch to the freemium account?,account_access,ds2_bitext,ACCOUNT,switch_account,,
i want assistance switchnig to the standard account,account_access,ds2_bitext,ACCOUNT,switch_account,,
can I use the business profile?,account_access,ds2_bitext,ACCOUNT,switch_account,,
I do not know how to change to the business account,account_access,ds2_bitext,ACCOUNT,switch_account,,
how do i use the business account,account_access,ds2_bitext,ACCOUNT,switch_account,,
assistance using the business profile,account_access,ds2_bitext,ACCOUNT,switch_account,,
help using the freemium account,account_access,ds2_bitext,ACCOUNT,switch_account,,
i dont know what i have to do to change to the business account,account_access,ds2_bitext,ACCOUNT,switch_account,,
how do i use the pro account,account_access,ds2_bitext,ACCOUNT,switch_account,,
where can I switch to the premium account?,account_access,ds2_bitext,ACCOUNT,switch_account,,
wanna use the platinum profile help me,account_access,ds2_bitext,ACCOUNT,switch_account,,
wanna use the business account i need help,account_access,ds2_bitext,ACCOUNT,switch_account,,
help me to use the standard profile,account_access,ds2_bitext,ACCOUNT,switch_account,,
where to switch to the business account,account_access,ds2_bitext,ACCOUNT,switch_account,,
want help to switch to the business account,account_access,ds2_bitext,ACCOUNT,switch_account,,
need help canging to the premium account,account_access,ds2_bitext,ACCOUNT,switch_account,,
what do i need to do to use the standard profile,account_access,ds2_bitext,ACCOUNT,switch_account,,
help to switch to the standard accounty,account_access,ds2_bitext,ACCOUNT,switch_account,,
can I change to the standard account?,account_access,ds2_bitext,ACCOUNT,switch_account,,
assistance using the pro profile,account_access,ds2_bitext,ACCOUNT,switch_account,,
I don't know how I can change to the pro account,account_access,ds2_bitext,ACCOUNT,switch_account,,
I am trying to change to the standard account,account_access,ds2_bitext,ACCOUNT,switch_account,,
can I change to the standard account?,account_access,ds2_bitext,ACCOUNT,switch_account,,
can you help me to switch to the freemium account?,account_access,ds2_bitext,ACCOUNT,switch_account,,
how to use the standard account?,account_access,ds2_bitext,ACCOUNT,switch_account,,
can I change to the business account?,account_access,ds2_bitext,ACCOUNT,switch_account,,
where to change to the goddamn business account?,account_access,ds2_bitext,ACCOUNT,switch_account,,
how to use the freemium account?,account_access,ds2_bitext,ACCOUNT,switch_account,,
what do I have to do to switch to the freemium account?,account_access,ds2_bitext,ACCOUNT,switch_account,,
how to change to the standard account?,account_access,ds2_bitext,ACCOUNT,switch_account,,
need help canging to the standard account,account_access,ds2_bitext,ACCOUNT,switch_account,,
need help touse the business account,account_access,ds2_bitext,ACCOUNT,switch_account,,
what do I have to do to switch to the pro account?,account_access,ds2_bitext,ACCOUNT,switch_account,,
need to chnange to the business account could i get some help,account_access,ds2_bitext,ACCOUNT,switch_account,,
how do I use the business account?,account_access,ds2_bitext,ACCOUNT,switch_account,,
"I have to use the business profile, can I get some help?",account_access,ds2_bitext,ACCOUNT,switch_account,,
I don't know what to do to switch to the standard account,account_access,ds2_bitext,ACCOUNT,switch_account,,
watn help to change to the premium account,account_access,ds2_bitext,ACCOUNT,switch_account,,
I do not know what I need to do to change to the business acount,account_access,ds2_bitext,ACCOUNT,switch_account,,
what do I have to do to change to the gold account?,account_access,ds2_bitext,ACCOUNT,switch_account,,
i need assistance to change to the pro account,account_access,ds2_bitext,ACCOUNT,switch_account,,
what do I need to do to switch to the platinum account?,account_access,ds2_bitext,ACCOUNT,switch_account,,
can you help me using the business profile?,account_access,ds2_bitext,ACCOUNT,switch_account,,
change to the standard account,account_access,ds2_bitext,ACCOUNT,switch_account,,
how do i use the pro profile,account_access,ds2_bitext,ACCOUNT,switch_account,,
I don't know what to do to switch to the standard account,account_access,ds2_bitext,ACCOUNT,switch_account,,
I want assistance switching to the standard account,account_access,ds2_bitext,ACCOUNT,switch_account,,
how do I use the business profile?,account_access,ds2_bitext,ACCOUNT,switch_account,,
what do i need to do to swigch to the standard account,account_access,ds2_bitext,ACCOUNT,switch_account,,
i want assistance changing tp the standard account,account_access,ds2_bitext,ACCOUNT,switch_account,,
i have to use the standard account,account_access,ds2_bitext,ACCOUNT,switch_account,,
I don't know what I need to do to change to the pro account,account_access,ds2_bitext,ACCOUNT,switch_account,,
how can i switch to the standard account,account_access,ds2_bitext,ACCOUNT,switch_account,,
I don't know what I have to do to change to the gold account,account_access,ds2_bitext,ACCOUNT,switch_account,,
want assistance to use the standard account,account_access,ds2_bitext,ACCOUNT,switch_account,,
i dont know what i have to do to switch to the business account,account_access,ds2_bitext,ACCOUNT,switch_account,,
how do i use the standard profile,account_access,ds2_bitext,ACCOUNT,switch_account,,
could I use the business profile?,account_access,ds2_bitext,ACCOUNT,switch_account,,
can ya help me using the fucking business profile,account_access,ds2_bitext,ACCOUNT,switch_account,,
can I change to the pro account?,account_access,ds2_bitext,ACCOUNT,switch_account,,
want assistance t switch to the standard account,account_access,ds2_bitext,ACCOUNT,switch_account,,
i have to change ot the business account how can i do it,account_access,ds2_bitext,ACCOUNT,switch_account,,
can ya help me to switch to the business account,account_access,ds2_bitext,ACCOUNT,switch_account,,
I don't know how I could change to the premium account,account_access,ds2_bitext,ACCOUNT,switch_account,,
I want assistance to switch to the standard account,account_access,ds2_bitext,ACCOUNT,switch_account,,
i need assistance to change to the premium account,account_access,ds2_bitext,ACCOUNT,switch_account,,
I do not know how to change to the standard account,account_access,ds2_bitext,ACCOUNT,switch_account,,
what do I need to do to change to the platinum account?,account_access,ds2_bitext,ACCOUNT,switch_account,,
change to the freemium account,account_access,ds2_bitext,ACCOUNT,switch_account,,
how do i use the standard account,account_access,ds2_bitext,ACCOUNT,switch_account,,
i want help using the business profile,account_access,ds2_bitext,ACCOUNT,switch_account,,
wanna use th gold account how can i do it,account_access,ds2_bitext,ACCOUNT,switch_account,,
i cant switch to the premium account,account_access,ds2_bitext,ACCOUNT,switch_account,,
"I want to use the standard profile, I need help",account_access,ds2_bitext,ACCOUNT,switch_account,,
change to the standard account,account_access,ds2_bitext,ACCOUNT,switch_account,,
I do not know how I can change to the standard account,account_access,ds2_bitext,ACCOUNT,switch_account,,
need help to change to the business account,account_access,ds2_bitext,ACCOUNT,switch_account,,
is it possible to change to the standard account?,account_access,ds2_bitext,ACCOUNT,switch_account,,
"I need to change to the standard account, how to do it?",account_access,ds2_bitext,ACCOUNT,switch_account,,
need to change to hte standard account could uhelp me,account_access,ds2_bitext,ACCOUNT,switch_account,,
where can i change to the gold account,account_access,ds2_bitext,ACCOUNT,switch_account,,
I don't know what to do to switch to the business account,account_access,ds2_bitext,ACCOUNT,switch_account,,
need help using the standard proffile,account_access,ds2_bitext,ACCOUNT,switch_account,,
i have to use the gold account help me,account_access,ds2_bitext,ACCOUNT,switch_account,,
I need assistance to change to the business account,account_access,ds2_bitext,ACCOUNT,switch_account,,
I don't know what to do to switch to the business account,account_access,ds2_bitext,ACCOUNT,switch_account,,
need help changing to the standard account,account_access,ds2_bitext,ACCOUNT,switch_account,,
assistance using the freemium profile,account_access,ds2_bitext,ACCOUNT,switch_account,,
I do not know how to change to the premium account,account_access,ds2_bitext,ACCOUNT,switch_account,,
change to the business account,account_access,ds2_bitext,ACCOUNT,switch_account,,
how can I use the standard account?,account_access,ds2_bitext,ACCOUNT,switch_account,,
"I have got to use the freemium profile, I need help",account_access,ds2_bitext,ACCOUNT,switch_account,,
I'd like to use the premium profile i need assistance,account_access,ds2_bitext,ACCOUNT,switch_account,,
wanna change to the business account can ya help me,account_access,ds2_bitext,ACCOUNT,switch_account,,
help me using the standard profile,account_access,ds2_bitext,ACCOUNT,switch_account,,
I want assistance to change to the business account,account_access,ds2_bitext,ACCOUNT,switch_account,,
how to change to the standard account?,account_access,ds2_bitext,ACCOUNT,switch_account,,
where can i switch to the pro account,account_access,ds2_bitext,ACCOUNT,switch_account,,
i dont know what i need to do to change to the gold account,account_access,ds2_bitext,ACCOUNT,switch_account,,
I need assistance to change to the business account,account_access,ds2_bitext,ACCOUNT,switch_account,,
I want help changing to the goddamn platinum account,account_access,ds2_bitext,ACCOUNT,switch_account,,
I do not know how I can change to the business account,account_access,ds2_bitext,ACCOUNT,switch_account,,
I don't know how I can switch to the gold account,account_access,ds2_bitext,ACCOUNT,switch_account,,
i want assistance to change to the standard account,account_access,ds2_bitext,ACCOUNT,switch_account,,
how can I use the standard profile?,account_access,ds2_bitext,ACCOUNT,switch_account,,
I don't know what I have to do to switch to the business account,account_access,ds2_bitext,ACCOUNT,switch_account,,
i want help to use the gold profile,account_access,ds2_bitext,ACCOUNT,switch_account,,
how could I use the pro profile?,account_access,ds2_bitext,ACCOUNT,switch_account,,
i do not know how i can switch to the standard account,account_access,ds2_bitext,ACCOUNT,switch_account,,
I want assistance changing to the goddamn standard account,account_access,ds2_bitext,ACCOUNT,switch_account,,
want help to use the business account,account_access,ds2_bitext,ACCOUNT,switch_account,,
I want assistance to change to the freemium account,account_access,ds2_bitext,ACCOUNT,switch_account,,
need to use the platinum profile,account_access,ds2_bitext,ACCOUNT,switch_account,,
i dont know what i need to do to change to the business account,account_access,ds2_bitext,ACCOUNT,switch_account,,
could you help me use the gold profile?,account_access,ds2_bitext,ACCOUNT,switch_account,,
I do not know how I can change to the platinum account,account_access,ds2_bitext,ACCOUNT,switch_account,,
i want assistrance to use the business account,account_access,ds2_bitext,ACCOUNT,switch_account,,
what do I have to do to use the gold profile?,account_access,ds2_bitext,ACCOUNT,switch_account,,
I don't know what to do to change to the freemium account,account_access,ds2_bitext,ACCOUNT,switch_account,,
I do not know what I need to do to change to the business acount,account_access,ds2_bitext,ACCOUNT,switch_account,,
i want help to use the fucking premium account,account_access,ds2_bitext,ACCOUNT,switch_account,,
help using the standard profile,account_access,ds2_bitext,ACCOUNT,switch_account,,
i do not know how to change to the standard account,account_access,ds2_bitext,ACCOUNT,switch_account,,
I don't know what to do to change to the business account,account_access,ds2_bitext,ACCOUNT,switch_account,,
wanna use the business profile help me,account_access,ds2_bitext,ACCOUNT,switch_account,,
help me to use the premium account,account_access,ds2_bitext,ACCOUNT,switch_account,,
can ya help me to change to the gold account,account_access,ds2_bitext,ACCOUNT,switch_account,,
what do i need to do to switch to the pro account,account_access,ds2_bitext,ACCOUNT,switch_account,,
what do I have to do to change to the business account?,account_access,ds2_bitext,ACCOUNT,switch_account,,
can I use the standard profile?,account_access,ds2_bitext,ACCOUNT,switch_account,,
where can I change to the standard account?,account_access,ds2_bitext,ACCOUNT,switch_account,,
I do not know what to do to switch to the business account,account_access,ds2_bitext,ACCOUNT,switch_account,,
wannma change to the business account i need help,account_access,ds2_bitext,ACCOUNT,switch_account,,
"I need to use the bloody business profile, can you help me?",account_access,ds2_bitext,ACCOUNT,switch_account,,
wanna use the business profile help me,account_access,ds2_bitext,ACCOUNT,switch_account,,
i do not know how to switch to the platinum account,account_access,ds2_bitext,ACCOUNT,switch_account,,
assistance changing to the freemium account,account_access,ds2_bitext,ACCOUNT,switch_account,,
assistance to change to the standard account,account_access,ds2_bitext,ACCOUNT,switch_account,,
can you help me to use the business profile?,account_access,ds2_bitext,ACCOUNT,switch_account,,
assistance to use the standard profile,account_access,ds2_bitext,ACCOUNT,switch_account,,
can you help me to change to the goddamn pro account?,account_access,ds2_bitext,ACCOUNT,switch_account,,
I need assistance using the standard profile,account_access,ds2_bitext,ACCOUNT,switch_account,,
help me change to the standard account,account_access,ds2_bitext,ACCOUNT,switch_account,,
i need assistance changing to the business account,account_access,ds2_bitext,ACCOUNT,switch_account,,
where to switch to the business account,account_access,ds2_bitext,ACCOUNT,switch_account,,
how to switch to the pro account,account_access,ds2_bitext,ACCOUNT,switch_account,,
I try to swithc to the standard account,account_access,ds2_bitext,ACCOUNT,switch_account,,
i need assistance changing to the business account,account_access,ds2_bitext,ACCOUNT,switch_account,,
I need to changeto the platinum account,account_access,ds2_bitext,ACCOUNT,switch_account,,
i do not know how i can switch to the standard account,account_access,ds2_bitext,ACCOUNT,switch_account,,
"I want to use the pro profile, can I get some help?",account_access,ds2_bitext,ACCOUNT,switch_account,,
i do not know what to do to change to the standard account,account_access,ds2_bitext,ACCOUNT,switch_account,,
I want assistance to switch to the standard account,account_access,ds2_bitext,ACCOUNT,switch_account,,
need to sue the standard account,account_access,ds2_bitext,ACCOUNT,switch_account,,
need help using the gold aaccount,account_access,ds2_bitext,ACCOUNT,switch_account,,
assistance using the gold profile,account_access,ds2_bitext,ACCOUNT,switch_account,,
need to switch to the fucking business account help me,account_access,ds2_bitext,ACCOUNT,switch_account,,
what do i need to do to switch to the premium account,account_access,ds2_bitext,ACCOUNT,switch_account,,
what do I ned to do to change to the standard account?,account_access,ds2_bitext,ACCOUNT,switch_account,,
"I have got to use the business profile, I need help",account_access,ds2_bitext,ACCOUNT,switch_account,,
I don't know how I can change to the premium account,account_access,ds2_bitext,ACCOUNT,switch_account,,
help to use the premium profile,account_access,ds2_bitext,ACCOUNT,switch_account,,
i cannot switch to the standard account,account_access,ds2_bitext,ACCOUNT,switch_account,,
assistance using the bloody platinum profile,account_access,ds2_bitext,ACCOUNT,switch_account,,
how to use the standard profile,account_access,ds2_bitext,ACCOUNT,switch_account,,
i have to use the business profile how do ik do it,account_access,ds2_bitext,ACCOUNT,switch_account,,
"I have to use the premium profile, how to do it?",account_access,ds2_bitext,ACCOUNT,switch_account,,
i try to switch to the standard account,account_access,ds2_bitext,ACCOUNT,switch_account,,
what do I have to do to change to the standard account?,account_access,ds2_bitext,ACCOUNT,switch_account,,
can you help me switching to the standard account?,account_access,ds2_bitext,ACCOUNT,switch_account,,
I do not know what to do to switch to the standard account,account_access,ds2_bitext,ACCOUNT,switch_account,,
wanna use theFreemium account i need help,account_access,ds2_bitext,ACCOUNT,switch_account,,
i need help to use the standard progile,account_access,ds2_bitext,ACCOUNT,switch_account,,
i have got to switch to the standard account help me,account_access,ds2_bitext,ACCOUNT,switch_account,,
I'm trying to switch to the premium account,account_access,ds2_bitext,ACCOUNT,switch_account,,
need assistance to use the standard account,account_access,ds2_bitext,ACCOUNT,switch_account,,
"I want to change to the freemium account, could you help me?",account_access,ds2_bitext,ACCOUNT,switch_account,,
I need help to switcdh to the freemium account,account_access,ds2_bitext,ACCOUNT,switch_account,,
help me use the gold profile,account_access,ds2_bitext,ACCOUNT,switch_account,,
i dont know what to do to change to the freemium account,account_access,ds2_bitext,ACCOUNT,switch_account,,
can i use the business account,account_access,ds2_bitext,ACCOUNT,switch_account,,
I try to switch to the premium account,account_access,ds2_bitext,ACCOUNT,switch_account,,
help changing to the standard account,account_access,ds2_bitext,ACCOUNT,switch_account,,
i need help to use the platinum progile,account_access,ds2_bitext,ACCOUNT,switch_account,,
I want to use the business profile,account_access,ds2_bitext,ACCOUNT,switch_account,,
help changing to the business account,account_access,ds2_bitext,ACCOUNT,switch_account,,
how to use the business profile?,account_access,ds2_bitext,ACCOUNT,switch_account,,
I need to change to the gold account,account_access,ds2_bitext,ACCOUNT,switch_account,,
can I use the business profile?,account_access,ds2_bitext,ACCOUNT,switch_account,,
what do i have to do to change to the standard account,account_access,ds2_bitext,ACCOUNT,switch_account,,
help me usew the freemium account,account_access,ds2_bitext,ACCOUNT,switch_account,,
I want to use the standard profile,account_access,ds2_bitext,ACCOUNT,switch_account,,
can I change to the business account?,account_access,ds2_bitext,ACCOUNT,switch_account,,
what do I need to do to switch to the standard account?,account_access,ds2_bitext,ACCOUNT,switch_account,,
how to use tye business account?,account_access,ds2_bitext,ACCOUNT,switch_account,,
need to use the business profile,account_access,ds2_bitext,ACCOUNT,switch_account,,
help me to use the freemium profile,account_access,ds2_bitext,ACCOUNT,switch_account,,
i want assistance changing to the standard account,account_access,ds2_bitext,ACCOUNT,switch_account,,
i need assistance using the platinum account,account_access,ds2_bitext,ACCOUNT,switch_account,,
I need assistance changing to the standard account,account_access,ds2_bitext,ACCOUNT,switch_account,,
I do not know what I have to do to change to the business account,account_access,ds2_bitext,ACCOUNT,switch_account,,
i dont know what i need to do to change to the business account,account_access,ds2_bitext,ACCOUNT,switch_account,,
what do i need to do to change to the standard account,account_access,ds2_bitext,ACCOUNT,switch_account,,
i have to use the premium account how todo it,account_access,ds2_bitext,ACCOUNT,switch_account,,
help using the standard account,account_access,ds2_bitext,ACCOUNT,switch_account,,
I do not know how I can switch to tbe standard account,account_access,ds2_bitext,ACCOUNT,switch_account,,
assistance changing to the standard account,account_access,ds2_bitext,ACCOUNT,switch_account,,
I do not know how I can change to the standard account,account_access,ds2_bitext,ACCOUNT,switch_account,,
is it possible to change to the business account?,account_access,ds2_bitext,ACCOUNT,switch_account,,
how to change to the standard account,account_access,ds2_bitext,ACCOUNT,switch_account,,
"I have got to switch to the standard account , help me",account_access,ds2_bitext,ACCOUNT,switch_account,,
I want assistance using the business profile,account_access,ds2_bitext,ACCOUNT,switch_account,,
I don't know how I can change to the platinum account,account_access,ds2_bitext,ACCOUNT,switch_account,,
how do I use the platinum profile?,account_access,ds2_bitext,ACCOUNT,switch_account,,
help me to use the standard profile,account_access,ds2_bitext,ACCOUNT,switch_account,,
i have got to switch to the business account,account_access,ds2_bitext,ACCOUNT,switch_account,,
how do i use the business account,account_access,ds2_bitext,ACCOUNT,switch_account,,
how do I use the standard profile?,account_access,ds2_bitext,ACCOUNT,switch_account,,
can uhelp me use the standard profile,account_access,ds2_bitext,ACCOUNT,switch_account,,
I want help changing to the standard account,account_access,ds2_bitext,ACCOUNT,switch_account,,
I need assistance to change to the gold account,account_access,ds2_bitext,ACCOUNT,switch_account,,
how to change to the business account?,account_access,ds2_bitext,ACCOUNT,switch_account,,
what do I have to do to change to the standard account?,account_access,ds2_bitext,ACCOUNT,switch_account,,
can I use the standard profile?,account_access,ds2_bitext,ACCOUNT,switch_account,,
I want help to use the standard account,account_access,ds2_bitext,ACCOUNT,switch_account,,
I don't know what to do to change to the standard account,account_access,ds2_bitext,ACCOUNT,switch_account,,
assistance using the business profile,account_access,ds2_bitext,ACCOUNT,switch_account,,
I need assistance to use the platinum profile,account_access,ds2_bitext,ACCOUNT,switch_account,,
i dont knowq what i need to do to switch to the business account,account_access,ds2_bitext,ACCOUNT,switch_account,,
change to the standard account,account_access,ds2_bitext,ACCOUNT,switch_account,,
need to switch to the business account,account_access,ds2_bitext,ACCOUNT,switch_account,,
how do I switch to the standard account?,account_access,ds2_bitext,ACCOUNT,switch_account,,
"I want to use the business profile, how to do it?",account_access,ds2_bitext,ACCOUNT,switch_account,,
help me use the platinum profile,account_access,ds2_bitext,ACCOUNT,switch_account,,
I need assistance to change to the standard account,account_access,ds2_bitext,ACCOUNT,switch_account,,
can I use the platinum profile?,account_access,ds2_bitext,ACCOUNT,switch_account,,
can you help me to use the pro profile?,account_access,ds2_bitext,ACCOUNT,switch_account,,
I don't know what to do to change to the platinum account,account_access,ds2_bitext,ACCOUNT,switch_account,,
can uhlep me use the business account,account_access,ds2_bitext,ACCOUNT,switch_account,,
want assistance switching to the business account,account_access,ds2_bitext,ACCOUNT,switch_account,,
I would like to change to the goddamn business account,account_access,ds2_bitext,ACCOUNT,switch_account,,
i cant change to the standard account,account_access,ds2_bitext,ACCOUNT,switch_account,,
i dont khow what i need to do to change to the gold account,account_access,ds2_bitext,ACCOUNT,switch_account,,
i want help ti use the freemium account,account_access,ds2_bitext,ACCOUNT,switch_account,,
I'd like to use the business account,account_access,ds2_bitext,ACCOUNT,switch_account,,
I need hepp using the standard account,account_access,ds2_bitext,ACCOUNT,switch_account,,
how to use the platinum profile?,account_access,ds2_bitext,ACCOUNT,switch_account,,
I want assistance to chjange to the gold account,account_access,ds2_bitext,ACCOUNT,switch_account,,
I want to change to the standard account,account_access,ds2_bitext,ACCOUNT,switch_account,,
need assistance using the business profile,account_access,ds2_bitext,ACCOUNT,switch_account,,
what do i need to do to use the business account,account_access,ds2_bitext,ACCOUNT,switch_account,,
I want help using the bloody freemium profile,account_access,ds2_bitext,ACCOUNT,switch_account,,
need to switch to the business account,account_access,ds2_bitext,ACCOUNT,switch_account,,
I cannot switch to the standard account,account_access,ds2_bitext,ACCOUNT,switch_account,,
want assistance to switch to the premium account,account_access,ds2_bitext,ACCOUNT,switch_account,,
need assistance changing to the standard account,account_access,ds2_bitext,ACCOUNT,switch_account,,
need to switch to the pro account help me,account_access,ds2_bitext,ACCOUNT,switch_account,,
how to use the pro profile?,account_access,ds2_bitext,ACCOUNT,switch_account,,
"I have got to change to the business account, how to do it?",account_access,ds2_bitext,ACCOUNT,switch_account,,
I have to use the pro account,account_access,ds2_bitext,ACCOUNT,switch_account,,
need assistance to change to the gold account,account_access,ds2_bitext,ACCOUNT,switch_account,,
i dont khow what i need to do to change to the business account,account_access,ds2_bitext,ACCOUNT,switch_account,,
help me to use the business profile,account_access,ds2_bitext,ACCOUNT,switch_account,,
help me to switch to the standard account,account_access,ds2_bitext,ACCOUNT,switch_account,,
help using the gold account,account_access,ds2_bitext,ACCOUNT,switch_account,,
help using the standard account,account_access,ds2_bitext,ACCOUNT,switch_account,,
can uhelp me changing to the standard account,account_access,ds2_bitext,ACCOUNT,switch_account,,
how do i change to the gold acconut,account_access,ds2_bitext,ACCOUNT,switch_account,,
how do I use the gold profile?,account_access,ds2_bitext,ACCOUNT,switch_account,,
can you help me using the standard profile?,account_access,ds2_bitext,ACCOUNT,switch_account,,
icannot switch to the bloody standard account,account_access,ds2_bitext,ACCOUNT,switch_account,,
I don't know what I need to do to change to the business account,account_access,ds2_bitext,ACCOUNT,switch_account,,
how do I use the pro profile?,account_access,ds2_bitext,ACCOUNT,switch_account,,
can you help me using the freemium account?,account_access,ds2_bitext,ACCOUNT,switch_account,,
where can i switch to the standard account,account_access,ds2_bitext,ACCOUNT,switch_account,,
how to use the business profile,account_access,ds2_bitext,ACCOUNT,switch_account,,
I don't know how I can change to the standard account,account_access,ds2_bitext,ACCOUNT,switch_account,,
I do not know what to do to change to the standard account,account_access,ds2_bitext,ACCOUNT,switch_account,,
what do I have to do to change to the standard account?,account_access,ds2_bitext,ACCOUNT,switch_account,,
"I have to use the freemium profile, I need help",account_access,ds2_bitext,ACCOUNT,switch_account,,
where do i switch to the gold account,account_access,ds2_bitext,ACCOUNT,switch_account,,
I do not know what I need to do to change to the pro account,account_access,ds2_bitext,ACCOUNT,switch_account,,
can uhelp me use the standard profile,account_access,ds2_bitext,ACCOUNT,switch_account,,
where can I change to the business account?,account_access,ds2_bitext,ACCOUNT,switch_account,,
how do I change to the standard account?,account_access,ds2_bitext,ACCOUNT,switch_account,,
i dont know what i need to do to change to the business account,account_access,ds2_bitext,ACCOUNT,switch_account,,
what do I need to do to change to the pro account?,account_access,ds2_bitext,ACCOUNT,switch_account,,
I want help changing to the premium account,account_access,ds2_bitext,ACCOUNT,switch_account,,
I want help switching to the platinum account,account_access,ds2_bitext,ACCOUNT,switch_account,,
I want assistance using the gold account,account_access,ds2_bitext,ACCOUNT,switch_account,,
i need help to switch to the standard account,account_access,ds2_bitext,ACCOUNT,switch_account,,
I have to switch to the standard account,account_access,ds2_bitext,ACCOUNT,switch_account,,
help me using the pro profile,account_access,ds2_bitext,ACCOUNT,switch_account,,
i do not know what to do to switch to the business account,account_access,ds2_bitext,ACCOUNT,switch_account,,
help me to change to the goddamn standard account,account_access,ds2_bitext,ACCOUNT,switch_account,,
I want help changing to the standard account,account_access,ds2_bitext,ACCOUNT,switch_account,,
how do I use the standard profile?,account_access,ds2_bitext,ACCOUNT,switch_account,,
I do not know what I need to do to change to the pro acount,account_access,ds2_bitext,ACCOUNT,switch_account,,
help changing to the platinum account,account_access,ds2_bitext,ACCOUNT,switch_account,,
how could I change to the goddamn standard account?,account_access,ds2_bitext,ACCOUNT,switch_account,,
can I change to the standard account?,account_access,ds2_bitext,ACCOUNT,switch_account,,
"I have got to use the standard profile, how to do it?",account_access,ds2_bitext,ACCOUNT,switch_account,,
could I use the standard profile?,account_access,ds2_bitext,ACCOUNT,switch_account,,
can I use the business profile?,account_access,ds2_bitext,ACCOUNT,switch_account,,
could ya help me to use the standard account,account_access,ds2_bitext,ACCOUNT,switch_account,,
can I use the pro profile?,account_access,ds2_bitext,ACCOUNT,switch_account,,
i dont know what i have to do to change to the business account,account_access,ds2_bitext,ACCOUNT,switch_account,,
want assitsance using the platinum account,account_access,ds2_bitext,ACCOUNT,switch_account,,
